# Resource object code (Python 3)
# Created by: object code
# Created by: The Resource Compiler for Qt version 6.11.1
# WARNING! All changes made in this file will be lost!

from PySide6 import QtCore

qt_resource_data = b"\
\x00\x00\xee(\
\x89\
PNG\x0d\x0a\x1a\x0a\x00\x00\x00\x0dIHDR\x00\
\x00\x03\x1e\x00\x00\x00\xfe\x08\x06\x00\x00\x00\xb4\x96\xd3!\
\x00\x00\x00\x04gAMA\x00\x00\xb1\x8f\x0b\xfca\x05\
\x00\x00\x0aIiCCPsRGB IEC\
61966-2.1\x00\x00H\x89\x9dSw\
X\x93\xf7\x16>\xdf\xf7e\x0fVB\xd8\xf0\xb1\x97l\
\x81\x00\x22#\xac\x08\xc8\x10Y\xa2\x10\x92\x00a\x84\x10\
\x12@\xc5\x85\x88\x0aV\x14\x15\x11\x9cHU\xc4\x82\xd5\
\x0aH\x9d\x88\xe2\xa0(\xb8gA\x8a\x88Z\x8bU\x5c\
8\xee\x1f\xdc\xa7\xb5}z\xef\xed\xed\xfb\xd7\xfb\xbc\xe7\
\x9c\xe7\xfc\xcey\xcf\x0f\x80\x11\x12&\x91\xe6\xa2j\x00\
9R\x85<:\xd8\x1f\x8fOH\xc4\xc9\xbd\x80\x02\x15\
H\xe0\x04 \x10\xe6\xcb\xc2g\x05\xc5\x00\x00\xf0\x03y\
x~t\xb0?\xfc\x01\xafo\x00\x02\x00p\xd5.$\
\x12\xc7\xe1\xff\x83\xbaP&W\x00 \x91\x00\xe0\x22\x12\
\xe7\x0b\x01\x90R\x00\xc8.T\xc8\x14\x00\xc8\x18\x00\xb0\
S\xb3d\x0a\x00\x94\x00\x00ly|B\x22\x00\xaa\x0d\
\x00\xec\xf4I>\x05\x00\xd8\xa9\x93\xdc\x17\x00\xd8\xa2\x1c\
\xa9\x08\x00\x8d\x01\x00\x99(G$\x02@\xbb\x00`U\
\x81R,\x02\xc0\xc2\x00\xa0\xac@\x22.\x04\xc0\xae\x01\
\x80Y\xb62G\x02\x80\xbd\x05\x00v\x8eX\x90\x0f@\
`\x00\x80\x99B,\xcc\x00 8\x02\x00C\x1e\x13\xcd\
\x03 L\x03\xa00\xd2\xbf\xe0\xa9_p\x85\xb8H\x01\
\x00\xc0\xcb\x95\xcd\x97K\xd23\x14\xb8\x95\xd0\x1aw\xf2\
\xf0\xe0\xe2!\xe2\xc2l\xb1Ba\x17)\x10f\x09\xe4\
\x22\x9c\x97\x9b#\x13H\xe7\x03L\xce\x0c\x00\x00\x1a\xf9\
\xd1\xc1\xfe8?\x90\xe7\xe6\xe4\xe1\xe6f\xe7l\xef\xf4\
\xc5\xa2\xfek\xf0o\x22>!\xf1\xdf\xfe\xbc\x8c\x02\x04\
\x00\x10N\xcf\xef\xda_\xe5\xe5\xd6\x03p\xc7\x01\xb0u\
\xbfk\xa9[\x00\xdaV\x00h\xdf\xf9]3\xdb\x09\xa0\
Z\x0a\xd0z\xf9\x8by8\xfc@\x1e\x9e\xa1P\xc8<\
\x1d\x1c\x0a\x0b\x0b\xed%b\xa1\xbd0\xe3\x8b>\xff3\
\xe1o\xe0\x8b~\xf6\xfc@\x1e\xfe\xdbz\xf0\x00q\x9a\
@\x99\xad\xc0\xa3\x83\xfdqanv\xaeR\x8e\xe7\xcb\
\x04B1n\xf7\xe7#\xfe\xc7\x85\x7f\xfd\x8e)\xd1\xe2\
4\xb1\x5c,\x15\x8a\xf1X\x89\xb8P\x22M\xc7y\xb9\
R\x91D!\xc9\x95\xe2\x12\xe9\x7f2\xf1\x1f\x96\xfd\x09\
\x93w\x0d\x00\xac\x86O\xc0N\xb6\x07\xb5\xcbl\xc0~\
\xee\x01\x02\x8b\x0eX\xd2v\x00@~\xf3-\x8c\x1a\x0b\
\x91\x00\x10g42y\xf7\x00\x00\x93\xbf\xf9\x8f@+\
\x01\x00\xcd\x97\xa4\xe3\x00\x00\xbc\xe8\x18\x5c\xa8\x94\x17L\
\xc6\x08\x00\x00D\xa0\x81*\xb0A\x07\x0c\xc1\x14\xac\xc0\
\x0e\x9c\xc1\x1d\xbc\xc0\x17\x02a\x06D@\x0c$\xc0<\
\x10B\x06\xe4\x80\x1c\x0a\xa1\x18\x96A\x19T\xc0:\xd8\
\x04\xb5\xb0\x03\x1a\xa0\x11\x9a\xe1\x10\xb4\xc118\x0d\xe7\
\xe0\x12\x5c\x81\xebp\x17\x06`\x18\x9e\xc2\x18\xbc\x86\x09\
\x04A\xc8\x08\x13a!:\x88\x11b\x8e\xd8\x22\xce\x08\
\x17\x99\x8e\x04\x22aH4\x92\x80\xa4 \xe9\x88\x14Q\
\x22\xc5\xc8r\xa4\x02\xa9Bj\x91]H#\xf2-r\
\x149\x8d\x5c@\xfa\x90\xdb\xc8 2\x8a\xfc\x8a\xbcG\
1\x94\x81\xb2Q\x03\xd4\x02u@\xb9\xa8\x1f\x1a\x8a\xc6\
\xa0s\xd1t4\x0f]\x80\x96\xa2k\xd1\x1a\xb4\x1e=\
\x80\xb6\xa2\xa7\xd1K\xe8ut\x00}\x8a\x8ec\x80\xd1\
1\x0ef\x8c\xd9a\x5c\x8c\x87E`\x89X\x1a&\xc7\
\x16c\xe5X5V\x8f5c\x1dX7v\x15\x1b\xc0\
\x9ea\xef\x08$\x02\x8b\x80\x13\xec\x08^\x84\x10\xc2l\
\x82\x90\x90GXLXC\xa8%\xec#\xb4\x12\xba\x08\
W\x09\x83\x841\xc2'\x22\x93\xa8O\xb4%z\x12\xf9\
\xc4xb:\xb1\x90XF\xac&\xee!\x1e!\x9e%\
^'\x0e\x13_\x93H$\x0e\xc9\x92\xe4N\x0a!%\
\x902I\x0bIkH\xdbH-\xa4S\xa4>\xd2\x10\
i\x9cL&\xeb\x90m\xc9\xde\xe4\x08\xb2\x80\xac \x97\
\x91\xb7\x90\x0f\x90O\x92\xfb\xc9\xc3\xe4\xb7\x14:\xc5\x88\
\xe2L\x09\xa2$R\xa4\x94\x12J5e?\xe5\x04\xa5\
\x9f2B\x99\xa0\xaaQ\xcd\xa9\x9e\xd4\x08\xaa\x88:\x9f\
ZIm\xa0vP/S\x87\xa9\x134u\x9a%\xcd\
\x9b\x16C\xcb\xa4-\xa3\xd5\xd0\x9aigi\xf7h/\
\xe9t\xba\x09\xdd\x83\x1eE\x97\xd0\x97\xd2k\xe8\x07\xe9\
\xe7\xe9\x83\xf4w\x0c\x0d\x86\x0d\x83\xc7Hb(\x19k\
\x19{\x19\xa7\x18\xb7\x19/\x99L\xa6\x05\xd3\x97\x99\xc8\
T0\xd72\x1b\x99g\x98\x0f\x98oUX*\xf6*\
|\x15\x91\xca\x12\x95:\x95V\x95~\x95\xe7\xaaTU\
sU?\xd5y\xaa\x0bT\xabU\x0f\xab^V}\xa6\
FU\xb3P\xe3\xa9\x09\xd4\x16\xab\xd5\xa9\x1dU\xbb\xa9\
6\xae\xceRwR\x8fP\xcfQ_\xa3\xbe_\xfd\x82\
\xfac\x0d\xb2\x86\x85F\xa0\x86H\xa3Tc\xb7\xc6\x19\
\x8d!\x16\xc62e\xf1XB\xd6rV\x03\xeb,k\
\x98Mb[\xb2\xf9\xecLv\x05\xfb\x1bv/{L\
SCs\xaaf\xacf\x91f\x9d\xe6q\xcd\x01\x0e\xc6\
\xb1\xe0\xf09\xd9\x9cJ\xce!\xce\x0d\xce{-\x03-\
?-\xb1\xd6j\xadf\xad~\xad7\xdaz\xda\xbe\xda\
b\xedr\xed\x16\xed\xeb\xda\xefup\x9d@\x9d,\x9d\
\xf5:m:\xf7u\x09\xba6\xbaQ\xba\x85\xba\xdbu\
\xcf\xea>\xd3c\xeby\xe9\x09\xf5\xca\xf5\x0e\xe9\xdd\xd1\
G\xf5m\xf4\xa3\xf5\x17\xea\xef\xd6\xef\xd1\x1f704\
\x086\x90\x19l18c\xf0\xcc\x90c\xe8k\x98i\
\xb8\xd1\xf0\x84\xe1\xa8\x11\xcbh\xba\x91\xc4h\xa3\xd1I\
\xa3'\xb8&\xee\x87g\xe35x\x17>f\xaco\x1c\
b\xac4\xdee\xdck<abi2\xdb\xa4\xc4\xa4\
\xc5\xe4\xbe)\xcd\x94k\x9af\xba\xd1\xb4\xd3t\xcc\xcc\
\xc8,\xdc\xac\xd8\xac\xc9\xec\x8e9\xd5\x9ck\x9ea\xbe\
\xd9\xbc\xdb\xfc\x8d\x85\xa5E\x9c\xc5J\x8b6\x8b\xc7\x96\
\xda\x96|\xcb\x05\x96M\x96\xf7\xac\x98V>VyV\
\xf5V\xd7\xacI\xd6\x5c\xeb,\xebm\xd6WlP\x1b\
W\x9b\x0c\x9b:\x9b\xcb\xb6\xa8\xad\x9b\xad\xc4v\x9bm\
\xdf\x14\xe2\x14\x8f)\xd2)\xf5Sn\xda1\xec\xfc\xec\
\x0a\xec\x9a\xec\x06\xed9\xf6a\xf6%\xf6m\xf6\xcf\x1d\
\xcc\x1c\x12\x1d\xd6;t;|rtu\xccvlp\
\xbc\xeb\xa4\xe14\xc3\xa9\xc4\xa9\xc3\xe9Wg\x1bg\xa1\
s\x9d\xf35\x17\xa6K\x90\xcb\x12\x97v\x97\x17Sm\
\xa7\x8a\xa7n\x9fz\xcb\x95\xe5\x1a\xee\xba\xd2\xb5\xd3\xf5\
\xa3\x9b\xbb\x9b\xdc\xad\xd9m\xd4\xdd\xcc=\xc5}\xab\xfb\
M.\x9b\x1b\xc9]\xc3=\xefA\xf4\xf0\xf7X\xe2q\
\xcc\xe3\x9d\xa7\x9b\xa7\xc2\xf3\x90\xe7/^v^Y^\
\xfb\xbd\x1eO\xb3\x9c&\x9e\xd60m\xc8\xdb\xc4[\xe0\
\xbd\xcb{`:>=e\xfa\xce\xe9\x03>\xc6>\x02\
\x9fz\x9f\x87\xbe\xa6\xbe\x22\xdf=\xbe#~\xd6~\x99\
~\x07\xfc\x9e\xfb;\xfa\xcb\xfd\x8f\xf8\xbf\xe1y\xf2\x16\
\xf1N\x05`\x01\xc1\x01\xe5\x01\xbd\x81\x1a\x81\xb3\x03k\
\x03\x1f\x04\x99\x04\xa5\x075\x05\x8d\x05\xbb\x06/\x0c>\
\x15B\x0c\x09\x0dY\x1fr\x93o\xc0\x17\xf2\x1b\xf9c\
3\xdcg,\x9a\xd1\x15\xca\x08\x9d\x15Z\x1b\xfa0\xcc\
&L\x1e\xd6\x11\x8e\x86\xcf\x08\xdf\x10~o\xa6\xf9L\
\xe9\xcc\xb6\x08\x88\xe0Gl\x88\xb8\x1fi\x19\x99\x17\xf9\
}\x14)*2\xaa.\xeaQ\xb4Stqt\xf7,\
\xd6\xac\xe4Y\xfbg\xbd\x8e\xf1\x8f\xa9\x8c\xb9;\xdbj\
\xb6rvg\xacjlRlc\xec\x9b\xb8\x80\xb8\xaa\
\xb8\x81x\x87\xf8E\xf1\x97\x12t\x13$\x09\xed\x89\xe4\
\xc4\xd8\xc4=\x89\xe3s\x02\xe7l\x9a3\x9c\xe4\x9aT\
\x96tc\xae\xe5\xdc\xa2\xb9\x17\xe6\xe9\xce\xcb\x9ew<\
Y5Y\x90|8\x85\x98\x12\x97\xb2?\xe5\x83 B\
P/\x18O\xe5\xa7nM\x1d\x13\xf2\x84\x9b\x85OE\
\xbe\xa2\x8d\xa2Q\xb1\xb7\xb8J<\x92\xe6\x9dV\x95\xf6\
8\xdd;}C\xfah\x86OFu\xc63\x09OR\
+y\x91\x19\x92\xb9#\xf3MVD\xd6\xde\xac\xcf\xd9\
q\xd9-9\x94\x9c\x94\x9c\xa3R\x0di\x96\xb4+\xd7\
0\xb7(\xb7Of++\x93\x0d\xe4y\xe6m\xca\x1b\
\x93\x87\xca\xf7\xe4#\xf9s\xf3\xdb\x15l\x85L\xd1\xa3\
\xb4R\xaeP\x0e\x16L/\xa8+x[\x18[x\xb8\
H\xbdHZ\xd43\xdff\xfe\xea\xf9#\x0b\x82\x16|\
\xbd\x90\xb0P\xb8\xb0\xb3\xd8\xb8xY\xf1\xe0\x22\xbfE\
\xbb\x16#\x8bS\x17w.1]R\xbadxi\xf0\
\xd2}\xcbh\xcb\xb2\x96\xfdP\xe2XRU\xf2jy\
\xdc\xf2\x8eR\x83\xd2\xa5\xa5C+\x82W4\x95\xa9\x94\
\xc9\xcbn\xae\xf4Z\xb9c\x15a\x95dU\xefj\x97\
\xd5[V\x7f*\x17\x95_\xacp\xac\xa8\xae\xf8\xb0F\
\xb8\xe6\xe2WN_\xd5|\xf5ym\xda\xda\xdeJ\xb7\
\xca\xed\xebH\xeb\xa4\xebn\xac\xf7Y\xbf\xafJ\xbdj\
A\xd5\xd0\x86\xf0\x0d\xad\x1b\xf1\x8d\xe5\x1b_mJ\xde\
t\xa1zj\xf5\x8e\xcd\xb4\xcd\xca\xcd\x035a5\xed\
[\xcc\xb6\xac\xdb\xf2\xa16\xa3\xf6z\x9d\x7f]\xcbV\
\xfd\xad\xab\xb7\xbe\xd9&\xda\xd6\xbf\xddw{\xf3\x0e\x83\
\x1d\x15;\xde\xef\x94\xec\xbc\xb5+xWk\xbdE}\
\xf5n\xd2\xee\x82\xdd\x8f\x1ab\x1b\xba\xbf\xe6~\xdd\xb8\
GwO\xc5\x9e\x8f{\xa5{\x07\xf6E\xef\xebjt\
ol\xdc\xaf\xbf\xbf\xb2\x09mR6\x8d\x1eH:p\
\xe5\x9b\x80o\xda\x9b\xed\x9aw\xb5pZ*\x0e\xc2A\
\xe5\xc1'\xdf\xa6|{\xe3P\xe8\xa1\xce\xc3\xdc\xc3\xcd\
\xdf\x99\x7f\xb7\xf5\x08\xebHy+\xd2:\xbfu\xac-\
\xa3m\xa0=\xa1\xbd\xef\xe8\x8c\xa3\x9d\x1d^\x1dG\xbe\
\xb7\xff~\xef1\xe3cu\xc75\x8fW\x9e\xa0\x9d(\
=\xf1\xf9\xe4\x82\x93\xe3\xa7d\xa7\x9e\x9dN?=\xd4\
\x99\xdcy\xf7L\xfc\x99k]Q]\xbdgC\xcf\x9e\
?\x17t\xeeL\xb7_\xf7\xc9\xf3\xde\xe7\x8f]\xf0\xbc\
p\xf4\x22\xf7b\xdb%\xb7K\xad=\xae=G~p\
\xfd\xe1H\xaf[o\xebe\xf7\xcb\xedW<\xaet\xf4\
M\xeb;\xd1\xef\xd3\x7f\xfaj\xc0\xd5s\xd7\xf8\xd7.\
]\x9fy\xbd\xef\xc6\xec\x1b\xb7n&\xdd\x1c\xb8%\xba\
\xf5\xf8v\xf6\xed\x17w\x0a\xeeL\xdc]z\x8fx\xaf\
\xfc\xbe\xda\xfd\xea\x07\xfa\x0f\xea\x7f\xb4\xfe\xb1e\xc0m\
\xe0\xf8`\xc0`\xcf\xc3Y\x0f\xef\x0e\x09\x87\x9e\xfe\x94\
\xff\xd3\x87\xe1\xd2G\xccG\xd5#F#\x8d\x8f\x9d\x1f\
\x1f\x1b\x0d\x1a\xbd\xf2d\xce\x93\xe1\xa7\xb2\xa7\x13\xcf\xca\
~V\xffy\xebs\xab\xe7\xdf\xfd\xe2\xfbK\xcfX\xfc\
\xd8\xf0\x0b\xf9\x8b\xcf\xbf\xaey\xa9\xf3r\xef\xab\xa9\xaf\
:\xc7#\xc7\x1f\xbc\xcey=\xf1\xa6\xfc\xad\xce\xdb}\
\xef\xb8\xef\xba\xdf\xc7\xbd\x1f\x99(\xfc@\xfeP\xf3\xd1\
\xfac\xc7\xa7\xd0O\xf7>\xe7|\xfe\xfc/\xf7\x84\xf3\
\xfb-G8\xcf\x00\x00\x00 cHRM\x00\x00z\
&\x00\x00\x80\x84\x00\x00\xfa\x00\x00\x00\x80\xe8\x00\x00u\
0\x00\x00\xea`\x00\x00:\x98\x00\x00\x17p\x9c\xbaQ\
<\x00\x00\x00\x09pHYs\x00\x00\x0b\x13\x00\x00\x0b\
\x13\x01\x00\x9a\x9c\x18\x00\x00\xe3IIDATx\x9c\
\xec\x9dw\x98\x1b\xd5\xbd\xf7?\x92V\xdb\xfb\xeelq\
\x93\xe5n\xaf{\xc1\x18\x17z\x09\xe9\xed\xa6\x12H#\
\x81$\x04\x02!\x94$@BH \xbd\x92{s\xf3\
\xdeT\x08\xa4\x07R\xe9\xd8\x187\x0c\xee\xdd\xb2\xdc\xb6\
h{o\x92\xde?\x8eF\x9a\xd1\x8e4\xa32Z\xad\
\x99\xcf\xf3\xc8\xeb\x9d=3st\xa4\xd5\xfe\xbe\xe7\xd7\
l\xc1`\x90\x9a\xe93\xb0\xb0\xb0\xc8jl\x06\xc6\x04\
\xf5\x06\xb4\x9c8\x9e\x86\xa9XXXXXXXX\
$N\xcexO\xc0\xc2\xe2uH,\x11\x11}\xdc\x88\
\xd8\x80\xd8\x82CW\x88XXXXXXXXd\
\x0aKxXX\xa4N2BB\xeb\xff\xd1_\xe3]\
;HDX\x04\xa3\x1e\xf21\x1b\x96\xf8\xb0\xb0\xb0\xb0\
\xb0\xb0\xb0\xc8\x12,\xe1aa1\x16#B\x22\x96\xa8\
0\x22(\xb4\xbe\xc6\xfa\x7f4\xd1\x22#\x10\xf55Z\
|XXXXXXXXd\x05\x96\xf0\xb08\xd7\
I\x977B\xf9\x7f\xa3\x02B\xebX\xac\xefc\x8dQ\
\xa2\x14\x1b\xca\x87?4^\xfe^)8,\xaf\x87\x85\
\x85\x85\x85\x85\x85EV`\x09\x0f\x8b\x89F\xba\xc3\x9a\
\xb4\x8e\x19\x15\x10\xca\xff\xc7\x12\x13\xf1\x8e\xeb=d\xa2\
=\x1c~\xc5c44\xd6\xaf\x18\x1b}\xae\x85\x85\x85\
\x85\x85\x85\x85\xc5\xb8c\x09\x0f\x8b\xf1\xc6\xac\xfc\x88d\
\xbc\x12\x89\x88\x09\xa3\x82\xc2\x9e\xe4\xcf\x00\xf2\x81\x02\xa0\
\x18(\x0a\xfd\xbf\x08\xa8\x0c=\x8a\x80)\xc0\xcb\xc0/\
\x01\x1fc\xc3\xad,,,,,,,,\xb2\x02\x9b\
UN\xd7\x22\xcddS~\x84\xd1\x90\xa6t<\xa2E\
D\xf4\xf7\xf9@^\xe8kq\xe8Q\x81\x10\x10%@\
\x19P\x1e:V\x12z\xcc\x221\xbe\x0a|\x1d\xe1\xfd\
P\x86]\x85E\x88UN\xd7\xc2\xc2\xc2\xc2\xc2\xc2b\
\xbc\xb0\x84\xc7\xeb\x87X\x82@\x0b\xa3\xbb\xe5\xa9z\x1e\
\xa2\xbf\x1a\xf5DD\xff,\x9dbB\xcb\x0b\xa1%*\
\x1c@!B0\x14#\x84Bi\xe8Q\x8e\x10\x14\x15\
\xa1\x9fI\xc0\x5c2\xc34\xa0\x85\x88\xf8\xb0\x84\x87\x85\
\x85\x85\x85\x85\x85EV\x90r\xa8\x95\xefM\xa5\xc6\x06\
\xda\x8c\xd8\xb2v\xc5\xf8\x04&\xa19V\xe3\xa0}\xec\
\xa1\xf8\xd7\xd3\x99\x84\xee\x1cm\x06\xc7\xc5\x1ac30\
\x06\xa4\xc7\xdbby\x10\xb4\xce\x8a\xfe>\x18\xe3\xff\x00\
\xf8\xde'\x8d9&=\xea\xd3\x13\x02\xd1\x86z\xf4\xcf\
\xf5\x84E:\x04E\xac0\xa6X\x9e\x099\x8c)\x1f\
!(d\xe1P\x02T!\x04E\x09BT\x94\x03\xf3\
\xa2\xd7%\xdd\xf8\x1d6\xfcN\x1b\x83\xb9v\x86\xf2\xec\
\x90c\x83<;\xe4\xdb\xa1\xd0\x01N\xa08\x07\x8e\xf6\
#y\x07\xe5\xd3.\x00\xfe\xaax~V\xc8\x95\x85\x85\
\x85\x85\x85\x85EV\xf0\xfa\xca\xf1\x08`L|D\xa7\
\xe7\x8e3\xd2\xef\x0d\x09\x0b#\x1e\x04-\xa2\xcb\xb3*\
\xfb?\x04e\x91\xe1{\x9f\x14\xd4\x10\x1cJ\xe3\xdd\x1e\
\xf5\x7f\xe5\xf7\x89\x08\x12=\xe1`\xc43\xe1 \x12\xd6\
T\x1ez\x14!\xc4C\x05\xc2KQ\x86\x10\x17\xe5\x08\
\xaf\xc4\xec8k\x942\x01\xbb\x8d\x80\xc3\x86?\xc7\xc6\
\x90\xd3\xc6H\xae\x9d@~HD\xe4\x85\x1e\xf96\xf1\
}n\xe8\x91g\x07\x87M\xfc\x96:l\xda\xaf\xe2\xe1\
~\xaaO\x0e*\x8fl1\xf3yXXXXXX\
XX$\xcb\xebKxd!\xd2\x1f\xda\xb5\xccI-\
\xc1\x10\xcf\xcb\xa0\xfc\x7f,\xc3>\x9aX} \xa2\xcb\
\xb1\x06!\xec\xe5\xd02\xf4\x1d\x8a\xaf\x0e\x8dc\xd1\x82\
$\x11\x01!?\x9cD<\x12\xc5\x08\x8fD9P\x8d\
\x10\x13eD\xc2\x9aj\x80\x05\x1a\xcf7\xad\x04m\x08\
\x11\x91gg$\xd7\xce\x883\xe4\x8d\x90\x05C\x81C\
\x08\x89\x5c\x1b\xe49\xc4\xd7\x5c\xbbx&N{\xea\xc2\
v$\x08{\xfa\x90v\xf7(\x8f\xee\x00\xdaR\xbc\xb2\
\x85\x85\x85\x85\x85\x85\x85\x85)d\x99\xf00\xea\x92\xc8\
\x14:\xae\x0f]\xcfH\x10\xe9\x8f\x1d\xe9\xf0V$\x1a\
vd\xd78G9k\xa5\xc0\x90s\x01\xe4\xaf(\xbe\
F\x13\xed\xd1\x90\xc5FN\xd4\xc3\x11\xf5\x88>'7\
\xf4(%\x12\xd6$\xe7J\xc8\x9e\x88\xca\xd0\xf7\x95\xc0\
\xfc\x18\xf3I\x1brX\xd3H\x8e\x8d\x11\x87\x8d\x91\x02\
G\xc8\xfb`\x13\x22\x22\x17\x85g\xc2\x1e\x11\x1196\
\xe1\x8d\xb0\xc7\xd2w\xb1\x0f'\xcdp\x00\xe7\xbf\xda)\
o\x1fQ\x1e}\x05\xb85\xf4\x7f\xab\xb2\x95\x85\x85\x85\
\x85\x85\x85E\xd6\x919\xe1\x11\xb4a,\xcfC\x1e\x8f\
q\x83Ms\xac\xf9\xf1R\xd2\x9f\xc6\x88\x0a\xd06\xf6\
\x93\xf1V$*0\xb4B\x9b\xa2\xad\xe1\xe8\xe6s\xb1\
zA@D\x98D\xcfQ)(\x9c\x88\xf7\x90\x93\x88\
W\xc2\x0d\xd4#<\x12U\x08\xaf\x84\x1c\xda4\x09X\
\xa8\xb1fi%h\x0b\x856\xe5\xd8\x18\xc8\xb33\x94\
g\x13^\x86\x5c\x85p\xc8\xb3CA\xc8K!\xe7N\
8\xed!\xe9\xa4\xf1\xb2\xa6\xf2VJ\xe7[\xb17\x80\
\xf3\xa96\xca\xbbF\x95G\xff\x02|\x02\x18\x22\xb6h\
\xb4\xb0\xb0\xb0\xb0\xb0\xb0\xb0\x18W\xb2\xcc\xe3\x91E\x04\
A\xfas\xe7x{+\xf4\xc4\x85V.\x85\xf2+\x88\
\x5c\x87<D\x98R=B\x0cT\x00\xb5\x80+\xf4\xb5\
\x14\x91\x1b\xf0\xbf\x88\x9e\x10A\xc55\xe4\xff+E\x87\
S\xf1\xc8\x05\x96\x00\xf7\x86\xbe\xa6\x1d9\xaci\xd4i\
g8\x94#!\x84\x83\x22?\x22O\x16\x0f\xb6H\xbe\
\x84\xd2\x1b\x11~\xe5\x94\xffO\xfbL1U\xec\xb6\x8c\
\x90\xbf\xb1\x93\x92\x1e\x95\xe8\xb8\x05\xf8=B4F\xe7\
\xeaXXXXXXXXd\x0d\xaf?\xe1\x11\x8a\
\xe6\xd2\x10\x15\x90>o\x85\xf2\xb8\x91\xeaJ\xf1\xc4\x83\
\x96\xc0P>r\x11\xe5Z\xe5>\x10\x93\x10b\xa2\x06\
\x98\x89\xf1\xeaK.\xe0=\xc0\xaf\x80\x1bB\xc7\x02h\
\x8b\x8e\x5c\x22\x82\xa6\x14\xf8\x0a\xb0\xc8\xe0}B\x89\xd6\
0\x9c+\x84\xc4\x88\xec\x81P\x8a\x86\x82\xd0\xf7\xf9\x0e\
\xc8\x09\xfd?V~\x84\xb9\x8e\xad\xf4\x90\x8a&\x09\x02\
\x87\xfa\x90\xb6tG\xff\xe4fD\x05\xabQ\xb4\xfbv\
X\xe2\xc3\xc2\xc2\xc2\xc2\xc2\xc2\x22k8g\x85\x87\xf4\
\xd7\xaed\xbd\x15\xf2\xd7dC\xa1bUqJVT\
\xc8\x09\xd5\xf5@\x1d\x22\xe7AB\x08\x8c\x1a\xd2_\xd6\
\xf5C\xc0\xcf\x11\x89\xca\xf2\xf3\xb7\x13\x09\xa9\xcaET\
\x8b\xca\x076\x00w\x01SAx&zJr\x18*\
\x08\xe5F\xc8I\xd6r~D\xaeR`\x84<\x12v\
B\xf9\x11\x1a\xd8\xc6\xfcG\x9bLT!K\xf5\x1e\xa9\
\x9c\xbb\xb7\x0f\xe9\x15\x95\xe8\xe8\x05\xee\x06\xfe\x01\x8c\x10\
\x09\x99\xd3l\x1ahaaaaaaa\x91\x0dd\
Vx\x04C\xd6\x97M\xcf\xd0T\x1c\xd0\x18*\xfd5\
\xae\xb7B\xf9\xffD\xbd\x15Z\xc7\xf4\xaa.\xc5\x12\x17\
F\x84E\x0e\x22\xf4I\x0e\x7f\xaa\x01&#\x84\xc5\x0c\
\xd2\x90T\x1d\xb0\x8b\xa4\xe9a\xa7\x8d\xfe\xe2\x1c(\x0c\
\x89\x81B\x07\x94\x86\xbe\xe6\xd9\xe0`?\xd2\xde^\xf9\
\xb4\x0b\x80W\x11\xc6\xab\x9c\x10\xae\x14\x1d\x05\xc0Z\xe0\
'\x8au\xa3u~!,)\x8az\xcd\xa2^\xaaq\
\xf7N\x8cS\xad\xe4dn;\x12\x80\xdd}H{z\
\x95Gw\x02_\x02\x8e\x01\xc3\x08\xe11J\x8c\x86\x81\
X\x02\xc4\xc2\xc2\xc2\xc2\xc2\xc2\x22K\xc8J\x8f\x87\xf4\
\xb7s\xc2[\x91\x83h8W\x8c\x10\x16SC_%\
\x84\xe7\xa2\x964\x09\x8b\xc1\x02;\x03yv\x02yv\
(v\x88\xa6r\x85\x0e\x91<]\x14\xfa\xea\xb4\x8b|\
\x871\x17\x08\xc2\xb6\x1e\xa4\x83}\xca\xa3\xdb\x10bC\
~^J\xd1\xb1\x04a\xf8\x86C\xab\x86\xf3\xedt\xad\
*\x81\xa9\xb9\xfa\x13N\xca\xeeO\xa7X\xb0\x99\xac=\
\xd2t\xf1\xe1\x009\xffl\xa3\xa2C\x95\xcf\xf1\x12p\
\x13\xd0\x0f\x0c\x22\x92\xc9\x95\xc2#\x96\xf8\xb0\xb0\xb0\xb0\
\xb0\xb0\xb0\xb0\x18w2.<\xa4'\xbb\x93\xf1V\xc8\
_\xe3\x89\x09\xad\xe3z\xf9\x15F\xbc\x15Z\xa2\xc2F\
$\xbfA\x22\xe2\xb5\x90\xbd\x15\xb3H\xa3\xb7b$\xc7\
F_\x91C\x88\x8a|\xbb\xf0Z\xc8\xde\x0b\xb9JS\
\xac\xde\x10\xf1l`\xdf\x08l\xebF\xf2\x0d+\x8f>\
\x02\xecF\xbc7d\x01\x95\x8b\xf0r\x14\x10%:F\
\xf2\xect]\x5c\x0e\xe5\x8e\xd4\x9el\xc6\xc8\xb2\xee\x90\
Z\xf4\xf8\xc9{\xaa\x9d\xd2n\x95\xe8\xf8'\xf0E\x84\
\xe8\x18@\x08\x0f=\x8f\x87%>,,,,,,\
,\xb2\x86\xb4\x0b\x0f\x0da1\x1e\xde\x0a=/\x85\x9e\
\xb7\xc2\x81\xf0V\xc8\x9d\xae\xa7 \xca\xc2\xd6 \x84\xc5\
d\xd2\x90[\x11\xb4\x09oAo\x81Cx+\x0aC\
\x1e\x8b\xa2P8\x94\xb2\x97D\xac\xce\xd5\xf2*%\xca\
\xc9A*_\xec\xc41\xaa\xb2Mw\x00\xb7\x11\x11\x1d\
r\xcf\x0d\xd9\xd3q7\x8a\xe6|\xbe\xfa\x5cXY,\
\xe6l\xa1\x8f\x11\xcds\xa4\x9f\x8am\xdd\xe4\x8c\xa8^\
\x97{\x80\xbf\x11\x11\x1dCDD\x87\x96\xa7\xc3\x12\x1c\
\x16\x16\x16\x16\x16\x16\x16YG\xaa\xc2\xc3&=\x19N\
zMVLh\x1d\x8b\xe7\xb1H5\x04\xca\x860\xa4\
\xe5\x10(\x09!*&\x85\xbe\xce&\x0d\x9d\xaf\x836\
\x18\xcd\xb5\x0boE\xbe\x1dJ\x14\xde\x8a\x229\xb7\xc2\
!\xfc&N\xbb\xbao\xa2m\xcc\x7fR\x98\x88\xc6e\
\xf6\xf5S\xf5J7\xf6\x80\xca>}\x05!,\xe4\xf7\
\x84\x9cL\x9e\x8f\xc8\xf9\xb8\x03Q\xf9\x0a\x00\xdf\x9cB\
XQ\x94\xe4\x04R\x98\xbb\x09\xb71\x8c\x99\x09\xe6A\
\xe0@?\xd2\xb6\xae\xe8\x9f\xdc\x05\xfc\x1dux\xd50\
\xc2\xcb\xa1U\xcd\xca\x12\x1d\x16\x16\x16\x16\x16\x16\x16Y\
I*\xc2\xc3\x88W\x22\x96\x17\x22QoE\x22!P\
\xb2\xb7\xa2<\xf4\xa8\x0b=$\x84\xc7b\x0a07\x85\
\xe7\x0d\x880\xa8\xd1\x5c\x1b}\x05vF\xe5\x9e\x12\xc5\
vQ\xfe\xb5\xd8\x11iP\x97\xab\xc8\xadP\x19\x9eZ\
\xc7B\x98eD\xf7\x05`{7\xd2\x89\x01\xe5\xd1\x13\
\xc0\x17\x10\xc2#@\xa4\xf3\xb8,:.\x03\x1e\x0aO\
\xcd\x06\xad\xf3\x8b`I\xa1\x09\x13<\xc7\x89\xf7\xba\xee\
\xe9C\xda\xa9\xaa\x5cu\x1c\xf8:\xa2\xbf\xca@\xe81\
LDt\xc8\x9e\x0e\xabw\x87\x85\x85\x85\x85\x85\x85\xc5\
\x84 Y\xe1\xa1\xf4Vh\x89\x03\x07\xda\xa2 \x96x\
0\xe2\xad\x90\xbf\x97\xbd\x15\x95\x08\x0f\x85RT\xcc\x22\
\x0d\x9d\xb1\xe5\x86u\xc3\xb9v\x06\xf2l\x04\x94\xb9\x15\
\xf9!\x91Q\x14*\x0f\x9bc\x8bjP\xa7\x5c\xa5\xa8\
\x83*\xc3\xd3\x88\xba0\xa8@\x8c\x0c\xeb\xf6\x93\xf7\xf4\
\x98\xbc\x81}\x88\x1e\x1c\xbbQ\xbfvN\x84/\xe6R\
\xe0\x1b\xf2\xe0\x91<;\x9d+\x8baZ^J\xd3\x1d\
\xff\x04\xf3\xa0x\x91M\xf3\x90$0\xd7\x01?l\xec\
B:;\xa4<\xba\x17x\x00\xf1\xba\xc8\x9e\x8eh\xd1\
\xa1\xf4t\x80%:,,,,,,,\xb2\x9cd\
\x84G\xb4\xa7#:7B~\xe4(\xfe\x1fK\x8ch\
\x89\x0c9\xb7\xa2\x1a\xe1\xb1\xa8ET\x84\x92B_\xd3\
\xe2\xad\xf0;m\x0c\xe4\xd9\x18\xcaWT\x7f\xca\xb7E\
\xbc\x15\xb9\x08\x91\xe1\xb0\xab\x9f\xb5j\x15\x14\x07\x93\xb5\
\x8b3\x11\x22tv\x98\xd2\x8d\x1d\xe4\x0d\x04\x94G\x7f\
\x06<\x8c\xc8\x13\xb0\x11\xc9\xebp\x22\xc4\xdb\x1d@\x83\
<\xb8\xbf\xc8A\xdf\x85ePf\xe5s\xa4\x84\xf2\xf5\
\x1e\x0a\xe0\xfcW;\xe5]*1\xf8\x22\xf09\xf4\x93\
\xc8-\xd1aaaaaaa1\xa1H\xd5\xe3\xa1\
\x14\x1c9\x8a\x87S\xf1U)B\x0a\x89\x84AU!\
\xc2\x9e\xaa\x10\xde\x0a\xb9\xc4\xec\x8c$\xe7\x14\xc6\x9fc\
c(\xcfF\x7f\xae\x9d`\x81=RZ\xb6 T\x05\
\xaa\xd0&\xbe\xe6\x10\xf2VDY\xfef\x0b\x81d\x89\
+Rb\xfcpK7\xd5\x87\xfb\xb0\xa9M\xd3;\x81\
\xa7\x11\xc6+\xa8\xbb\x92\xe7\x85~\x1e\xces\xe9/r\
\xd0wI\xd9\xf8$\x91\x9fky\x1e2\xda\x1e\xa8\x1f\
\x01\xff\x0f\xed$r\xabr\x95\x85\x85\x85\x85\x85\x85\xc5\
\x84&\x1d\xc2C\x16\x16\xce\xd0\xc3\x8d\xa8\xfa$W\x81\
\x9a\x89\xe8\xba=\x854T\x82\x0a\xd8\xc1\xef\xb4\xd1\x97\
kgD\x0e\x7f\x92\xc5D\xa1]x-\x9c\xa1JP\
N\xdbX\xcf\x84\xc6\xb7c0l\x5cfqi\xd6\xe1\
\x00\xbc<&\x9f\xa3\x0d\xf8*\xb0\x19a\xc8F7\x08\
\x5c\x83\xa8j5\x05B\xf9\x1c\xd3\xf3ai\x91X\xe3\
\xa4Ia\x9d\xb2!\x1c*\xdd\x1c\xee\xa7r[wt\
E\xb1/\x01O\x10\x09\xad\x1aD\x08\x0eYt\xa8\x92\
\xc8}^O\x10@r\xb938q\x0b\x0b\x0b\x0b\x0b\
\x0b\x0b\x8b\xe4I6\xd4*Zx8\x817\x00\x0f\x22\
DF\xd2\xf8sl\x0c\xe6\xda\x18\xc8\xb3\x13\xcc\xb5)\
\x92\xb6\xed\xa2\xc3v~\xc8[\xe1\xb0)f\xaf0 \
\xa3mI\xb3\xec\xcb4\xa6h\xc4?7\x89\x8bt\x8c\
\xc2\xd6.\xa4fU\x7f\x8e\xfd\x88$\xf1\xfd\x08c6\
@$\x19?\x17\xd8\x80x\xfd\xc2\xb4.,\x84\x86\x04\
\x93\xc8\xd3\x9d\xe7\x91p^\x8cQl\x99\xd7\x1er\xe5\
\xaa\xedc*W\xdd\x01\xfc\x83H\x12\xb9\xdc\x18PY\
.7\x9c@.\x8b\x0e\x0b\x0b\x0b\x0b\x0b\x0b\x0b\x8b\x89\
D\xa2\xc2Ci\xa6\xc9aV9\xc0r\xe0Wz'\
\xcb\xde\x8a\x01\xa7\x8d\xa1\xbcP\x82v^H\x5c\xc8I\
\xdbN\x84\xa7\xc2\xa9\xbc\x95^\x22p\x8a\x16d2!\
L\xc9^X\xcb\x90N\x87\x01,_\xe3\xe8 \x95[\
\xc7\xf4\xe7\xf8\x05\x22\xa7c\x88\x88\xa7C\xce\xeb\xc8\x05\
\xde\x88(\xa5\x0b\x84:\x91/*\x84\x99\xf9)N*\
\x9b1[uD]\x7f8\x00[{\x90\x8e\xf7+\x07\
\x1dAT\xae\xda\x8ev7r\xd9\xd3\x11\x0c}\xc5\x12\
\x1d\x16\x16\x16\x16\x16\x16\x16\x13\x95TB\xad\x94aV\
\x1f\x96\x7f\xd0W(*A\x05\x9d\xa1\xb0\xa7\xe2\xd0\xd7\
\x5c\xbb\xa8G\x95\x17\xaa\x04\x15NQ\xd70\xfe\x8c\x96\
\x98\x0d\xa0\xee\x7f\x11\x93\xa8\x93\x93\xb19\xcd\xf6p\xa4\
c\x1e{\xfb\x90^\xe9\x8e>\xfa]\xe0q\x22\x15\x91\
\xe4\xf0\xaa\x1cD>\xc7\xf5\xc0\xb5\xf2\xe0\xc1B;=\
\xe3\x95\xcfq\xae2\x10\xc0\xfel;U\xad#\xca\xa3\
{\x81\xaf!*W\xc9I\xe4J\xd11&\x89\xdc\x12\
\x1d\x16\x16\x16\x16\x16\x16\x16\x13\x99TC\xadd\xe1q\
\x9e\xfc\xc3\xfe\xf3\x0aD\x85\xa8\xe83\x12a\x8cq\x9d\
\x80E\x9f\xaeR\xadY\x9c\xbe1\x86\x01?\xbc\xdaG\
\xf51\xd5n\xfa1\xe0[\xc0N\x84\xe8\x90\x0dX\xb9\
rU\x03p;\x8a$\xf2\x8e\x8a\x1cF\xd7\x95\x8c}\
\xfddRZ\x93\xd7i#\xc1\xc1 y\xffj\x8bN\
\x22\xdf\x03\xdc\x8fZt(\x93\xc8\x03X\xa2\xc3\xc2\xc2\
\xc2\xc2\xc2\xc2\xe2\x1c#U\x8f\x87\xec\xf5\xf0\x22W\xa3\
\xea\x0b\x8c5\x5c\xe3\x1aj\x86\xdd\x16Y\x8a\x8e\x15\xaa\
k\xa4\xa6h)\xb7\x8fR\xf8|\x07E\xbd~\xe5\xd1\
}\xc0'\x88\xec\xa0+\xabW9\x812D\xd3\xc0\xf9\
\xf2\x09\xbe\xa9y\xb02^\x12\xb9\x99m\xbb\xc7\x0b\x93\
U\xca\xc9A\x8a\xb6uS\xd8\xa7zm\x1e\x00~\x8f\
:\x89\x5c\x16\x1dr>G$\x89\xfc\xba\xfa \xf7m\
6o\x8e\x16\x16\x16\x16\x16\x16\x16\x16\x19\x22\xd5\xce\xe5\
\xb2\xf08\x13>\xaa\xee\x15\x91~\x02A\x18\x0e\x0aS\
\xad\xc8&\xca\xe1\xea\x11\x04QO6\x15\x81\x90\xec9\
\xe9L\xe0\x88\xe2\xf8\x00\xa5\xaf\xf4D\xf7\xe7\xd8\x87H\
\x12\x1f \xb2{.\xe7s8\x81K\x80[\x11U\xc7\
D\xe5\xaa\xc5\xc507?}\xfaOs\xbaY\xeaU\
2k\x0e\x87\xfa\x91\xb6\x8c\x09{\xbb\x0b\x91D\x1e]\
.W\x99\xcf\xa1\x16\x1d\x16\x16\x16\x16\x16\x16\x16\x16\xe7\
\x08\xa9x<\xe4\xafv\x84\xc7C\xd0\x9b\xa2\xf0\x08\x04\
\x85\x096\xe0\x17{\xc1\xa3A\xe8\xf1Co\x10F\x83\
8\x07\x03\x94\xf4\x07p\xf8\x83\xf8\xd6\x15CUN\xc8\
`\xd6\xb3 S\xb1.\xd3\x98\x04\xae\xb8\x5cR\xc7@\
\xac\xc9\xb6\x1e\xa4\xa3\xaa\xd0\xaaQDI\xd6\xe7P\xe7\
s\xc8\xa2#\x0fQy\xec\xcb\xca\x93ZW\x14O\xb0\
$\xf2lP+q\x08\x02\xfb\xfb\x90v\xf4(\x8f\xb6\
 \xc4\xe0S\xa8\x93\xc8\x95\x9d\xc8\xd5\x95\xab,\xd1a\
aaaaaaq\x8e\x91\xaa\xc7C~\x9c\x0d\x1f\
\xedK\xd0^\x0a\xda\xc0\x1f\x84\xd7\x06\xb0\x0d\x06)\x1a\
\x08\xe0\xf4\x07q\x8c\x06\xa3\x9b\xde\x8d\xa5\xc7/\x84\x87\
\xb1\x1b\x91\x96N\xe3\x09\xde&\xed\x8c\x04\xe0\x85.\xa4\
\xc6!\xe5\xd1\xd3\x88|\x8e\xcd\x08cV\x8e\xedQ&\
\x91_\x87H$\x07BM\x01\x97\x15\xc1\xe4\xdc\xc4\xee\
\x9f\xe5v\xff\xb8\x12\xae\x5c\xa5\xea\x9d\xb2\x17\xb8\x01\xe8\
 \x22:\x86Q\x8b\x0eu>\x87%:,,,,\
,,,\xceAR\x11\x1e26\x84\xe1\x0b@~\x7f\
\x80A\xadQ\xf1\x0c\xd6\xd1 R\xe3H\x8c\x1f\xc6a\
 \xc6\xf1\x8c'\x98g\xc0\x1a\x0f\x02\xbe\x11\xec\xdb\xbb\
\xa9jW\xad\xd5\x1f\x10\x95\xab\xe4|\x0eYt(;\
\x91\x7f\x1fX)\x9f\xd0Y\x96\xc3\xc8%\xa5\xa2\xd2X\
F\xc9\x90j\x19\x8f\x04\xf3~?\x8eg;\xa9l\xd3\
\xac\x5c\xd5\x86v\x12\xb9%:,,,,,,,\
^7$*<\x82\x8a\xafJ\x03),<J\xfa\x02\
\x0c&\x9a0\x1e\xdbH<\x8c\xf0\xa6\x9c\x0e}\x1d\x05\
J\x80\xcf\x00\xd05\x8a\xb0\xab\xc7\x91\xb4\x94\xd95p\
\x91\x83}T\xed\xec\xc5\x1eP\xd9\xa5?\x06~C\xa4\
?\x872\x89<\x17X\x04|\x1ee\x12\xf9\xa4\x5cX\
U\x9c\xa4\xe8\x18Gw\x87\x99\xb7N\xf5\xda\xad#\xe4\
m\xec\x8a\xae\x5c\xf5+\x84\xe0\xebC\x9d\xcf\x11-:\
\xc2\xbfK\x96\xe8\xb0\xb0\xb0\xb0\xb0\xb0\xb08\x97I\xc6\
\xe3\x11\xcb8\x1aF\x18\xbb\x10\xb0%\x96\xa8l\x87\x91\
<\x1b\xce\xa1\xf0\xa5o\x02\x1a\x11F\xdbH\xe8\x9e\x0e\
D'\x90)\xf2\xa0\xd2n?\xea\xf4\xdd8\x16\xe4\xb8\
\xf6\xe1H\xe1\xc2\xa3A\xd8\xdb\x8f\xb4\xa7Wyt\x00\
\xf8\x0e\xf07\x84A+\x1b\xb1\xca\xa6\x80k\x80\xdb\x80\
\xa9\xf2I\xbe\xa5E0\xb7\xc0\x94i&}\xadty\
\xa7\x92&\xc5k\x1d\x1d\xa0\xea\xe5\xeehAx?\xf0\
G\xc6&\x91\xc7\xae\x5ceaaaaaaaq\
\x8e\x93l\xa8UP\xe3q\x08\xb1\xc3.<\x11\x15N\
\xe3W\xb3A_\xae\x9d\xf2\xa1p\xd9Q'\xd0\x8b0\
\xda\x86C\xd7\xcfA\x18l\x9d\xe1\xc9\x8f\x84\xec\xb5d\
\x1b\x09&\xc48$\x98w\xf9ak7R\xcb\xb0r\
\xd4!\xe0!D\x0f\x089\x9fC>\xd3\x89\x10\x1do\
\x07\xee\x08_\xd6\x06\xad+\x8b\xc1=\xce\xde\xa1s\x8d\
\x03\x03H\xdb\xba\x94G\x06\x81\xaf\x00\x7fG;\x89\xdc\
\xaa\x5ceaaaaaa\xf1\xba%\x95\x1c\x8f \
\xeaFg\x1ed\xe1\xd1\x13\x84\x8a\xc4.6\xe2TY\
\xe19\x08cM\xce[\x08\x22\x0cl\x1b(RH\x82\
\x88\xc4t\x87\x86\x12\x18O\x0fG:\xae\xdb2B\xc9\
\xa6.\xf2\xfb\xc7\xf4\xe7\xf88\x11cV6`\x95\xf9\
\x1c\xef\x01n\x96O\x18\xc9\xb3\xd3\xb9\xa2\x08\xa6\xe4\xa6\
\xe9\xb9\x06\x85\x92\x19\x8f\x88\xabli$8\x1a\x84\xdd\
}H{U^\xa8C\xc0\xd7\x81WP\x8b\x0eeh\
\x95,\x12\x03`\x85VYXXXXXX\xbc\xbe\
H6\xd4J\xf9\x90\x85\xc7\xb1\xf0\x88\x1e\xbf\xe6\x891\
\x8dA\xbb-\xbaq]%c\xbb7\xdbB_\xc3\x81\
\xf4\xb6 \xa2oHq\x8cN\xdb\x09\x93%\xbd&N\
\x0eQ\xb9\xb9\x0b\xc7\xa8\xca.\xdd\x8b0l\x07\x18\xdb\
\x140\x17!:n\x05\xde)\x9f\xd0V\x99C`m\
\x09\x14(\xd7v\xbc\x1b\x01fcY\xac\x04\xe64\x1c\
\x80\xa7:\x90\xc6&\x91\x7f\x84H>\x87\x96\xe8P'\
\x91_[\x1f\xcc\xca\xa5\xb0\xb0\xb0\xb0\xb0\xb0\xb0\xb00\
\x89t\x84Z\xc9\x06\xd5\xae\xf0E\xdb\x03\x8c&\x92`\
n\x03\xf2U\x16X%\xc2\xa0v\x10\xd9%v\x84.\
\xa8\xae\x89\xab\xca\xe750k\xd3<\x1c:\x177\x92\
`>\x12\x84Wz\xa9>>\xa0,%\xdc\x0b\xdc\x03\
l$\x92D.\xffT\xce\xe7X\x04\xdc\x0d\xcc\x92O\
\xf2IN\xb8\xb0\xc4X\x83E\xb3\x980y\x1e\x06C\
\xe8\xfa\x03\xd8\x9f\xed\x88\xae*\xb6\x17\x91\xd3\xd1C$\
\x9fCYaL[tXXXXXXXX\xbc\
\xceHG\xa8\x95\xfc\xb5I\xfeA\xc9@\x80\x8e\xd4f\
\xb2\x01\xf83\x91\xf0*\x10\xc2#\x0f\x11R\x04(<\
\x1e\xe5J\x8fG\x8a\x06i&\x13\xcc\x95\x87\x86\x02\xf0\
B7\x92O\x95\xcfq\x12x\x00\xd8\x81\xba)\xa0\xdc\
\x9f#\x17X\x05|\x11\x98$\x9f\xe4\x9b\x91\x0fK\x0b\
\xc7\x8a\x8eLU\xe0\x9ap\x18xN\xbe\x11\xf27u\
Q\xd2\xa3R\xba\xf7\x03\x7f\x22\x92D.\x97\xcb\x95\xf3\
9\xc6V\xae\xb2D\x87\x85\x85\x85\x85\x85\x85\xc5\xeb\x94\
tz<\xc2\xb9\x17\xb6\x00\xc2\xecJ\xe4\xea\x05*\xc3\
o.P\x8c0\xb0sC\xf7\xc9\x0b\x1d\xab\x0a\xdfG\
\x16\x1e\x90}\x09\xe6\x89\xdc\xa6u\x94\x9cm\xddTt\
\xa8\x8c\xda\xfd\xc07\x10;\xea\xb1\x9a\x02\xbe\x17\xf8\x5c\
\xf8\x966h=\xaf\x18\x5cV\x12yZ9\xdcO\xd5\
\xb6\x9e\xe8\xcaU\xf7!\xc4qt\xe5*\xed$\xf2X\
\x82\xe3\x5c\xd4q\x16\x16\x16\x16\x16\x16\x16\x16\x1a\xa4R\
NW):\xfc(\xda\xf9\xd9\x03A\x18\x0a&(<\
\x1c\x22g9b\x9e]\x88\x08\xb9\xaa\x04f\x00\xb35\
\xcf\x1b\x8e\xb3\x81\x9c.\x81`\xa6q\xb8\x7f\x80\xca\xdd\
\xbd8\xfc\xaa\xe7\xf1m\xe0q\x22!;r>\x87\x1d\
\xe1\xf1\xc9\x07\xaeEt\xc4\x06\xc0\x9fc\xa3\xfd\xfcb\
\x98d\xa4\x13y\x1a\x9ePJ\x97H\xe1\xe4L'\x98\
\x1f\xe8C\xda\xde\xa3<2\x80\x10\x1d\xff\x08\xfd_\x16\
\x1d#\xa8\xc3\xab\xc2\xe2\xdcwm]\xec7i\x86E\
G\xcd\xf4\x19\x99\xbd\xa1\x85\x85\x85\x85\x85\x85\xc5\xeb\x9e\
\x96\x13\xc7\x81\xf4\x95\xd3\x95\xc5G\x84\x81 \x14\xc58\
S\xcb\xd8\xca\x1ds\xf0S\x86f2\x14L\xb30\xc8\
\xd0\x16\xb4?\x08\xbb\xfa\xa9>\xd4\xa7\x14[\x03\x88R\
\xb9O\xa2n\x0ahC\x9dD\xfe\x09\xe0:\xf9$\x9f\
\xe4\x84UEiL\xb2\xd7c\xbc\x13\xd43\xc0P\x00\
^\xeaB:=\xa4<\xaa\xac\x5c\xa5L\x22\x97=\x1d\
c+W\xc5\x13\x1d`y<,,,,,,,\
^7\xa4\x92\xe3\x01j\xaf\x87\xba\xdaT_\x00\xaa\x13\
H0\xd7\x89\x0e\x0a\xda `\xb7\xe1w\xda\xe8*\xb2\
C\xa1\x1drl %\xf8\x14\xb2!\xc1\xbc}\x14\xb6\
\xf7DWF:\x0c<\x08\xbc\x86:\x9fC\xd9\x14p\
!\x22\xd1<\xbcm\xed\xab\xcb\x85\xd5\xc5Z\xc2-\xc5\
\xe7b\xe6\xb5\xb2\xa4zX\xf4\x04\xe42\xc1\xc3\x01\xec\
Oi&\x91\x7f\x0c\xed\xcaUc\x9a\x02B\xb4\xe8\x18\
\xf7'h\x06\xeb\xa2\x1e\x16c\xd9\x14\xf5\xd0\xc2ZG\
}\x8c\xac\xa3\x85\x85\x85\x85E\x96\x93\xce\x1c\x0f?\xb0\
\x07\xb9\x97\xc7` \xd6\xb9\xda\xe4\xdb\x19\xcd\xb5\xd1\x97\
kg4\x07\x82\xf9v(r@\xa1M\x18\xd5E\x0e\
\x11`\xe4\xb0A\x8e=E\x1b.\x95\x0aT)\xe6\x88\
\x9c\x1d\xa1lK7\xb9\xea\xf5\x91\xf39\xf6\xa0n\x0a\
\xa8\xcc\xe7X\x09|\x15\x90\xe4\x93|S\xf2`Mq\
\xc2S8w\xec_\x13\x9eL\x97\x1f\xfb\xc6N-\xd1\
\xf1u\x22\xfd9bv!WL\xcc8\x13\xeb5)\
\x01\x1e\x06>0\xde\x13\x99 \xbc1\xf4\x90\xb9\x01\xf8\
)\xd6:&J\xacu\xb4\xb0\xb0\xb0\xb0\x98@\xa4Z\
\xd5*Z|<\x0c\xfc\x04\x80\x8e\x800\xc9\x12\x88\xfe\
\xe9\x5c_\x04\xf9\x8e\xb1F\x98\x96Q\xa6e\xac\x85\x1d\
,\x09Zr\xc9\x18~\x89\xe6\x86\x04\x80SCT\xbf\
\xdc\xad\x0c\xad\x1a\x01\xbe\x03\xfc\x11\xf5\xee9\x88\x95\x93\
E\xc7\xc5\x88\xcaU\xa5\xa0H\x22\x9f\x1a\xe5&\xca\xa8\
\x01\xab\xf0\x10\x9c+x\x06\xa8|\xb9;:\xdf\xe6\x01\
\xe0\x09\x84\x97C\x19R\x15.\x8f\xab\x81-\xce\xcf&\
2W\x22~\xc7\xdd\xe3=\x91\x09\xcc\xc3\xc0\x05\x08\xcf\
\x86\xb5\x8e\xc9#\xaf\xe3\x0d\x08/\xa4\x85\x85\x85\x85\xc5\
\x04 \x1d\xc2C\xe9\xf18,\xff\xb0\xb2\xcbO{\x80\
\x84\x84\x07\xf91<\x19i(D\x95\x81\x93b3\x1c\
\x80\xad\xbdT\x9f\x19R\x8a\x8e\x16D9\xd6\xcd\xa8\xf3\
9 \xd2\x89<\x1f\xd1\xa9\xfcc\xf2I\xfe\x1c\x1b\xed\
k\x8a\xa1.\x5cU8I\xc6;O#C*\xc9\xe8\
m\x0e\x0dR\xb5\xa3;\xbar\xd5\xd7\x89\xe4\xdb\xc8\xa2\
P\x1e`\x8bz\xd8I\xd6\xe311\xc4\xdb\x95\xc0\xbf\
\xc6{\x12\xe7\x08\xd7\x8c\xf7\x04\xce\x11\xaeA\x94\x11\xbf\
l\xbc'baaaaa\x0c\x83\x09\x181\x89\xf6\
zt\x01\x1e@t\xdd\x8e\x15n\x15\xd7,3\x12\xa2\
5\x0e\x9b\xc9\x86o\x195\xb0'\x80\xfd\xb9n\xa4\xd3\
*\xd1q\x0c\xb8\x0d\x11\xab<\x88\xda\xd3!\xe7s\x14\
\x00\x9fE!:\x86\x0a\xec\xb4\xaf+I\x83\xe8H\x07\
\x09\xbc\x06\xe9~\xb9\x821\xbfI\x8e\xfd\x03H\xdb\xba\
\x94\xa2\xe3\x18\xf0i\xe0\xef\xa8\x05\xc7U\xc0#\x88\xf7\
\xf8\x9f\x80\xb7\x12iti'\xd2\xe021)\x91\xfd\
\xbe\x119,\xc8\xc2\x22\xdb\xb8\x14Qe\xce\xc2\xc2\xc2\
\xc2b\x02\x90\xce\x1c\x0f\xd9\xebq\x049\x84\xa0;\x00\
%\x09$\x98C\x82c\x93\xc4H\x22x\xd2\xd7U|\
\xdf4B\xe1\x8e\x1e\x8azU\x05\xbf\xf6!v\xd2\x95\
\xfd9\x94I\xe4y\x88\xa6\x80_@\x99D>)W\
T\xaeR%\x91\x9b\xe85\x18\x8f\xbc\x83L\xdfs(\
\x00\x1b\xbb\x91\x1aU\x95\xab\x0e\x03\xdfC\xbc>\xca\xaa\
b\xef@x\xa8d\xe4D`\x1b\xf0\x97\xa8+\xcb\xcf\
$\xa8}x\xc2a\x85WYd3_Fx\x8e\xff\
=\xde\x13\xb1\xb0\xb0\xb0\xb0\x88O\xba<\x1eJ\xf1q\
6\xfc\xd3\xfe$\xb6r\x83)n\xff\x86\x1d&z\xd7\
\xd11\x00S\x99F \x08{\xfb\x91\x9e\xef\x8c\x16\x1d\
\x0f \xca\xe0\xee&\x12^%'\x91\xcb\xa1U+\x10\
\xd5\xad\x22\xa2\xc3\x95\x07\xab\xa3EG\x0ad\xff\x0e\xbb\
\xf9\x0c\x05\xc8y\xaa#Zt\xec\x07nD\x88Ce\
\xae\xcd\xdbP\x8b\x0e%\x9fF\xbcv9\xa1\xb1a\x8f\
\x87\xf4\xcb&\xe3/Xv\xbf&V\xa5%\x8bl\xc7\
z\x8fZXXXL\x00R\x11\x1e\xb1*[\xed\x0b\
\x8f\xe8\xf4k\x9e\x986\x8c\x1ak\x9a\xe346\xa3\x13\
\xbd\xb1\xd69A`{/\xd2^U\xbec+\xc2\x83\
\xf1G\xd4I\xca\xd1\xa2c\x1d\xf0#\xa0\x1cD>\x87\
oY\x91\xf0t8\x0c\xda\xb0\x996`S\xba_\x0a\
''rj\xf4\xd8.?9Ouhu\x8a\xff\x0e\
\x91\x86\x8d\xb2\x07\xea\x1a\xe0^yPEU5\xefx\
\xcf\x07\xb1\xd9\xc2\xaf\xc7r\xc4\xeb\xe5$\x12v\x95x\
\xb8U\xf6:B\xa6\x02\xae\xf1\x9e\x84\x85\x85\x0e\x96\xf0\
\xb0\xb0\xb0\xb0\x98\x00\xa4\xa3\x8fG\xb4\xf8\x08'\x98\x17\
w\x07\xe8M\xf1\x06\xaa;\xd9\xe2\x1eH3I\xf4\x9a\
\xe8\xf0\xc3\xae>\xa4\xe6a\xe5\xd1\x17\x10\xa1U\xcdD\
\x04\x87\xec\x97\xc9!\x22:n\x00>,\x9f\xe4w\xd8\
h_[\xa2\xeeSb\xb4'\x86aR]\xc3\xf1N\
PO\x82\xe3\x03T\xbd\xdc\xa3\x95D\xfe\x14j1h\
G\x948^-\x0f\xaa\xa8\xaa\xe6\xc2\x8b/\xc7n\xb7\
S[7\x99\xa6\xc6\xd3\xf2\x8f.\x08\x9d/\x97\xd7\xb5\
c,Y)B\xf6FaY\x06\x9d\xc5D\xc0z\x9f\
ZXXXL\x00\xcc\x10\x1e\xed\xf2\x0f\xf3\x86e\xe1\
\xa1\x91\xe7\x91\xbd\x86Vr4\x0eS\xf9ROt)\
\xd6\xdf\x01\xdf%\xd2\xfbA.\xc3j'\xd2\x89\xbc\x01\
\xb8\x0b\xd1\x1c\x10\x80\x91<;\x9dkK\xa02S\x9d\
\xc8c\xa0\xfb\x1a\xa5Z\xb28\x09qg\xfc\xe2c9\
\xd8O\xd5+\xbd\xd1\xa2\xe3\x1b\xc0\x7f\x88\xe4\xda8\x80\
y\xc0-\xc0\x5cyPm\xddd\xce_\xb7\x9e\x1c\xa7\
H\xec/*V\xf5Oq#\x04\xa4\x5cjw4\xf6\
\x84\xb2\xef\x8d\xef\xf3zb\xfeLr\xb9\xd7\xeb\x9d\xff\
\xed\xfb\xef\xe7\xfc\xd5\xab\xd2:\xa7s\x85\xfb\xee\xff\x1a\
\xffy\xe1ECc\xadu\x8c\x8d\x81u\xcc\x01\xd6\xf8\
\xbc\x9e\x9734%\x0b\x0b\x0b\x0b\x8b\x10\x92\xcbx\x1a\
h\xaa\xc2\x03\xc6\xe6x\x0c\x01\x1d@\x85]\xfe./\
\xd1\x88\xae\x04\x12\xd2G\x82\x22I8`\x83\x22[T\
HR\x1c#\xcfH\x82\xb9\xd1^\x1d\xc7\x06\xa9|\xad\
/Zt\xfc\x00\xf85\xea\xaaU\xf2n\xba\x5c\xb9\xaa\
\x14\xb8\x1b!>\x00\xf0M\xc9\x85\xc5\x85\xa23\xbb\x99\
\xa4\xc5\xfe\xcd>#Z\x93\xe1\x00\xbc\xd2\x8btl@\
y\xf4\x08\x22\x89<:\x9fc\x01p30G\x1e\xb8\
h\xd9\x0a\xe6\xcekP\x9eKuM\x0d\xc7\x8e\x1c\x94\
\xbf]\x05\xfc\x06\xf1:\x8f\x10y\xf3\x9e\x0b\xfd<\x16\
\xeb\x0d\x98:u2\xf9\xf9\xf9\x99\x98\xcb\x84\xe3\xf0\xf1\
\xd8\xa2.\x1ak\x1dccp\x1d\x8f\x9b=\x0f\x0b\x0b\
\x0b\x0b\x8b\xd4HW\x03A\xa5\xd7\xc3\x8f\xc8i\xa8\x00\
\x84(\xc8\x83\xa4\xd2I\x02\x88D\xed\xe1 \xf4\x05\xc4\
\xd7\x91\xa0\xa8\x96\xd5\xe7\xc7\xe6\x87\x92\xc1@\xb8\x0bx\
\xeb%%P\xecHH\xb7$O\x10\x06\x82\xb0\xab\x8f\
\xeaS\xaaR\xb9\xcd\x88f\x7f;\x19\xdb\x14P\xce\xe7\
\xc8\x03\xd6\x22\xf2>\xa6\xc8'\xfa\xa6\xe7\xc1\xca\xa2\xb4\
L\xcd\xb8\x1eH\x83x\xc8f\xfd1\x14\x80\xe7\xbb\x90\
|\xaa\xf0\xb7\xc3\x08O\xd4~\x22\xf9\x1c\x0e\x22\x8d\x1a\
\xed\x00v\xbb\x9d%\xcbV1s\xce\x5c\xa2)+\xaf\
T~;\x9fHryr%u![\xd7q\xec\x93\
\x8f\xa2\xae\xb66\x13\xf3\x98p\x0c\x0e\x0er\xe2\xd4)\
\xc3\xe3\xadu\xd4\xc6\xe0:v\xf9\xbc\x9e\xe6L\xcc\xc7\
\xc2\xc2\xc2\xc2\x22y\xd2\xe5\xf1\x88\xf6z\x1c\x01f\x03\
B$\x94&\xa8\x02:\xfcpp\x00\xe7P\x90\xa2\xe1\
\x00\xf6Q\xa2\xbd\x09\xda\x18\x19\x13\x8fD\x0c\xbf\x1e?\
y/\xf5R\xda\xadJP>\x8c\x08\xddy\x95\xd8M\
\x01\xf3\x805\x88\xdd\xf6p,\x95ov\x01,.H\
\xef\x1c'\x04)<!\xbdS\x87\x028\xff\xd3Ay\
\x97\xea5\xfa\x03\xa2<\xac\xb2Tn\x0e\x22F\xfc\xcb\
\xf2 \xbb\xdd\xce\xb2\x15\xabq\xcf\x9a\xadyig\x8e\
\xeaW\xa7\x10uryr\xe2#\xcb^W\xc9\xe5\xae\
\x04\xaa\xe3\x8d\x99\x5c[CQQ\x1a\xc4\xf29HK\
K\x8b\xe1\xb1\xd6:\xc6\xc6\xe0:\x1e1{\x1e\x16\x16\
\x16\x16\x16\xa9\x93N\xe1\xa1\x14\x1f\x91\xed\xa9\xde89\
\xb6\xb1\x0c\xc7\xde R\xeb\xa8\xc6\x0ft\x18\x8e\xf3\xb3\
t\xe5\x0e\x04\x81\xf6QJ7\xf7\x907\xa0zn\xfb\
\x10\xe5r\xe5\xfe\x1cJ\xc3V\xce\xe7\xc8Gt\xd9\xfd\
\xba|\xd2H\x9e\x9d\xcee\x85097\x05\xc3s<\
\xd5H\x96*\xa1SC\x14\xed\xe8\xa1\xb0OUY\xed\
\xfb\xc0_\x89$\x91\xcb\xa2\xe3S\xc0;\xe5A%%\
e\xac^w!\xe5\xe5\xe51/\xef\xc8qPTT\
L__/@\x0d\xa2\xfa\xd3!\xa2D\x87\xf4\xcb&\
\x9b\xef\xda:c\x8a8\xfb\x96R[u)\x98?o\
^&\xe61!il6.<\xacu\x8c\x8d\xc1u\
<d\xf6<,,,,,R'\x1d\xc9\xe5\xf2W\
\xa5\xc7#\xe2\xf2\x1e\x92\x87$\x10\xff\x94\xaf9\xee\x04\
p\x12\xe8\x0e}\xf5\x85\xee\xbb\x16\xb8\x1c\x80n\xbf\xba\
\x0aT\xba\x09\x02\xbb\xfb\xa9<>(:\xb3G\xb8\x17\
x\x12\xe1\xe5\xd0j\x0a(w\x22\xff\x02\xa2\x11\x1d\x00\
\xa3N\x1b\x9d\xeb\x8b\xa0,'r\xfd\xec2<\xd3;\
'\xa3\xd7JU$\x1e\x1f@\xda\xdc\x1d=\xe0k\xc0\
\xd3\x8c-c|\x17\xa2\xfb1\x00EE\xc5\x5ct\xd9\
\x95\xe4\xe9\xc4\xda\xdbmvrrs!R5\xb9\x0c\
\xc3\x1d\xcc\xb3\xf1\x85\xd6D\xd7\x1a\x9e1\xdd\xaa\xb4\x1b\
\x8b\xc6\xc6\xb3\xfa\x83BX\xeb\x18\x1b\x83\xebxX\x7f\
\x88\x85\x85\x85\x85\xc5x\x93n\x8f\x87,@\x14M\x04\
\x03\x10\xb4\xa1L\x82\xd0E\x1d\x9a\xd5\x07|\x16Q-\
k\x80\x88\xe1\x98\x83\xf0 L\x0a\x8f\xec\xd1\xf2\xae\xe8\
%\x98\xeb\xccE\x1e3\x1a\x84\xed}H\xa7U\x0d\xe7\
\x06\x80;\x81\x17\xd1\xce\xe7\x90;\x91/\x0a\x8d[ \
\x9f\xd8_d\xa7o]\xb1\xc8I\x19/&\x8c\xfd\x9b\
\x00\x07\xfb\xa9\xda\xa9*\xe2\xdc\x8a\xf0tlD\xbbr\
U\xd8\xb8v\xcf\x98\xcd\xc2\xa5\xcb\xc8\xcb\xd3O\xf0u\
\xe4\xe4PT\x5cLWG\xb8\x88\xdbT\xe05\xd4\xc2\
#q\xb2\xeb5\xd1\xf5xL\x9e4Io\xc8\xeb\x96\
S\xa7\xcf\x18\x1ek\xadcl\x0c\xae\xa3%<,,\
,,&\x00\xe9r\x0fD\x87Z\xf5\xc8?p\x8e\xc0\
\x88?\x98\xd8\x9d\xd4\x1d\xba\x8b\x80.\x84\x00Q\x0a\x0f\
g\xe8^m\xe1\x91C\x0a\xe1a\xd8\xc1b\xc0\xd2k\
\x1e\xc1\xb9\xab?:W\xe0\x18\x22\x9fc;\x91|\x0e\
\x7f\xe8b\xca$\xf25\x08OGxK\xd37#\x1f\
\x1a\xf2\xd3\xd7\x89\x5c\x8b\x8c\x1a\xb0\xc1\x90\xb8\xcc\xd4\xfd\
\xd4\xb7\xc6\x86\xa8\x5c\xb5\xbd\x0f\xc9\xa3\xaa\x5cu\x18!\
Z\xfbQW\xaeZ\x01\xdc\x86B\xb4\xce]\xb0\x90E\
K\x96\x1b\xbe\xad\xcdf#?O\x95\x93S\x85\xba\x81\
\xa0\xd2\xeb1Q+[\xe9z<&\xd7O\xce\xc4<\
&$\xc7='\x0c\x8f\xb5\xd616\x06\xd7\xd1\x12\x1e\
\x16\x16\x16\x16\x13\x00\xb3<\x1e\x1d\xf2\x0f\xf3F\x02\x8c\
\x8c\x04!'%\xabtX\xf1\x18\x09\x1d\x93\xa5E\xb8\
\xceb~\x8f\x9fA\xbd\x99\x1a\xf5p\xc8x\x87\xa8\xde\
\xd1\x1b\xed\xb0\xf9\x7f\xc0O\x89\xf4\xe7\x88\xce\xe7\x90\x9b\
\x02^\x0a<(_1h\x83\xd6\xd9\x05\xb0HkG\
=\x01\xa5\x90u\x8d\x04SU\x1c)\xde\x7f(\x00\xcf\
u!\xb5\x8e(\x8f\x1eFt\x22\xefC\xdd\xb0\xf1|\
\xe0\xfe\xd0\xff\xb1\xd9l\xcckXD\xc3\xc2%\x09\xdf\
\xb6\xb8\xb8D\xf9\xed\x14\x0c\x87ZM\x18\xe6\xe8\x0d\xa8\
\xad\x9521\x8f\x09\xc9\x9e\x03\x07\xf5\x07\x85\xb0\xd61\
6\x06\xd7\xd1\x12\x1e\x16\x16\x16\x16\x13\x003r<\x82\
\x08\x0f\x05\x00y\xc3\xd0\xebO<\xdc\xa9\xa7\xc8NI\
_\xd8\x83Q\x17\xba\xa6|}\xe5#\x1c\xd6U\xd2\x17\
\x88/<\x12\xe5\xd0 U\xfb\xfa\x95\xa2\xa3\x1f\xf8\x16\
\xf07\xe27\x05T\x8a\x0e@\xe4st,+\x84)\
\xb9\xf1\xef\x99\xb4\x0d>\x9e6n\xaa\xa2)\x85qm\
\xa38_\xee\x8e\xf6F=\x06\xfc7B\xa4\xca\xaf^\
\x0e\xa2\xdf\xc67\xe4ANg\x1e+\xcf_\xc3\xa4\xc9\
S\x8d\xcc|\x0c\xa5\xe5e\xcaog\xa0-<&\xa4\
\xf8\x90\x5cn;\x22D0&\x0e\x9b\x0dI\xb2\x0cf\
-:;\xbb\xe8\xe8\xea44\xd6Z\xc7\xd8\x18\x5c\xc7\
3>\xaf\xa7Wo\x90\x85\x85\x85\x85\xc5\xf8c\x96\xc7\
c\x00\xb1\x035\xc7\x1e\x08\x8a\x04\xf3bH$\xc1|\
\xb0\xd8\xa1\x14\x1eS\x11\xe5\x12\x1d\xa8\xcb\xd3\xca\xc6~\
j\xb3\x8f6\x0d{\xfd\xf0\xda\x00R\x93\xaaL\xd6\x11\
\xc4N\xf9n\xd4\xf9\x1c\xd1M\x01\x17\x11\xd5\x89|\xb0\
\xd0N\xcf\x9a\x12(7\xb3\xb9H\x92\x8a%\x19/P\
\xb6\xe0\x19\xa4r\xeb\x98n\xf1\xdfE\x08\xc3\xe8r\xb9\
\x1f\x00>.\x0f*((d\xed\x86K(\xab\x10\xed\
f\xc4SL\xec\x89F\x85ZU\x12\x11\x1d\xaa<\x0f\
\xed\xcaV\xd9\xba\xa8a\xa6\xe8\x0d\x983k&\xceP\
'w\x0b5->\xe3\x15\xad\xacu\x8c\x8d\xc1u\xb4\
J\xe9ZXXXL\x10\xd2Y\x02*\xba\xb2\xd5a\
\xe4P\x8d\xfe\xa0\x88\x80O\x84<\x95QV\x85\xc8\x97\
\x08\x10\x11\x1arry.\xa2\xd2U)\x10jX\x98\
\xa8\x81\xaf0\x02\xbbF)z\xb9/\xba\x0c\xeb\x01D\
\x09\xdc]\xa8\xf39@\x9d\xcfQ\x80\x96\xe8X_\x02\
E\xf6\x09`kN \x8e\x0e m\xedQ\x1e\x19D\
x\xa3\x9eB]\xb9J.\x97\xfbny`n~>\
\x1b.\xbe\x9c\xe2\xd2R\xf55\x13|}\xca+UM\
\x04g\xa1\xdd\xc7c\xa26\x12\xd4\x0d\xb3\x9a3kf\
&\xe61!ijJLxXhcp\x1d\xad0\
+\x0b\x0b\x0b\x8b\x09\x82Y\x1e\x8f\x00\xa2\xdc\xad`0\
N/\x8fX\x14\xab\xc4\x83\x0b\x91d\xee@\x18\x95 \
\x9a\xb6U \x1a\x9c\x9dE\x16\x1e=\x0a\xe1\x11v\xb0\
\x18\xb0\xe4\x82@\xd3\x08\x15\xdb{\xc9\x19QmN\xff\
\x14\xf89\x91\xd0*e\xf8\x8e\xb2)\xe0R\xe0\x0e\x14\
\x09\xb9\xbeiy\xb00?Vy`\xf3\xc9\xb4\x01\x9b\
\xd2\xfd\x0c\x9e\xec\x0f\xc2\x9e~\xaa\x0e\xf4+\x8f\x1eE\
\xe4s\xecE-:\xe6!\x92\xc8\xc3\xafI]\xfd\x14\
\x96\xaf\x5cMAQa\xb2\x13\x8d\x85\x0d\x91\xb4\xfe<\
\xa9\xe6y\x8c\xbf\xe8\x00\x03\x1d\xcb\xdd\xd3\xac\x12\xb0\xb1\
8{\xd6xE+k\x1dccp\x1d\xad\x1e\x1e\x16\
\x16\x16\x16\x13\x04\xb3\xaaZ\xf9\x81\xfd\xe1\x9fv\xa5,\
<\xa6\x03oB\x08\x8d\x0aD\x18\xc8\x0c\xcd\xf3\x06t\
\xee\xa5e\xdf\x06\x81\x9d}H'\x86\xa2\x8f\xde\x81\xe8\
\xfd\xa0L\x22\x97\xaf\x10\xdd\x14\xf0\xce\xd0\xdc\x00\xf0-\
\xc8\x87y\x06:\x91\xebN.\x91\xa1\xe3\x99`\x9e\x81\
\x04\xf5\xe1\x00<\xdf\x85\xe4\x1b\x93D~\x03\xea\xfe)\
\xb2\xe8x\x08\x11\x02\x05\x80k\xc6LV\x9ewA\x0a\
s\x1c\xcb\xec9\x0b8r8\xfcV\x7f\x07\xa2lo\
t\xb8Ub\x95\xad&\x88\xc7c\xd2$\xab\x12S,\
N\x9d1.<\xacu\x8c\x8d\xc1u\xb4B\xad,,\
,,&\x08\xe9\x0e\xb5R\x8a\x0f\xaf\xfc\x83\xfc^\x9d\
\xa4o-CK\x9d\x83\xbd\x00E\x0f\x8c\xb8\xf4\xf8\xf5\
\xc7(\x19\x0a\xc2\xab\xfdHgU\xf9\x1c\x8d\xc0W\x80\
-\x08\xd1\xa1\xcc\xe7P6\x05\xcc\x07\xde\x8ch \x08\
\x84*W-,\x80\xd9\xfa\xbd b\x92\x1d\x86\xa7\x1a\
\xd3\x1b\x09j\x1cT\x1e\x1a\x0c\xc0\x0bc*W\x1dB\
x:\x86P\x87\xbe-G\xe4\xe3\x94\x01\xd8\xedvf\
\xcfk`\xe1\xe2\xa5\xc9N.&s\xe77(\x85\xc7\
b\xc6&\x98\xa7\xed^\x19FWx\xd4\xd5\xd5db\
\x1e\x13\x92CG\x8e\x1a\x1ek\xadcl\x0c\xae\xa3\xf1\
\xf2a\x16\x16\x16\x16\x16\xe3\x8aY\x1e\x8f\x00\xd0$\xff\
\xb0p0\xc8`\xc0\x06vy\x88\x81\xd0#\x87-n\
\xdf\xc1\x80\xdd\x86\xdf\x09\x03N\x1bCE\x0e(\xb0\x8b\
\xa0\xa7\xda\x04\x924;GE\x12y\xbb\xaa\x22\xd2\xe3\
\xc0O\x10\x0d\x0b\xb5\xf29\xe4\xa6\x80\xf9\x88\x9d\xf6\x8f\
\xc8'\xf6\x17\xd9\xe9[^dn\xf7t3\xc8j\xfb\
\x17h\x1d%\xef\xe5nJ\xbbU\xaf\xd3\xf7\x81\xbf \
D\xa1\x9cDn\x07\xd6\x01\xf7 \xf2m\xb0\xd9l\xac\
\xbd\xf0\x12jj\xebuo\x13D\xbc\xdf\xfa\xfa\xfb\xe8\
\xeal\xa7\xa3\xb5\x15\xa9\xae\x9e\x9a\xda\xba\x98\xe7\xe4\x15\
\xa8\x04f%1zyh'\x98\xebM\xc6\xf0h3\
\xd0\x0d\xb5\xaa\xab\xad\xcd\xc4<&\x1c\x81@\x80\xfd\x87\
\x8c\xa7\x1dX\xeb\xa8M\x02\xebx\xc2\xe4\xa9XXX\
XX\xa4\x89\x94-d\xdf\x1b\x8b\x83\xd2\xdf{al\
\x9eG\x1f\xc2\x05>\xdb\xe1\x0f\x8aJQ\xa5\x09\xe4:\
8mt\x15;\x08\xda`4\xcf\x0e\x85v(\xb2\x89\
|\x89|\x1b\x14\xd8 \xd7.\xfa\x83\xd8\x00\xf4\x1a\xd8\
EYr\xc7\x86\xa8\xda\xd3\x8f]\x1d\x99\xf5\xbf\x882\
\xac\x03D\xf29\x94F\xad\x9c\xcf!W\xaej\x90O\
\xec(u0\xba\xa6\x08\x8a\xc6\xb1\x13\xb9\x16\x09\x19\xb0\
i\xb0v\xd3m0{\x06\xa9\xda\xd2\x83=\xa0\xb2\xd9\
\xbf\x0d<\x81\xbar\x95\x1d\xf8 \xf0\x09y\x90\xd3\x99\
\xc7\x9a\xf5\x1b\x90j\xf4\x0d\xbb\x91\x91\x11z\xbb\xbb9\
u\xf2\x04'O\x1cghH\xf8\xe8\xec99q\x85\
\x07@II\x19==]\x84\xe60\x1d\xd8\xc3\x04\xee\
\xe5!\xb9\xdcy\x80;\xde\x98\xa2\x82\x02*\xd5\xc9\xf5\
\x16!Z[[\x19\x1a\x19\xd6\x1f\x88\xb5\x8e\xf10\xb8\
\x8e\x87}^\xcf\x88\xde\xa0l@r\xb9\xab\x119\x89\
\xca\x18\xdc\x0e\xa0\xc5\xe7\xf5\xf4k\x9f5>H.w\
!b\xae\x95\x88\xcf\xb0Q\xa0\x17h\xf3y=\xdd\xe3\
9\xb7\x89@h\xfd*\x80\x12\xc4\xeb\xdd\x87h\xac\xdc\
\xf3z,\xfd,\xb9\xdc\xa5\x88\x5c\xddi\xa1\xaf.\xc4\
\xe6m9\xc2\x0e-\x0e\x0d\xedCl\xf8v\x03\xcd\x88\
F\xcd\x1e\xe0\x88\xcf\xeb\xe9\xe0\x1cGr\xb9\x1d\x88|\
\xe5\x12D\x1e\xb3\xfcY\xd1\x82\xf8\x9c\x98\x10\x9fuz\
\xa4\xdb\xe3!\x8b\x0e\xb9\xb7\xc5!`6 \xf2<\x12\
\x11\x1eyvF.(\x14\xc2\xc2\xaea\xbbi\x99s\
ZF\xaf\x96\x83e\xff\x00\xd2AU\xf0\xd7\x08\xa2\x22\
\xd2\xef\x89\x9d\xcf!\x8b\x8e\x0a\xa2D\x87oR.,\
\xc9\x17^\x17=\xcb[\xd707\xa1'\xc6\x84A\xf1\
\x84\x82\xc0\x91\x01\xa4\x1d\xaa\xcaUr\x1f\x95gP'\
\x91;\x80k\x80\x8f\xc9\x03\xf3\x0b\x0b9\xff\x82\x0b\xa9\
\xaa\xaa\x8a\xbbN\x1dmm\x9c:y\x82\xa6\xc63\xf4\
\xf5\xf6\x10\x08\xa8\x95h\x7fo\xfc\xbf\x116\x9b\x8d\xfc\
\x82|Yx\x80\xf8c\xadYV7!\xc6\xf7u\x9d\
\xa57`\xd1\xfcy\xd8l\xe7\xd4\x9b/m457\
\x1b\x1ek\xadcl\x0c\xaec\xd6%\x96\x87\x84\xfbj\
`=\xb0\x0c\xf1\xb7b&\xe2oH\xacs\x1a\x11y\
\x91/#\xf2\xc46eJ\x8cH.w\x03b\xae+\
\x81%\x88\xdf\xff\xf28\xe3\xdb\x11s\xddFd\xae\xad\
\xe6\xcf4;\x91\x5c\xee\x1c\x84\xa7}=\xa2W\xd4b\
\x84a\x1dk|\x07\x227q'\x91\xf5;\x95\x81\xa9\
f\x84\xd0z\xacD\xac\xc7\x1aD\xe8s\xca\x154$\
\x97{?\xb0\x89\xc8\x9a\x9dH\xf5\x9a\xe3\x89\xe4rW\
\x22\xd6\xe8|DN\xeal\x14ve\x8cs\x0e\xa0\xfe\
\x8c0\x1e\xd3\x9bE\x98YN\xd7\x8f\xe8y\xf1&\x00\
\x9aFaj\x02\xb7\xb3\x01\xceD\x0cx\x03Vx\x8f\
\x1f\x0e\x0d\x22\x9dR\xed\xa2\x1dD4\xfa{\x15\xa1\xb4\
\x95I\xcaZI\xe4\xb7\x03\x12\x84\xf29\x16\xe4\xc3\xac\
|\xa3\xedI\xceq\xd2\xa4\x84\xfcAx\xb1\x1b\xa9Q\
\x95\xec\x7f\x04\xd1\xa3c/\x91\xd07\x07\xe2\x17\xf6s\
\xc0|y`]\xfd\x14V\xadY\x8b\xd3\xe9\xd4\x9cQ\
\x7fo\x1fgN\x9f\xa4\xa9\xb9\x91\xb6\x96&\xfc\xfe\xd8\
yAM\x8dg\x18\x1d\x19!'N\x9f\x85\xd2\xb2\x0a\
|-a#i&\xe2\xc3q\x22\x97\xd4\xd5\xcd\xef\x98\
9C\xbb\xb6\x83\x0547\xfb\xf4\x07\x85\xb0\xd616\
\x06\xd7\xb1Lr\xb9_0i\x0a\x1b\x11\xbf\xcb\x9b\xe2\
\xedRK.\xb7\x840<\xe5\xc7yI\xdc\xab>\xf4\
\xb8Tq\xdd\x9d\xa1\xfb?\x13\x9aC{\x12\xd7\x1d\x83\
\xe4r/G\xfc-\x93\xe7[\x11\xff\x8c1T*\xce\
\xfd\x5c\xe8\x9a\x07Cs\xfdWh\xae\xc6\xd5w\x02H\
.w\xb1\xe2\xde\xeb\xcd\xb8G\x88\xb8\xaf\xbd\xe4ro\
@\xe4w\xaeC\x18\x8e\x89P\x81\x10\xa6\xab\x11\xe1\xda\
H.\xb7\x97\x88Q\xfd\xb4\xcf\xeb9\x96\xfc\xd43K\
\xc8\x80V\xbe\xff\xd7\x98t+9\xd7\xf7\xfa\xd0}O\
#\xd6\xecE\xe0\x1f>\xaf\xc7\x1b\xe7\xdcqGr\xb9\
\xa7#\xde\xb3\xf2:\x19\xcb[V3?\xf4\xf8H\xe8\
\x9aM\x885\xf8\x07\xf0w\x9f\xd7\xa3Y\x7f<\x03\xbf\
7\xe1\xdf\x17\x84g4.fy<\xe4\xc7Vy@\
qw@1\x1b\x0d7D\x5cC\xcbx\xe3\xc1\x98\xb4\
\xf9\xa9xyL\xa9\xdc\xe7\x81/ B\xab\xe25\x05\
,@\x08\xa8\xfb\x94'\xb7.)\x00w\x9e\xc1\xe7\x90\
 I_\xcbD\x8b5\x13\xcfoH3\x89|?\xf0\
\x19\x22\xa2P\x16\x84E\xc0\x97\x11\x0d&\x01\xa8\x9b4\
\x855\xeb.\x1c\xb3\x8b<\xd0\xd7GWg\x07g\xcf\
\x9e\xa2\xf1\xcc\x19\x06\x07\x07b\xcd\xec\x18\xf0[\xe0F\
\xa0z`\xa0\x9f\xf6\xf6\xb6\xb8\xe1V\xc5\xc5%\xcao\
\xaf\x04~\xcdXoG\x8c\xcaVY\xe9\xb6\xd2\x15\x1e\
S\xa6\x98_\x89\xe9\x96\xcf\x7f\x81\x17\xb7l1\xfd>\
\xe3\x89\xb5\x8e)\xb3!\x13\xd7\x96\x5c\xee\xd7\x80\x1b|\
^\xcf\x96\xd0\xf7\x95\xc0U\x88\xc6\xa4W\x9bt\xff\xe5\
\xa1\xc7M\xc0\x80\xe4r\xff\x1f\xf0C\x9f\xd7\x93p2\
\xbd\xe4r\xaf\x06\xae\x03\xde\x85\xf0\xca\xa6\x9by\xa1\xc7\
\xc7\x80\x80\xe4r\xff?\xe0\xc7>\xaf\xe7\xb5t\x5c\x5c\
r\xb9\xcf\x07\x1eF\x94\xad\xcf\x04c^{DX\xdc\
'\x81kI\x5c\xac\xe9!\x87\x1f} t\xcf\x1d\x88\
\xd0\xef?f\xa37Ir\xb9k\x80+\x10\xfd\xb1\xae\
&\xbd\x9b\xd8F\x99\x02\xbc7\xf4@r\xb9_\x04~\
\x860\xc0\xb3\x22,Kr\xb9\xe7\x01\xefA\xfc\xde-\
\xd4\x19\x9e\x0cu\xa1k\xbf\x0b\xf1{\xf7S\xe0\x9b\xb2\
7(\x83\xbf7\xca\xcf\xe1\xd7\x10\xfd\xd4n\x8f58\
\xddo\x96\xe8p\xab\xb0k\xc1\xe9\x0f\x8a\xefrc\x9c\
i\x16A\xe0\xc40\x15{\x07\xa2E\xc7\xaf\x80\x1f \
B\xab\xa2\x93\xc8\x1d\xa8\x93\xc8\xdf\x03|^>q\xb0\
\xd0N\xcf\xa2\x02\x98\x94d\xb7\xe1l\xb45\xb3aN\
\xdd\xa3\xd87\xf7R\xd5>Ft|\x1b\xf1\x1a\xc9\xf9\
\x1c\x0e\x84;\xfbN`2\x88\x90\xa7\xa9\xd3g\xb0b\
\xd5\xf9*\xd1\xd1\xdb\xdd\xc3\x81}\xaf\xd1\xe2kah\
 \xa6\xd88\x8aHV?\x1e\xfa>\x1f\xb1\x8b\xf2\x0e\
\x80V_s\xfc\x04\xf3<U\x82\xf9\x22\xd2\xd1D\x10\
\xc6\xf35\xd1M,\x9f2\xd9|\x83y\xcf\x81s\xbf\
X\x91\xb5\x8e\x13\x86\xa5\xc0\xcb\x92\xcb}+\xc2\xe8\xbc\
\x09\xb9wTf(@l\x86\xdc\x182.\xbe\xea\xf3\
z\xce\xea\x9d$\xb9\xdc\xefF\x18\x00+M\x9e\x9f\x12\
;B\x80|Lr\xb9\xff\x071\xd7\xd3\xc9^Lr\
\xb9?\x87\xf8\x1b0^,E\x84\xb7d\x92\x95\xa1\xc7\
C\x92\xcb\xfdU\xe0\xe7\xd9`L\x87\xbce7\x22\xc4\
W\xb6U\xd1\xd9\x10z4K.\xf7W\x80G\xc7k\
\xcd$\x97\xfbJ\xe0V\xe0\xf2\x0c\xde\xd6\x8exmn\
\x90\x5c\xee[\x10v\xc8x\xfc\xde,\x0d=.@\x08\
\xf6=\xd1\x03\xcc,\xa7\x1b@\xc4\xe4\x03`\x0b z\
l\xe4&\xe1\xb9\x08\xea%\x8eG\xcdB\x1e;\x1a\x84\
]\x03H\xa7U\xa1U\xbd\x88\x0fb\xb9T\xae\x9c\xcf\
!\x07\xf7+\xf39\x16\x01w\xa3\x88\xbb\xeb)q0\
\xb8\xbe8\xba\xb3zv3\x11\x1a\x09\x9e\x1c\xa2\xf2\xe5\
\x1e\x1c~\x958\xfc.\xf0W\xd4I\xe49\x88\x1d\x96\
\xdb\x95w9\xef\x82\xf5L\x9e2m\xcce\xdb\xdb[\
9uR\xd3\x03{\x16\xd1\x1c\xf2eD\xd2\x9f|\xfd\
\x5c\xc4{\xe25B\xc2\xa3\xcd\x17?\xe4\xa3\xb8\xa4\x04\
\x87\xc3\xa1\x0c\xd9*\x08]3\xb5\x04\xf3,\x0e\xb5\xaa\
\xad1\xb7\x04lgg\x17\x1d]\x9d\xa6\xde#\x1b\xb0\
\xd6q\xc21\x9e\x06\xb0\xcc'\x81wK.\xf7\x0d>\
\xaf\xe7\xf7Z\x03$\x97\xfbRD\xa9\xf1\xc5\x19\x9d\xd9\
X\xae\x07\xde\x1b\x9a\xeb#\x89\x9e\x1c\xf2\x9c|8\xfd\
\xd3\x9a0\x94\x02\xdf\x04n\x0a\xad\xe1\xdf\xc7c\x12\x92\
\xcb\xbd\x16\x11]p\xc5x\xdc?Aj\x81\x1f\x03w\
dz\xcdB!x\x0f\x92x\xf8]:\xb1\x01\xdf\x1b\
\xc7\xfb\xcb\xacE\xa4[,&J|\xa4%3\xc1\xf7\
\xc6be\xa8\x95R\x80\x84\xb7\xaem\xc1\xa0\xe2\xbb\x0c\
0\x14\x80-}\xd1\xa2\xc3\x83\xe8d\xfd\x12B\x14)\
{t\x80:\xb4j)\xf0E\x94I\xe4U9\x0c\xae\
+2 :\x8cWMM\xf9|\xcd\xa1\xa9\xdc?\xd5\
\xb9'\xc1\xb1A\xaa6\x8f\x11\x1d\xdfdl\xb9\x5c'\
\xf0vDx\x9c\x0d\xc0\xe1pp\xfe\xba\x0b5E\x07\
@]\xdd$\xe5\xb7\xbd\xc0\xef\x80O!vl\x9e\x06\
Z\x09U\x1b\x09\xfd\x5c\xfe\xbaS>\xc9\xd7\xea\xe3\xcc\
\xe9\x931\xa7\x9f\x9b\x9b\x8b\xcd\xa6\xfaUr2\xd6\xe3\
a\x93~\xd9\x94\x98\x94\x18\x87\x97\x22\xc4\xb8\x0b\x8f\x96\
\x16\xcdP\xd5s\x0ek\x1d-\x92\xa4\x0ax\x5cr\xb9\
\xbf\xab<(\xb9\xdc\x93%\x97\xfb\x17\x88\xcf\xb6\xf1\x16\
\x1d2\xa5\xc0o%\x97\xfbG\x89\x9c$\xb9\xdc\x1f\xe5\
\xf5-:\x94L\x05\x9e\x94\x5c\xee\x072yS\xc9\xe5\
\x9e'\xb9\xdc\x7fA\xc4\xeeO\x04\xd1\xa1D^\xb3o\
J.w\xbaC\xe3TH.\xf7T\xc9\xe5\xfe\x0d\xf0\
\x02\xe3+:\xb2\x91\x87\xa3\x0f\xa4;%:\xda\xeb1\
@\xa8\xea\x88=\x00\xf4'\xd1\xc1\x5c\xefn\xd1\x07\x82\
\x80o\x94\xbcM}Hm\xaa\xbe\x0f\xbfD\x84L\xbd\
D$\xa7C\xdeI\x8f\xce\xe7X\x0f|\x8dP\xf2O\
\xd0\x06>w\x1e\xac)\x12\xe5|3\xc5\xf8\x19\x9e\x99\
!\x00\x1c\x1a@\xda\xaa*\x97{\x02\xe1.|\x02!\
:\xe4|\x9b\x5c\xe0m\xc0\xcd\xf2\xc0\xb2\x8aJ.\xbe\
\xec\x0dL\x9a4%\xe6-r\xf3\xf3\xc8\xcf\x0fW\xaf\
,\x0e]\xff\x04Bt\x0e\x84\x1e\xfd\x8a\x87|\xac\x13\
\x91\xefA`t\x84\xb3\xa7N\x8e\xa9x%SX\x5c\
LN\x8e\xaa\x8cr>\x09U\xb5\xca\x9e\x17Zr\xb9\
\xcb\x08\x15O\x88E\xadTMqqq\xbc!)\xd3\
\xd8\xdc\xa4?h\x82c\xad\xa3E\x1a\xb8Yr\xb9\xff\
#\xb9\xdc\x95\xa1\xb0\xaa]\x88M\x95l\xe4S\x92\xcb\
\xfdl(\x19?.\x92\xcb=\x1f\x0d\x83\xc5\x82;%\
\x97\xfb/\xa1\x1c\x0b\xd3\x90\x5c\xeer\xc9\xe5\xbe\x1b8\
\x00\xbc\xd5\xcc{e\x80\xdb\x80]\x92\xcb\xfdF3.\
.\xb9\xdc\xefC\xec\xe8\x7f\xc0\x8c\xeb\x9f\x03\xac\x05\x1e\
R\x1e0Kx(\xc5\xc7\xe6\xf0O\x07\x95\x86\x9b\x86\
\x11\x97\x0e\xfb\xeb\xc8 \xd5/\xf7R\xda\xab\xaaT\xf4\
mD>G\x1f\x91\x1e\x1d\xcar\xac9\x08c\xb1\x10\
\x91,\xf5#D\xbdiQ\xb9jI!,*\x88_\
e+\x9d\xcfa\xbc02w\xdd1\x06\x17\xc0\x1f\x84\
\xe7\xba\x90^Q\x15@8\x0c|\x03\xf1K,\xabF\
;\xa2\x8a\xc3\xc3(DGU\xb5\xc4\xba\xf5\x97PR\
V\xa6{\xdf\x99sT)\x0b\xef\x0e]{\x14!l\
\x86\xa3\xbe\x8e(~\xfeS\xf9\xa4\xfe\xfe>\x82A\xed\
{\xd8\xed\xf6h\x8fG\x1ej\xd11\x91\xfay\xe8\xe6\
w4\xcc\x9bg\xfa$N\x9f9c\xfa=\xc6\x1bk\
\x1d-\xd2\xc4\xe5\x88\x0d\xb5\xc7\x11\x9e\x90l\xe6b`\
\x8b\xe4r\xc7o\x8e$\xaa\xef$\x99Dy\xce\xf3V\
`\xb7\xe4r\x9bR\xd4 t\xdd]\xc0\xfdf\x5c\x7f\
\x9cH\xbb\xc7($\xce~\x08<\x02\x94\xe9\x8d\x7f\x9d\
\xb3N\xf9M\xbas<\xe4\xaf\xca<\x8fH\x02\x5c\xcc\
\xdc^#\xe8T\xb6\x0a\x04\xe1\xe00\xd2QU\x7f\x8e\
N\x84\xd2\xfa'\x91|\x0ey\x17\x1d\xd4M\x01\x0b\x80\
\xf7!\x12\x82\x00\x18\xc9\xb3\xd1\xb9\xa8\x10&\x9f\x03\x9f\
\x7f\xd9\x90<.3\x14\x80\x17\xba\x91\xdaT\xb1w\xaf\
\x01\xb7\x10\x09}S\xf6O\xb9\x15Q1\x05\x10\xa2\xe3\
\x82\x0d\x97\x90\x93c\xec\xed[_?\x85\x03{w\xcb\
\x1e\x8b\x99\x88\xe6x\xaf\xa1\x16\xca\xa0V/6\x22\xc9\
\xe6tvt\xd0\xdf\xdbGI\x99v>iYy\x05\
\x03\x03\xe1\x94\xa69\xa1sm\xa4#\xc1<\xb3\xe8Z\
\xc33\xdd\xd3M\x9f\xc4\xc9\x93\xe7LY\xfb\x98X\xeb\
\xf8\xfabj\xfd$jk\xaa)\xcc/\x0c\x1fk\xeb\
\xec\xe0\xf4\xd93t\xf5\xa4\xdcS.\xad*\xb6\xbc\xb4\
\x8cIu5TUTb\xc3\x86?0JWO/\
\xcd--\xf8\xdaS\xae\xea;\x03!>\xce\x8bU\xfe\
\x93(Ce\xa2Q^ZFMu%e\xa5\xa5\x14\
\xe4\x15\xd0\xdb\xdfGwO7m\x1di\xcb\xb9\xaa\x05\
\xfe.\xb9\xdc\x0f\xf8\xbc\x9e\xbb\xd3qA\x00\xc9\xe5\xfe\
\x1a\xa2OYZ\x91*+\x99=\xc3\xcd\x94I\x93\xa9\
\xab\xaf\xa5V\x92p:\xf3(.*\xc4\xe6\xb0\x93\x9f\
+\x0a\xb4\x0c\x8d\x0c122\xca@\xff\x00\x1d]\x1d\
466r\xf2\xf4\x19\x0e\x1e:\xc4\xd9\x16\xe3e\xca\
\xe3p\xa7\xe4r\x17\xfa\xbc\x9e\x9bSz>B\x9c=\
Lh\x83:]8\x1c\x0ej\xab*)++\xa3\xb8\
\xa8\x88\x82<\x11\xad\xd1\xe4k\xc6{\xea\x8c\xe1\xc6\xb4\
Y\xc8\x1a\x84=\xe7\x07\xf3\xaaZ)\xbd\x1e'\xe4\x1f\
\xda\xfa\xfc\xe6\xd8Q]\xa3\xb0o\x88juh\xd5>\
\xe0\xeb\x88\xddsYt\xc8\x8d\x0d\xa3\x9b\x02\x16\x22\x8c\
\xdb\xf7\xc8'\xb7V\xe4\x10<\xaf0\x85\xd0\xaaT\x1b\
\x09\xa6\xefV\xe3r\xc1X\x978;L\xc9\xf6^\xf2\
\xfbU\x1e\xa9\x87\x81\xc7P\xe7s8\x10\xc9\xfd\xb7\x10\
jBi\xb3\xd9\x983\xbf\x81\xb9\xf3\x1bp8\x8c\xbf\
u\x0b\x8a\x8a\xa8\xac\xaa\xa1\xd5\x17\x0e;\xb9\x09\xf88\
\x91\xeae\xb2H\x96\xbf\x97\x1fC\xc0)`\xea\xc8\xc8\
0\x8dgOSR\xa6]z[\xaa\xa9\xa5\xa91\xbc\
\xbb\xbc\x04\xf8\x0f\xda^\x8f\xc4~\x052/\x16g\xeb\
\x0d\x982i\x92\xde\x90\x949tl\xc2\x94\xb1O\x1a\
k\x1d\xcfM\x8a\x0a\x0a\xd8p\xc1\x1a\x96/Y\x82{\
\xba\x9bI\x93\xea\xa8\xae\xae\xc6\xe1p\xc4<\xa7\xbb\xbb\
\x9b\xb3\x8d\x8d\x1c=z\x94-\xdbw\xf0\xcc\x0b\x1b\x19\
\x1e\xcdLR\xe4\xd2\x86\x06\xd6]\xb0\x86\xd9\xb3f1\
m\xcad\xaa%\x89\xc2\x82\x82\x98\xe3\xfb\xfa\xfbij\
l\xe2\x98\xe78[\xb7m\xe7\xb9\x177\xd2\xd5\xd7\x97\
\xe8m]\x88\x1c\x95\x8b}^\x8f\xd6g\xe2\x84\x12\x1e\
\xebW\xaf\xe6\xc2\xf5k\x999c\x06S&O\xa6\xb2\
\xb22\xe6\xd8\xfe\xfe~ZZZ8\xe1=\xc5\xde\xfd\
\xfbx\xe6\xf9\x179y6i\xcf\xe4]\x92\xcb\xfd\x92\
\xcf\xeb\xf9G\xb2\x17\x80p\xd3\xcb\xff&\x0daz\xb9\
9N6\xac]\xc3\x8a%K\x983g6\xd3\xa6N\
\x8d\xbb\x1eF\x08\x06\x83457s\xe4\xc81\xf6\xee\
\xdf\xcb?\xff\xf3T*B\xe4\xb3\x92\xcb\x9d\xe7\xf3z\
nH\xe6\xe4t\x89\xb3\xc9\xb55lX\xbb\x96\x05\xf3\
\xe71\xa9\xbe\x9e\xda\x9a\x1a$I\x8a\xb9\xa1\x1a\x08\x04\
hi\xf1q\xccs\x9cm\xdbw\xf0\x97\xbf\xff\x83\xde\
\xfe\x8c\xf4\x18M\x17\xeb\x1090\xd8\x82\xc1 5\xd3\
\x93ob\xe5{\xa3\x88Q\x96\xfe\xdek#\x12\x8b/\
\x87-\x95 B7\xfe\x02\xd0_`\xa7\xef\x92B\xc5\
\xd9\x1aF}<CK\xab\xc3o\xcb(\x15;\xfb\xa3\
K\xe5\xeeE$\xa5i\xf5\xe7\x90+#9C\xf3\x5c\
\x8a\xa8\x5c\x15\x0e1\xf1U\xe5\x88|\x0eG\xd4\xfd\x8c\
j\x10\x9b\xde\x13Q\x8e\xd3\x19`\xd4\xf0\xd4\x1cg3\
0&\xd6)q\x06\x1b\x9a\x93\xc6\xdcO\x0e!\xbd\xd4\
\x1d=\xf0\xdb\xc0\xdf\x18[\xb9j=\xe2u\x09\xbfa\
\x96.?\x0f\xf7\xac\xb1vqd\xca\xb1'\xe6\xf5\x1c\
g\xe7\xf6\x97\x95\xe1R\x97 \x92\xc8\xe5\xd0;Yx\
\xe4\x12y\xef\x96\x22\xca\xf3}\x16\xa0\xae~2\xeb.\
\xba\x14-N\x9d<\xc1\xd6\x97^\x94\xbf}\x09\xd1w\
\xa4\x0b\x11\xde\xd7O(\xa7\xc8wm]\x8cD\xa78\
\x8b\xfa\x95\xcd1\x7f$\xb9\xdc\xb1\xcf3\x88\xcf\xebQ\
^\xefqD8ZL\xfe\xe7\x07\xdfc\xc5\xb2e)\
\xdf7\x16~\xbf\x9fu\x97]\x991\xc3\xcb\x046\x01\
\x8dX\xebh*sf\xb8\xf9\xea\x97\xbeh\xda\xf5o\
\xff\xd2=xO\x1b\xab\x02\x9b\x9b\xe3\xe4\xedo\xbc\x9a\
\x8b/\xbe\x88E\x0d\x0b\xc8\xcf\xcf\xd7;%.\xdd=\
=lz\xe9%~\xf5\xc8\xa3\x1c1\xa1A\xf3\xaa\xa5\
Kx\xdb\x9b\xde\xc8\xca\x15+\xa9\xaeN-:\xab\x7f\
`\x80M/\xbd\xc4#\xbf\xff\x03{\xf6\x1fH\xf4\xf4\
\x9f\xf9\xbc\x9e\xeb\x95\x07$\x97{2\x10w\xe1\xcd~\
\xed\x1f\xf8\xd6\xb7\xd9\xb5o\x7f\xdc1\xb3\xa6\xbb\xf8\xc0\
{\xfe\x8bu\x17\x5c\x90\x92a\x1d\x0c\x069|\xe4\x08\
O=\xf3,\x8f\xfe\xe9\xcf\x0c\x0e\x0e\xea\x9f\xa4\xc6\x0f\
,\xf6y=\xf1'\x1c\x03\xc9\xe5\x9e\x02\xfc\x01\xd1\xd0\
0)\x8a\x0b\x0by\xe3UWp\xe1\xbau,lh\
\xa0\xa8\xb0P\xff\xa4\x14\x08\x04\x02\xec\xdb\xbf\x9f\x7f>\
\xf5\x14\x7f\xf8\xeb\x13q\x9b\x00\xc7\xe1\x87>\xaf\xe7\xa6\
DN\x90\x5c\xee\x07\x89\xd3\x9fB\x8f\xd9\xee\xe9\xbc\xe5\
\x8dWs\xfe\xaa\xf3p\xbb\xa7\x8f\xe97\x96\x08\xfd\x03\
\x03<\xff\xc2\x0b\xfc\xf4\x7f\x7f\xce\x99fcED\x96\
4,\xe0\xae\xdbn\xd5\x1f\x98 {\xf6\xee\xe3\xfeo\
\x7fGo\xd8\x97ZN\x1c\xbf\x1f\xcc\xa9\xc3\xac\x15j\
5\x00\x14\x14\x0e\x04\xe8\x1b\xd5\xb9k\x22\x9b\xed\xa7G\
\xa8\xda\xd5/\x12\xd7#\xecE\xc4&\xf6\x11\x09\xad\x92\
\xdf\x95\xb2Q+\xf7\xe7X\x0e|\x05\xd1\x88\x06\x00\x9f\
\xcb\x09\x0b\x0b\xc6\x8a\x8e\x84I\x93\x1b\x22\x9bB\xa4d\
\x92\x99\xd3\xd1A\xaa\xd4\xf9\x1c-\x88\xde\x19\x1b\x89\xe4\
\xdb\xc8\x95\xab\xae@\x88\x0e@\xe4P,^\xbe\x0a\xf7\
\x8cYIO\xac\xae~26\x9bM)<JC'\
8\x10\xef\x13e\x12{9\x22$k2\x0a\xe3\xb1\xa3\
=v\x1f\xa7\xda\xdaz\xe5\xb7\x0bC\xd7r`8\xdc\
*k^h\xdd\x8aVu\x19\xa8\xc4d\xc0X\xde\xe7\
\xf3z\xcch\xc8\x94\x16BM\xc7\xe2b\xadcl$\
\x97\xfb2D\x13\xaa\x98\xcc\x9f;\x87Y\xb3\xf4>\x13\
\x92\xa7\xcf\xc0.~uE\x05\x1f\xbd\xe6\x83\x5cq\xf9\
e\x94\x97\x97\xa7\xed\xde\xa5%%\x5c}\xd5U\x5cq\
\xd9e<\xfd\xcc3|\xeb\x87?IK\x88\xce;\xde\
x5\xefz\xc7\xdb\x99;G\xf7\xd7\xdc0\x85\x05\x05\
\x5cq\xd9e\x5cz\xf1\xc5<\xfd\xcc\xb3|\xf7\xc7?\
I$\x1c\xeb\xe3\x92\xcb\xfd\xb2\xcf\xeb\xf9?\xc5\xb1\xf9\
z'\x99\xfd\xda\x8f\x8e\xc66dk\xa5j>\xf7\xa9\
\x1b\xb9\xe8\xc2\x0b\x0d\x87\xfb\xc6\xc3f\xb31w\xce\x1c\
\xe6\xce\x99\xc3\x07\xdf\xf7^\xfe\xf4\xd7\xbf\xf2\xd3\xff\xfb\
e\x22\xc6\xb4\x03\xf8\xa5\xe4r\x9f\xef\xf3z\x12\xb2\xc0\
C\x8d%\xffI\x92\x0d\x11\x9764\xf0\xdew\xbd\x8b\
\x0b.8\xdft\xb1\xa1\xc4n\xb7\xb3h\xe1B\x16-\
\x5c\xc8u\x1f\xfc \x7f\xf8\xd3\x9f\xf9\xc5\xa3\xbfKT\
\x80|Fr\xb9\xfb|^\xcf\x9dF\x06K.\xf7C\
(\xfa\xb9%\xc2\x15\x17n\xe0\xbf\xde\xf9.\x96,Y\
\x84\xdd\x9e\x9e\xd4\xea\xc2\x82\x02\xae\xbe\xea*.\xbe\xf0\
B~\xfd\xc8\xa3\xfc\xf7/~\xa9{\xceU\x97^j\
\xca\xef\xcd\xc1C\x87\x8c\x0c\x0bw\xdbN\x9b\xf0\xf0\xbd\
\xb18(\xfd\xbdW+\xd4J\xaen%|\xb7*\xe1\
\x91dG\xf2\xa1\x00\xec\x1f\x8a.\x95\xdb\x8c\x10\x11\x9b\
Q'\x90\xcb\xf9\x02r\x12\xb9,:\xaeD\x94e\xad\
\x80P\x12\xf9\xb2B\x98\x1a'\x9f\xc3\xe8t\x8d\xda\x90\
Yck*H\xf7\x9c\x86\x03\xf0j?\xd2qU\x82\
\xcf\x09\x848<\x84:\x89\xdc\x89\xa8\x0c\xf1qy`\
aa\x11+\xcf_KUU\xecf\xbbF\xa6\x9c\x97\
\x9fG~~>\xfd\x11\xd7\xe4bD\x02]nh\x0e\
\xd5\x88x\xcd\xeb\x89\x11n444\xc4\xd93\xa7\x98\
4y\xea\x98\x9f\xe5\xe6\xe5)\xbf-#\xd2DPU\
\xd9J\xfae\x93\xcdwm]6\x97 \xd0\xb5H$\
\x93\x0d\xe6fc%`\x8f\x98:\x89\xd4\xb1\xd615\
ts\x16\xa6\xbb\xa6\x9bv\xf3@ @kG\xec\xde\
cy\xce\x5cn\xfc\xf8Gy\xfb[\xdeLQQ\x91\
i\xf3\xc8\xc9\xc9\xe1\xaa+\xafd\xd5\xca\x95<\xf8\x9d\
\xef\xf2\xcc\x8b\x1b\x93\xba\xce\xc5\xeb\xd6r\xc3\xc7>\xc6\
\xcc\x99\xc9G7\xe8\xe1p8\xb8\xf2\x8a\xcbY}\xde\
*\x1e\xfc\xcew\xf9\xcfs\xcf\x1b=\xf5a\xc9\xe5\xde\
\xec\xf3zd\xebe\x5c_{\x80\x8e\x0em\xe1\xf4\xd1\
\x0f~\x80k\xde\xff>JJJL\xb9oyy9\
\x1f\xb9\xf6Z.\xbf\xe4\x12\x1e\xfa\xcew\xd9\xbc\xe3\x15\
\xa3\xa7\xaeD\x84,_\xaf7PFr\xb9/\x02\x9e\
Kx\x92\xc0\x05+W\xf0\xe1\x0f]\xc3\xb2\xa5KS\
\xda\xb5O\x075\x92\xc4\x8d\x9f\xb8\x9e7]\xfd\x06\xbe\
\xff\xe3\x9f\xf0\xfcK\xb1#\x044\xb8#\x14\xaa\xf6d\
\xbcA\xc9\x8a\x8e\xf5\xabW\xf3\x89\x8f~\x94\xf9\xf3u\
k\xb6$MAA\x01\xd7\x7f\xf4#,[\xba\x84;\
\xbe|\x1f\x9d\xdd]1\xc7\xae\x5c\xb1\xc2\x949\x9c>\
\xab\xdb\xcb\x14\x14\x7fk\xcc\xf2xD{=\x8e\x01\xc2\
\x17\xd9\x13H\xad$\xed`\x00\xfb\xb6~\xaa\xbaT\xca\
\xf6\x08\xa2\xfc\xedN\x22\xbd9\x94\xa1;\xd1I\xe4\x1f\
\x06>-\x9f\x1c\xb0\xdbh[Y\x08\xf5\x19n\xc4\x99\
\xe9\xdf\xd7\x8c\x0a\x9dP\xdf\x96\x8d=H-*\x81x\
\x08\xd1\xd8\xea \x11O\x94\x1d\xf1\xc7\xe6VB%\x8c\
\x01JJ\xcb\xb9`\xdd\x85\x14\x86\xff\xb0\xa7\xf6\x04\xa6\
Lss\xf8\xe0>\xf9\xdb\xcb\x81\x22D\x89\xde\xb8\x9f\
\x0aNg\x1eE\x85\x85\x14\x96\x94\x90\x9f\x17;\xf6\xd9\
\x99\x97\xc7\xc8\xd0\x90\xfcm9c\x9b\x08f\x9b\xccT\
!\xb9\xdc\xd3\x907\x08b0\x7f\xf6,r\x9d\xe6\x16\
[8\xdb\xd8hdX\xd6\xb6\xe3\xb6\xd61-\xe8\x0a\
\xb7)\x93\xea\xf5\x86$M\x7f\x9c\xd8\xe9\xcb.\xdc\xc0\
\xcd\x9f\xfe\x14\xf5uz\x85\x99\xd2GUU\x15\x0f\xdc\
w/?z\xf8\xa7\xfc\xfaq\xcd\x9e\x81\x9aTWT\
\xf0\x85[>\xcb\xc5\x17]\x941\x03\xb1\xbc\xbc\x9c\xfb\
\xef\xf92S&M\xe2\xff\xfd\xd6P\xcf\xc0<\x84\xd1\
|I\xe8\xfbq}\xed\x811\xf9\x03Re%\x0f\xdc\
\xf3e\x96/7/4R\xc9\xd4\xa9S\xf9\xee7\x1f\
\xe2\x97\xbf\xf9-?\xf9\xf9\xff3z\xda\xc7C\x02\xee\
\x17z\x03\x93\x15\x1d\xb3\xdd\xd3\xb9\xf9\xd3\x9fb\xf5\xaa\
U\xe3.8\xa2\x996u*\xdf|\xe0k\xfc\xf5\x89\
'\xf8\xfaw\xbf\x9f\x88\xf7C\x16\xbe\x9aj3\x94\xd3\
\x91\x90\xe8\xa8\xa9\xae\xe2\x0b7\xdf\xc2\x85\x1b\xd6el\
\x9dV\xadX\xc1\xcf~\xf8}>}\xdbm4\xfb\xc6\
FgL\x9f:\x15\xb7I\x05M\x8e\x19\x0b\x07\x0d\xff\
\xad1Sx\xc8\xe2\xc3\x8f\xe8^\xb8\x0a\x80\x8eQ\x90\
r\x93\xbbr\xdb(\xf9\xbb\x06(\xe9S\xc5V\xedE\
\x88\x8e=\x888z9\x89\x5c\xb6R\xe5$\xf2|\x84\
1p#\x8a\xa6D=Ev\x06\x97\x15BU\xec\xc4\
\xbf\xe4I5\xc1<\x01C;\xdb\x12\xcc\x87\x82\xd8_\
\xe8\xa6\xaa]\x15\xea\xf1G\xe0\x87\x8c\xad\x5c\x95\x8b\xa8\
\xb5\x1dv\xb1\xd7\xd6Mf\xf9\xca\xd5\xe4\x15\xa4\x16+\
\xadd\xba{\xa6Rx\xac\x0f=\xc6`s8()\
.\xa1\xa0\xa0\x90\x8a\xaaj\xa6M\x9fAII\x89\xee\
\x07HeE\x15\xcdMa\xe5?\x1f8CB\xfd<\
\xc6\x1d\xdd\xc4\xf2\xd93g\x9a>\x89\xd3g\x0c\xed\x9e\
\x1c6{\x1e)`\xadc\xea\xe8\x87\xfc\x99h\xf8\x0f\
\x0c\x8c-\xc1\x98\x9b\xe3\xe4\xae[o\xe1\x8dW\xbf!\
m\xe1\x12\x89\x90\x93\x93\xc3gn\xbc\x81\xe1\xa1a\x1e\
\xfb\xeb_u\xc7o8\xff|\xee\xfe\xc2\xe7\xa9\xae\x8e\
\xed-6\x0b\x87\xc3\xc1\x8d\x9f\xb8\x1e\xbb\xdd\xce\xff\xfe\
\xfa7FN\xb9Xr\xb9\xdf\x1d\xea\xc4\xae\xfb\xfbS\
[[\x9b\xf2\x1cc\x11\x9dcq\xc1\xca\x15\xdcs\xf7\
]\x19_\xc7\x9c\x9c\x1c>z\xdd\xb5L\xaa\xab\xe3\x9e\
\x07\xbe\x8e?F9\xf7(\x1e\x96\x5c\xeeM>\xaf\xe7\
h\xac\x01\x92\xcb}>\x09\x8a\x0e\x87\xcd\xc6g>y\
=\xff\xf5\xcew\x92\xa7\xf6\xeeg\x15v\xbb\x9d\xb7\xbf\
\xf5\xad\xcc\x9e5\x8b[\xef\xbc;\xae\xd7R\xc1\x14\xe0\
>D^\xa6\x8aP\xf5\xaa\x84\x12\xc9\xaf\xbe\xecR>\
w\xd3g\xa8\xa80\xb5g\xa1&3f\xb8\xf9\xc9w\
\xbe\xcdG?u\xd3\x18\xcf\xc7\xd5W\x5cn\x9a\x082\
\x18je\x9a\xc7\xc3@I\xdd$\xa3L\x0e\x0d!\x1d\
\x19\x8a>\xfaUD\xe2\xbaV\x12\xb9\xb2)`\x1e\xa2\
B\xd2}(>\xd4|5NX\x11\xab?G6\xc6\
AM\x10\xce\x0cS\xf2J/\xf9\xea\x86\x91?D$\
\xb0EW\xaeZ\x06|\x0eQ\xe2\x16\x9b\xcd\xc6\xac9\
\x0bX\xb0hq\xf8\x97\xc4\xf0+\xa13\xb0\xa8\xa4\x04\
\x87\xc3\x89\xdf?6\xee\xbd\xa0\xa8\x88\xe2\x922J\x8a\
\x8a\x99\xe6\x9eIYy9\xce\x9c\x9c\xb8\x09\xeb\xd1\x14\
\x16\xa9b\x5c\xebP\x87[\xc9\x17J\xbc\xb2U\xe6\xd0\
5\xf6\x5c\xd3\xc6\x86\x99\xa5\x9b\x13'N\x18\x19f\xe8\
\x93n\x9c\xb0\xd61ut\xd7\xd0\xcc\xae\xef\xfd\xfdj\
\xe11\xa5\xae\x9e\x87\xbe\xf6\x95\xb4\xe6F$\x83\xc3\xe1\
\xe0\xb3\x9f\xf9\x14G=\xc7ye\xf7\x9e\x98\xe3>\xfa\
\xc1\x0fp\xfdG?\x92\x96\x1c\x84d\xb1\xd9l|\xe2\
c\x1f\xe5\xcc\xd9\xb3\xfc\xf3\x99g\x8d\x9cr\x0f\xf0{\
\x0c\xf4\x12\xaa\xcb\x90\xf0x\xf3\x95Wp\xc7m\xb7\xa6\
\x5c, \x15\xdep\xd5\x95\xe4\xe6\xe6q\xfb=\xf7\x18\
\x19\x9e\x0f|\x17x\xb3\xd6\x0f%\x97{:\xa2\xe2\xa2\
a\xe6\xcd\x9a\xc9\xbdw\xdf\xc5l\x13sj\xd2\xcd\xc2\
\x86\x06~\xf6\xa3\x1fp\xd3m_\xe0T\xa3\xa1\x0d\x98\
OK.\xf7\xd3>\xaf'\xac\xe8%\x97\xbb\x9c\x04\x9a\
X:l6n\xfb\xcc\xa7y\xf7\xbb\xde9\xae\xde\xa0\
\xe9\xd3\xa7\xf3\xcd\xfb\xef\xe3\x93\x9f\xbdE%VW\xaf\
Zi\xca\xfdz{{\x8dT\x18k\x05\xc2*\xd0\x8c\
m\x1b-\x8fGx\x9b9\xbf\xc3/\x12*\xf4\xae \
\xe3\x0f\xc2\x9e\x01\xaa\x8f\xaaDG\x17\x22?\xe3\x8f\xc4\
n\x0a\xa8\x0c\xad:\x1f\xf1\xcb\x18\x11\x1d\xf5NX]\
h\xac)`2\xa4\xd3\xb4L\xfaZI\x9e\x98J#\
A\xcf\x10\xd2\xc6\xeeh\xd1\xf1\x10\xe2\x0f\x8aRt\xe4\
\x00\xe7!\x1a;\x86K3\xcdkXD\xc3\xe2%\x09\
\xff\xe2\x065\xfe\x17\x8d\xcdfC\xaa\x11\x7f\xb0\xf2\xf3\
\x0b\xa8\xa9\x9d\xc4\x8c\x99sX\xbdv\x03\x97]\xf1F\
\xd6_x\x09\xcbV\xad\xa6\xaa\xbaZ\xf1\x07\xdb\xf8\x1a\
VU\xab\xfe\x18.!\x22<\x0c\x86Z\x8d\xbb\x1e\xd1\
\xfd\x83?e\xf2d\xd3'\xb1\xef\xa0\xa1M\xf8l5\
\x98\xc1Z\xc7\x94\x08\x95\xf6\x8c[\xae\xad\xa8\xa0 \xe5\
\x12\x9d\xf1P\x0a\x8f%\x0d\x0b\xf8\xd9O~8\xee\xa2\
C&//\x8f\xbb>\x7f[\xcc\xf2\xbc_\xbc\xf5s\
\xdc\xf8\x89\xeb\xc7Ut\xc8\xd8\xedvn\xff\xdc-L\
\x9fjHh7H.\xf7\x85\x8c\xf3k/{\xbb\xde\
r\xd5\x95\xdc\xfd\x85\xdb\xc7Ut\xc8\x5cz\xc9E\xdc\
u\xcb\xcdF\x87\xbfIr\xb9\xdf\x14}Pr\xb9\x8b\
\x80?#*6\x1a\xe2mo\xb8\x8a\xff\xf9\xf1\x8f&\
\x94\xe8\x90\x996m\x1a\xdf\xff\xe6\x83\xd4\x18\xaf\xda\xf6\
\xb0\xe4rK\x8a\xef\xff\x1b\x83}:\xf2\xf3\xf3\xf9\xfe\
7\x1f\xe4\xbf\xde\xfd\xae\xac\x08A[\xbel\x19\x9f\xbd\
\xf1\x93\xe1\xef\xab+*\x987\xd7\x9c<\x13\x83\xb9\x84\
\xaa\xbf3f\x0a\x0f\xa5\xc7#\x5c\xaf3*L\x0a\xcd\
\x0e\xe62}\x01\xd89\x88\xe4\x1d\xc1\x16\xb1\xc9\xf6!\
\x12\x90\xff\x89(S*\xe7t\xc8\x01}\xd1\xfd9.\
\x01\xbe\x85h\xb8\x03\x80oy!\xac,L\xce\xa1\x11\
g\xbaI1\xee\xb6f\x1a92H\xd5\xf6\x1e\xe5\x91\
\x16\xe0N\xe0\x09\xd4\xa2\xc3\x89(S\xfb\x9d\xd0\xf7\xe4\
\xe48Y\xbct%s\xe77\xc4\xbe~0\xfcO\xd2\
,hX\xc4\xa2%\xcb\xb8\xe4\xf27\xb0\xfe\xe2KY\
\xb6j5S\xa6\xba\xc8\xcd\xcb\xd3\xfe\xc0H\xe0v\x05\
\x85\xaa\xb0\xfeeD*[\xa9\xfayH\xbfl\x1a\xff\
O&mtC\x1c\xcc\xdci\x04\xd1#\xe0t\x93n\
nB\xbb\xcf\xebi3u\x22\xa9a\xadcj\xe8Z\
9\x8b\xe6\xcf3\xf5\x0f\xbc\xdc\x0ct\xd9\xc2\x85|\xf7\
\xc1oP#I:gd\x96\xe9\xd3\xa7\xf3\xb1k>\
8\xe6\xf8\xd7\xbex\x17o\x7f\xdb[\xc7aF\xb1)\
--\xe5\xcbw\x18\xae@\xaa\x9b\x1cm\xf6k?8\
8\xc8\xa5\x1b\xd6s\xe7\xed\x9f\xc7ir\x1eV\x22\xbc\
\xe3\xedo\xe3\x1doz\xa3\xd1\xe1\x0fi\x1c\xfb\x7f\x88\
\xf6\x01\x86\xb8\xf9\x13\xd7\xf3\xc5;\xef\xc8h\xb5\xaat\
\xe3rM\xe3[_\xbb\x9f\xdc\x1cC\xafc=\xf0)\
\x00\xc9\xe5\xfe\x06\xf0_FN**(\xe0\xa7\xdf\xfd\
6kV']\x8d\xd8\x14\xde\xf3\xaew\xb1|\xd1\x22\
@\x84Y\x99\xb5\x11aPx\xa8v\xc1\xcc\xda\x12\x89\
\xf6x\x8c D\x82x\x07\x8f\x06\x85\xe9\x19\x8f\xc6Q\
*v\x0fh\xf5\xe7x\x00Q\x15I\x99D.\x0f\x8a\
\xce\xe7\xf88\x10\x96}~\x87\x8d\xf6\x95\x85P;\xfe\
;A\xe3\x86\x19\x11dr\xe5*\x8f*6\xf6(\xf0\
\x0d\x22I\xe4JO\xd4\x9bP$k9\xf3\xf2\xd8\xb0\
\xe1RJ\xca\xcaL\x9c\xa4\xa0\xbc\xaa\x8a\x8a\xea*C\
\xd7Ot\x16\xa5\xa5\xe5\xe4\x17\x162(\x12S\xebB\
\x8f^\xd4^\x8fl\xc6@\x88\x83\xb9\x09\xb5\xcdM\xcd\
F\x86\x1d\x94\x5c\xee\xef\x9b:\x91\xb1l\x046\xf9\xbc\
\x9e&\xdd\x91\xd6:\xc6\xc3\xc8:\xea\xba\x16f\xce0\
\xaf:\x13@o_/K\x1b\x1a\xf8\xf67\x1e\xa0,\
\xfc\xb9\x94]\xbc\xf3\xedo\xe3\xff~\xf3H\xb8d\xf2\
\x17o\xfb\x1cW]y\xe58\xcfJ\x9b%\x8b\x17\xf3\
\x8e7^\xcd\x9f\xfe\xae\xdb\xe7\xee\x1dz\x03\xcc~\xed\
\x0b\x8b\x8a\xb8\xe7\xae;M/\xfe\x90(6\x9b\x8d\x9b\
n\xbc\x81W^\xdbe\xa4\xbf\xcc|E\xce\x0c\x92\xcb\
\xfdM\x0c\x1a\xd2\x00_\xbd\xeb\x0e\xae~\xc3\x1bR\x98\
m\xf6\xd0\xb0`\x01_\xfc\xfc\xad|\xf9\xeb\xdf02\
\xfcn\xc9\xe5~\x05\x11Q\xa3KQA\x01?\xfe\xce\
\xb7X\xb40\xeb*\x92\x93\x93\x93\xc3g?u\x03\xd7\
~\xf2F\xd6\x9co\x9e(:}\xc6P\xf3K\x95\xc7\
#\xad\x16xTI]\xd9\xdb\xe1G\x88\x83\x13\xc8\x15\
\x8b\xfa\x02P\x1e\xc3\xd9\x12\x04N\x0d#\xed\x19\xd3D\
\xe7a\xe0g\xc4\xce\xe7\x90\x93\x94\xe5\xf0\xaa\xcf\x02\xd7\
\xc8'\x0f\xe7\xdb\xe9Z\x11'\x89\x5c\xd3\xca\xcc\x86<\
\x8fT\x13\xccSy\x0e\x06\xce\x1d\x0d\x8a\xcaU>U\
\xde\xc4!Dc\xc0\x03hW\xae\x0a\xbb5\xf2\x0b\x0b\
Y\xbb\xee\x12\x8aKK\xe2\xde2\xad\xaf\x84I/k\
Aa!\xc5E\xc5\xb2\xf0\x00\x98\x04\x1cg\x02$\x98\
K.\xb7\x13\xd1\xbb$&\xf9\xf9\xf9TV\x9a\x9b0\
\xd7dl\xf7\xe4\x82\xd0#\x93\xdc\x04 \xb9\xdcG\x11\
\x0d\x02\xbf\xef\xf3z^\x8b\x1ed\xad\xa3.F\xd6Q\
\xbf\xaa\xd1\x14\xb3C\xd5\xec|\xfd\xab\xf7e\xad\xe8\x00\
\xa8\xaa\xac\xe4\xddo{\x0b\xbf\xfd\xc3\x1f\xb9\xfe\xdak\
x\xfb[\xb3\xcb\xd3\x11\xcd\xfb\xdf\xf3_F\x84\x87n\
\x5c\x93\xd9\xaf\xbd\x99\xb9C\xa9RRR\xc2\x1d\xb7\xde\
\xc2\x0d\xb7\x18j\x02w3\xf0{\xc9\xe5~\x1b\xa2x\
\x8b!\x1e\xbc\xf7\xcb\x5cv\xa9v\xa3\xdc\x89\xca\xd5o\
\xb8\x8a\x97\xb7m3\x92k\x94\x83\xc1\xbc\x0e\x87\xcd\xc6\
\xb7\xbf\xfe@V\x8a\x0e\x99\x85\x0d\x0d\xbc\xfd\xea7\xb0\
\xa8!N$I\x8a\x9c>mHx\xa8<\x1ef\x95\
\xe6P\x8a\x8f\xd1\xd0#\xb2\x057\x18#~e8\x08\
[\xfb\xa3E\xc7I\xe0\x06D\xbc]\x1f\xc2\xd3\xa1\xac\
\x5c\xa5\xec\xcfQ\x80\x08q\xf9\x15\x0a\xd1\xe1\xabu\xd2\
uQ\xb1I\x95\xab\xf4HS,U6\x86d\xb5\x8e\
\xe2|\xaa+Zt<\x0e|\x02\xe1\x9dR\x86\xbf\xe5\
!>\xfc\xc2\xbf\x01\x15\x15\x95\xac[\xaf\x10\x1d\xe9\xc0\
p8V\x22\x0bj|lQQ\xb1\xf2\xdb\xa9L\x9c\
<\x0f\xdd2K\x8b\xe6\xcd5\xbd\x9a\xcfYc\xbb'\
\xe3\xc9,\xe0:\xe0U\xc9\xe5\xbeQ\xe3\xe7\xd6:\x1a\
#\xde:\x8e{\x8e\xcc\xfau\x17d]x\x95\x16\x97\
\x5ct!\x97nX\xcf\xc7>\xfca\xfd\xc1\xe3\x8c\xdb\
\xedf\xc3\xea\xf3S\xbeN&\xf2\xa3\xb2\x99\xf3V\xae\
\xe4\xea\xcb\x0c\x09\x83\x0b$\x97\xbb\x81\x04\x12\xa4\xbfz\
\xf7\x9d\xe7\x9c\xe8\x00\xe1-\xfa\xcc\x8d7PT\x10\xb7\
\xca\xb9\x8c\xa17\xd8\xbdw\xdd\xc1\xaa\x15\xcbS\x9bX\
\x06\xb8\xe5\xb37Q`\xecy'\xc5q\x8fG\x7fP\
T\xbf(3\x85\x87\xec\xed\x90C\xad\x8e\x85\x7f\xda\x1b\
\x18\x9b`\xde\xeb'\xef\xe5~\xa4\xb6Q\xe5\xd1\xbd\xc0\
\xfb\x10;c\xb1D\x872\x89|%\xa2\x1bv\xb8\x17\
\x84oJ.\xac,\x80\xdc4n4\x1b\xcd\xf3\xc8F\
\xb1`\x14\xbd\xb9\x9f\x1a\xa2\xea\xd9N\xca\xbbT\xaf\xd7\
\xf7\x80\x1f\x11y\x8d@\x88\xc2\x15\xc0\xff\xa1x]\xa6\
\xb9g\xb0\xfe\x92+(J\xb4\x11S\x1caa\xdar\
'p\xe1jiL\x82y\xb4\xb7#[C\xaet\x9b\
ve\xa2\x04\xecI\xfd\x10\x82l\xe2\xc7\x92\xcb\xfd\xdb\
\xa8c\xd6:&N\xf4:\x8ekE+ +\x12D\
\x8d\xb0\xb0\xa1!n\xa2y\xb6\xf1\xb6\xb7\x8e\xc9yN\
\x98Z){=\x12\x99\xe2\xa3\xd7~\xc8\xe8\xd0\xcf\x22\
B~u\xb9\xe5\xc6\x1b\xb8\xfa\xaa\xab\x92\x9eS\xb6S\
[S\xc3\x8d\x1f\xfdHZ\xaeu\xed{\xdf3a\xd6\
\xca\xcc\x1c\x9d`0\xc8\xee\xfd\x07\x8c\x0c5]xh\
U\xb5\x1aA\x91`N\x7f\x94%wf\x84\xe2\xad\x03\
\x94\xf6\xaa\x1a\xbe\xecAt\xb7\xeeD\x1d^%\x9b\xfd\
\xca\xd0\xaaBD\xb2\xf2O\x80*\x10\xba\xc67=\x0f\
\x96\x17\x80cb\xfc\x11\xc9\x18\x09Y\xe8\x1a\x83O\x0c\
!m\xee\xc1\x1e\x11`\x83\x88\xdc\x9b?\xa2\xee\xd1\x91\
\x83\xf0p|\x03\x98.\x0fv\xcf\x98\xcd\xb2\x15\xe7M\
\x88?\xeeA\xc0\xef\xf7\xd3\xd9\xde\xce\xd1#\x87xm\
\xc76FG\xc6\x96\xe3\x95)P\x97\xd4\xadA\xbcO\
\x95^\x8flE7!zj\x06v\x1a\x8f\x1d?n\
\xfa=\xd2\xcc\xfb\xa3v\xec\xaduL\x0e\xe5:\xeaz\
<\xb29\x1c&\x93\xe4\xe4\xe4P^^>\xde\xd30\
\xcc\xf2\xa5Kq\xa4\xf8\xb9_[k\xbd\xf6\xd3\xa7O\
\xe7\x1do\xbc\xda\xc8\xd0\x8f\x1b\x19\xf4\x9e\xb7\xbe\x95\x0f\
\xbc\xf7=\xa9Mj\x02\xf0\xe67\xbf\x89\xb2\x92b\xfd\
\x81qX\xbeh\x11\x9f\xf8\xd8G\xd34\xa3\x89M{\
G\x07}\x1a=\x8f\xa28\x81\xb0\xdf\xc3d*\xd4j\
\x04Er\x89\xad\xd7/\xca\xe4\x06\x82\xb0o\x08\xe9\xb5\
\x01\x0a\x06Un\x84\xbb\x80\x0f\x01\xbb\xd0\x16\x1dr\x7f\
\x8e|\x22\xdd\xa7\xbfG\xa8[p\xc0n\xa3uu\x11\
,\x1a\xff2x\x02\x1dK_W\x08$\xa0\x14\xcc\xf4\
\xb2\x04\x82\xb0\xab\x9f\xaa\xed\xbd\xca\xa3'\x11\xbb*\xff\
 \xf2\x1a\xc9\x9e\xa8\xf3\x10e\x8c\x0b\x01r\x9c\xb9\xac\
X\xb5\x86\xc5\xcbVhN6S\x0e\x22#\xd1X\xc1\
`\x90\xc1\x81\x01N\x9f\xf2\xf2\xdc3\xff\xe6\xd9\xa7\xfe\
\xc1k;\xb6r\xf2\xd4\x09\x06\x87\x86b\x9eWU\xa5\
\x0a\xcfX\x88Ztds\x92\xb9\xeeN\xfdd\x93c\
\xab\x03\x81\x00{\x0edk#\xed\xb8\xfcXr\xb9\x97\
\x86\xfeo\xadc\xf2\xc8\xeb\x18\xb7S\xdb\xa4\x1a\x89\xe2\
\xe2\xd4\x8c\x07\x8b\xf1\xa1\xa4\xa4\x84\x0b\xce;/\xe9\xf3\
k\xa5j\xeb\xb5\x0f\xf1\xb6\xb7h\xb6\xeaH\x98\xe5\x8b\
\x16q\xd3\xa7o\x9c\x10\x1b\x81\xa9RTX\xc8u\x1f\
\xf8@\xd2\xe7\xe79s\xf9\xd2\x1d\xb7gu\x13\xc5L\
\xd2\xdcl\xa8\x88\xc9\x98\x92\xedf\x06\x1a+C\xadF\
\x81\xed\xf2\x0f\xaa:\xfd\x22\x9f\xe3\xd5a\xa4\x13\xaa\xdd\
\xe3\xb3\x88rf\x7f%\xd2\x9fc\x08u\x7f\x0e\xa5\xe8\
X\x02\xfc\x12\xb87t\x9c\x91<\x1bmk\x0b@\x0a\
\xe5\xcd\xa7\x1c\xca\x9f\x0esx\xbc\x7f\xa1\xd3\xf0\x1cF\
\x82\xf0b\x0f\xd2\xc1~\xec\x81\xf0\xf5\x8e \xba\xc0\xef\
el\x0f\x95k\x10\xe5r\x0bA\x84.\x9c\xbfv\x03\
S\xa6\xb9\x0cNw\xec\x9c\x0d?\x8b\x14\x9en \x10\
\xe0\xf8\xb1\xa3lz\xf19\x9e\xfd\xcf?\xd8\xb6y#\
\x9d\xedm\x04\x02B\xf3\xfaGF\x18\xe8\xef\x8dy\xbe\
37W\xf9m1\xda\xa1VdaI]\xfdn\xc1\
&\xef2w\x18\xdb=\xc9V\xd6\x85\xbeZ\xeb\x98\x1a\
\xeb\xf4\x06\x98U\x8f\xde\x223\x9c\xbfzU\xd2\xe76\
\xcc\xd3\xd5\xf5\xaf\x1b\x16\xcc\x9f\xcf\xbcY\xa9\x85m\x16\
\x17\x16r\xef\xddwfE\xaf\x92LqE\x0a9,\
\x9f\xbf\xe9\xd3L\x9bf\xa8\xb5\xc7\xeb\x82\xa6&#E\
\x1e\xd5\x89\xe5\x90Y\x8f\xc7 \xb0\x03\xc0\x16\x04\xfb\xce\
A\xa4\xa61I\xc9\x97\x22\xbaj\xca\xfd9\xe2%\x91\
\x97\x01_Dt$\x07\xa0\xb3\xc4A\xe7\xf9\x85P\x9e\
E\xf1\xaei\xe8=\xa1\xbe\xd680\x1a\x84\x17\xba\x91\
\x9a\x87\x95G\x0f\x01\xdfD\x88CYt8\x10;\xbe\
\x0f\xa3\xa8\xc7\xee\xcc\xcbc\xed\x85\x97RY\xa5\xd8\xc8\
4\xe9\xb9\x18i$\x18=:\x10\x08p\xf6\xf4)v\
n\xdf\xca\x0bO\xff\x8bW\xb7\xbfLK\xe3\x19\x06\x06\
\xfa\x09\x06\xd5\xd7\xf1\xfb\xfd\x1c>p`\xccq%\xb9\
\xea\x0f\xf1*\x12\xce\xf1\x18\x97\x17z\xdc\xc3[\x1a\x8d\
}\x88e+\xb2\xc1l\xadcj\xe8\x0a\x8f\x99\xee\xe9\
\x19\x98\x86\x85Y\xb8\xa7OO\xfa\x5c\xeb\xb5\x8f`\xb3\
\xd9xW\x8a=[\xee\xbe\xedsL~\x9d%\xeb\xd7\
\xd5\xd5r\xd1\xda\xc4\x8b\xf9\xadX\xbc\x887\x1b\xef\xa3\
\xf2\xba\xe0\xf4Y\xdd^Q\xa0!<\xd2\xde\xd0\x22T\
R\xd7\x86\xba\xa4\xae\x9c\x81|\x0f\xf0w\x80\xaa.U\
>\xc7w\x11\x1d\xace/\x89|\x9e\x5c\xf8T\xdeE\
\xcfE\x88\x8eu\x88\xc6t\xe1v\xa8\xbei\xb9\x22\xb4\
\xca\x9e!\xa3M\x0e(J\x17\xd9P\xb97\x9a \xd0\
6\x8asG_t\x12\xf9\xc3\xc0\xef\x10\xc20:\xe7\
FU\xb9\xaa\xb6n\x12\x8b\x97\xaf\x0aWUH\xcb\xd3\
L\xc3E\x82~?m\x1dmtuu\xd1x\xfa4\
\xcdMq\xab\x00\x1dA\x08\xe3\xbb\x01\x1a\xcf\x9e\xa2\xbb\
\xb3\x93\xb2\x0a\xed\x92\xa85R-\xa7Oy\xe5o\x97\
\x22\xc2\xd1\xc6x=\xb2\x05\xc9\xe5.C\xe4\xa3\xc4\xa4\
\xa6\xba\x8a\x92D\x0b\x01$H\x931\xb7m\xb6\xb2\xce\
Z\xc7\xb4\xa0+<\xa6L\x9a\x94\x89yX\x98\xc4\xe4\
\xfa\xe4_?\xeb\xb5W\xb3v\xcd\x9a\xa4\xcf\xbd\xe2\xe2\
\x8b\xb8\xfc\xb2\xcb\xd27\x99\x09\xc4\xc5\x1b\xd6\xf3\xfcK\
\x9b\x13:\xe7\xd3\x9f\xfc\x84iM\xf8&*'\xbc'\
\x8c\x0c\x1b\x13\xf7kv\x03\xc1 \x91\xeaF\x00/\x01\
\x9fF\xf4x\xc8C\x84Q\xdd\x810b\x95\xe7\xc8\xc8\
\xfd9\x94\x95\xab\xd6 DJx\xee\xbe\x19\xb9\xb0 \
\x1fe{s\x0b\x1d\x8c\x18\xef'\x87\xa9\xde\xda\x13\xbd\
\xac\xdf\x01\xfe\xc2\xd8\x9c\x9b\xc5\x88\x1e\x1d\xe1\xae\xc3u\
\xf5SXy\xfe\x1a\x93J\x87&\xaf>Z}-\xec\
\xdf\xf3\x1a\xedm\xad\xe1\x10\xaa(\x86\x11\xef\xb1\xed@\
\x17\x91\xa6\x94\xcf\x02\x97\x00\xb4\xb6\xb5\xc6\x14\x1eE\x85\
\xaa\x18d\x17c\xf3<\x08\xfd?[\xde\xb0\xba\xe1A\
\x0b2\x10\xde\xe2vM\xe7\xa1\xfb\xee3\xfd>\xc9\xf0\
\xeb\xc7~\xc7\x9e\xf8\xd5;&c\xad\xa3.\x06\xd71\
.\xf5Y`|\x0e\x0e\x0e\xd2\xde\xd1\xc1\xd0\xe0 \xb9\
yy\x94\x95\x96f}\xeeAwO\x0f===\x0c\
\x0f\x0d\x91\x97\x9fOyY\x19\x85\xe3\xd0\x95:\x95\xe4\
\xf0I)\x88\x96t\xd2\xd5\xddMoo/###\
\xe4\xe5\xe5QYQ1.q\xff5554\xcc\x9d\
\xcb\xbeCc\xc2\xe8\xe3\x92\x9f\x9f\xcfM7\xde\x90\xd1\
\xbc\x8e`0\x88\xd7\xeb\xe5\xd0\xe1#\x9c:s\x86\xee\
\xeen\xfa\xfb\xfb)))\xa1V\x92\x98=g6\x8b\
\x1a\x1a\xc8U\x87+\x9b\xc2\x82y\xf3\x13\x1a\xff\xa6\xcb\
/c\xf1\xa2E\xfa\x03M \x18\x0c\x8a\xf0\xd9\xbe>\
\x00\xf1~\xab\xac\xcc\x0a\x11t\xf4\xf8\x09C\xc3\xa2\x0f\
\x989s\xd9\xe3\xa1\xfc\xde\x8e\xe8\xb1\xf1\x1b`9\xf0\
\x1aj\x03L\xfe-\x90\x05G\x0ej\xd1q\x05\xf0\xa0\
|\xc1\x91<\x1b\x9d\x8b\x0a\xa0\xde\xc1X\x1bN\xe1\x92\
H\xc4F5\xcd\xf3\x90\xea\x853\xd8H0\x00\x1c\x1f\
D\xda\xd9\xa7<\xda\x87\xf0L\xfd\x0b\xe1\xc1\x92\x178\
\x07\x11^\xf5E\x14F\xc3\x94\xa9\xd3X\xba|\xb5\x01\
\xd1\xa1\x9eW\xbc\xef\xd2Eg{;\xad>\xcd\x06k\
\xff\x87\x08\x07\xdcM\xc4\x9b#{r\x86\x11\xb9,\x97\
\x00t\xb4\xb6\xc0,m;S\xaa\xaf\xe3\xd0\xa1}\xf2\
\xb7\xb1J\xeaf\x13\xba\x81\xd33\xddn\xd3'1s\
\xe6\x0cf\xce4\xb7+q\xb2\xfc\xdfo~md\x98\
\xb5\x8e:\x18\x5c\xc7\xb8\xd4\x8dCE\xab`0\xc8\xbe\
\xfd\xfby\xe9\xe5-l\xdc\xbc\x99\x03G\xc6\xfc-e\
\xee\xcc\x19\xbc\xe1\x8a\xcby\xf3\xd5WgE\xa5\xa9\xfe\
\x81\x01\xb6m\xdb\xc6\xd6m;x~\xf3K\xb4\xb4\xb6\
\x8d\x19\xb3|\xd1\x22\xdet\xd5\x95\x5cq\xf9e\xa6\xd6\
\xfaW\xe2t:\x91*+\xf1\xb5\xb7'|\xeexU\
\xb4j\xef\xe8`\xeb\xd6ml\xde\xba\x95m\xaf\xec\xa4\
\xb5\xa3C\xf5s\x87\xc3\xc1\xdaU\xabx\xe3\x1b\xae\xe4\
\xa2\x0d\x1b2j\x14^\xb4~m\xc2\xc2\xe33\xd7\x7f\
\x8c\xfa:CUvS\xc6\xef\xf7\xf3\xfc\x0b\x1b\xf9\xe5\
#\x8f\xe8\xce\xb3V\xaa\xe6\xe6\x1bo\xe0\x0a\x93=1\
\xd3\xa7\xbb\xa8\xae\xa8\x18\xf3:j\xe1\xb0\xd9\xf8\xd8\x87\
\xaf3u>Z\xec\xd9\xbb\x97\xa7\x9f}\x8e\x7f?\xf3\
\xec\x98\xdf\x15\x87\xc3\xc1\xb2\x85\x0d\x5c\xb8~\x1d\x17\xae\
_\xcf\xe4q\xd8\x8c\x19\x1d\x1d\xe5\xe0\xe11QTZ\
\x9c\x8c>`\xb6\xf0\x80\x88\xf8\x90\x85\x88\xbc\xeb\xbb\x8d\
\x88\x01fS\x1c\x97\x1f\xca$\xf2\x02\x84g\xe4\xdd\xf2\
\xc5G\x9d6\x91\xcfQjn#\xae\xc8\xd4\xb3\xc4V\
4{*A`S\x0fR\x93*\x9f\xc3\x0b|\x0d\xd8\
\xc7\xd8D\xff\xcb\x80[\x10978\x1c\x0e\x1a\x16-\
c\xfa\x8c\x99\xa9\xcd7\xc6y\x86/\x17g`\xfd\x94\
\xa9\xec~m\x87\xfcm;\xf0{\xe0y\xa0\x15\xe8E\
\xe4\xad(\x85G\x1e\xc2s\xb7S>\xa9\xa5\xb9\x89\x81\
\xfe~\x0a4v\x0c\x8b\x8aK\x95\xdfN!\xfb\xfbx\
\xe8\xf6M\xc8D\x09\xd8lexd\x84\xc3G\x8f\xe9\
\x0f\xb4\xd61.\x09\xacc\x5c\xa4\x0c\x0a\x8f@ \xc0\
K/\xbf\xcc\xcf\xfe\xef\x97\xbaF\xd3\xa1c\xc79\xf4\
\xf0\x7f\xf3\x9b\xdf=\xce\x03\xf7\xdd\xc3\x8ae\xcb24\
K5===\xfc\xed\xef\x7f\xe7\xe7\xbf\xf8\x15]}\
}q\xc7\xee\xdc\xb3\x87\x9d{\xf6\xf0\xbb?\xfe\x91\x07\
\xbf\xfa\x95\x8c%\xce\xd6\xd5\xd5&%<\xa4\x0c7u\
lkk\xe3\xb7\xbf{\x8cG\xff\xf0'\x86Gc\x97\
Q\xf7\xfb\xfd\xbc\xb8e\x0b/n\xd9\xc2\xd2\x86\x06\xbe\
\xfa\xe5/2)C\xc6\xe0\xd2\xc5\x8b\x13\x1a?\xb5~\
\x12o{sz*b\xe9q\xb6\xb1\x91\xaf<\xf0u\
\xb6\xbf\xb6\xcb\xd0\xf8f_+w\xde\xf7UZ\xdb\xda\
x\xff{\xcc+\xefk\xb7\xdb\xb9`\xf5y\xfc\xed_\
\xff\xd6\x1d\xfb\xfew\xbf\x8b\xa9S\xa7\xea\x8eK\x17g\
\x1b\x1b\xf9\xce\x0f~\xc8s\x9b^\x8a9\xc6\xef\xf7\xb3\
c\xd7nv\xec\xda\xcd\xb7\x7f\xf4\x13\xde\xff\xcew\xf0\
\xb1\x8f|\x98\xb2\xd2\xd2\x98\xe7\xa4\x9b\x96\x96\x16\xfcq\
r]C\xecA\xa3\xf3\x9d)V\xbb\xef\x8d\xc5\xf2l\
\x94I\xe6\xd1U\xae\xe4\xff\xcb?\x03a\x90)C\xab\
\x0a\x111\xf2\xbfB!:\xfa\x0a\xedt\xac\xcb\x94\xe8\
\x88\xc3\xb9\xd6Hp(\x00\xcfwG\x8b\x8e=\xc4\xae\
\x5c\xf5fDE\xb12y\xf0\xf2Ukp\xcd\x98\x19\
\xf7)\x07\xc7\xfc'\xbd\xe8%\x98\x17\x15\x15\x91\x93\xe3\
\x94\xbf\xadD(\xf2.\x84\xe0\xe8W<\x06\x14\x8fA\
D\xd55\x00\x06\x86\x06\xe9\xee\xee\xd4\xbc\xbe\xd3\x91\xa3\
\xf4\xf4LA\x88\xe7\xe8r\xba\xd9\x94`\xaek0\xd7\
O\xaa\xcf\xc4<\xb2\x12\x9f\xcfg\xe4\x03v7\xd6:\
\xc6\xc5\xe0:\xc6e\xfe\xecY\xe4:\x9d\xfa\x03\xd3\xc0\
\xe9\xd3g\xb8\xed\xce\xbb\xb8\xf9\x8e\xbb\x12\xdaQn\xed\
\xe8\xe03\xb7\xde\xce\xc9\x93c6\xfaLg\xf3\x96-\
\xbc\xff\xba\x0f\xf3\x9d\x1f?\xac+:\x94\x1c>\xee\xe1\
\xe6/\xdcIoo\xec\x8a}\xe9D\xaa\xaaJ\xf8\x9c\
y\xb3ff$\x0cG\xe6\xe9g\x9e\xe1\xdd\x1f\xb8\x86\
_\xfe\xee\xb1\xb8\xa2#\x9a\xd7\xf6\xed\xe3\x13\x9f\xb9\x89\
\x96\x16M\xafz\xdaq\xb9\x0cT\x8aT\xf0\xa9\xeb?\
\x9e\x91*V\x87\x8f\x1c\xe1C\x1f\xff\xa4a\xd1\xa1\xe4\
\xdb?\xfa\x09G\x8f\xa5\xbeI\x11\x0f\xd74cb\xe2\
moN\xbd\xe9\xa5Q\xb6\xbf\xf2\x0a\xef\xbb\xee#q\
E\x87\x16\x8f\xfc\xf1O|\xf8\x137\xe0\xf5f\xee3\
\xa7\xd9\xe732\xec\x88\xd6A\xd3,\xf7\x18\xe2C)\
B\xa2\x05G\xb4\x97\xa3\x10\x98\x86\x08\xe1\x09'+\xfb\
\x5cN\xfa7\x14A\xf18\x8b\x8es\x8d^\xbf\xf0t\
\xf8T\x1f\xb0\xff\x83\xc8\xc9\x89\xae\x5c\x95\x0b\xbc\x17\xf8\
\x82<\xb0\xb8\xb8\x945\xeb/\xa2nR\x86vtS\
\xac\x166}\xc6,\xe5\xb7\xf3\x119+\xc3Q_\xe5\
\xc7h\xe8\x11Qd\x81\x00C\x03\xda\xfd<\xec9\x0e\
\x0a\xd5y\x1euh\x84YeQI]\xdd\xc4\x83\xba\
\x9aZ\xbd!\xe7,\x06k\x95\x1f\xc6Z\xc7\xb8\x18\x5c\
\xc7\xb8d\xa2\xeb;\xc0\x8b\x1b_\xe2\x03\x1f\xfd\x18/\
l~9\xa9\xf3\x87F\x86\xf9\xc5o~\x93\xe6Y\xc5\
ftt\x94\x87\xff\xe7g|\xe6\xf3_\xe0l\x8b!\
\x83`\x0c\xde\xd3\xa7y\xf2\x9f\xffL\xf3\xcc\xb4)J\
\x22\xac+S\xaf\xbd\xdf\xef\xe7\x87?y\x98/\xdc\xfb\
\x95\x84\xc4\x9b\x92\xb3->\x1ex\xe8[\xb1r\x08\xd3\
JUe%\xd51\xf2\x0d\xa3\x996i2\x17n\xd0\
\xad\xdf\x902g\xcf\x9e\xe53\xb7~\x9e\x8e\xae\xce\xa4\
\xaf\xf1\xe4?\xcc}/N1\xe0}~\xc3\xa5\x970\
=\x85*l\x89\xb0y\xcbV>u\xcb\xad\xf4\xf6\xf7\
'u\xbe\xf7\xf4in\xb8\xe5\x16|\xc6\x04A\xca\x9c\
=sV\x7f\x90Fb9\x98\xdb\xc7CK|D[\
\x8aJ\xc1\xa1\xcc\xe5(\x02\xae\x04\x1e\x01\x16@\xa8\x13\
\xf9\xcc\x5cXT\x009\xd9b\xaf%J\xaa\x8d\x04\xd3\
\x8c|\xbf3\xc3T\xfe\xbb\x0b\xa9MU\xb9\xea\x87\x88\
\x5c\x9c!\x22\x05\x02d\xd1\xf1YD\xbf\x15\x00\xca\xcb\
*Xw\xf1eTK\xf1B \x92}r\xe6,\x8a\
T\xab\x8ao\xdd@D\x18G\xbfgel\x88u8\
\x04\x22\xe6\xbb\xa9\xf1\xb4fY]\xbb\xdd\x8e3O\xb5\
3WFv\x87[\xe9&EKR\xdc\x9en\xe74\
g\x1b\x0d\x95\x0c<\x84\xb5\x8eq1\xb8\x8eq\x99\xee\
2?\x14\xe8\x89'\xff\xce-w\xdd\x95\xb4\x01 \xf3\
\xe4\x7f\x9e\xce\x88\x07\xc1\xef\xf7\xf3\xb5\x07\x1f\xe2\x7f\x7f\
\x9d\xba\xd0y\xc2dc/\x152\xf1\xda\x07\x83A\xbe\
\xfb\x83\x1f\xf2\x8bG\x7f\x97\xf2\xb56n\xdd\xca\xb6\x1d\
;\xf4\x07\xa6\x81\xe5\x8b\x8d%>\x7f\xf4\xda\x0f\x9a\xee\
5\x1a\x1e\x1e\xe6\xcb_\xfd\x9a\xa1\xfc\x89x<\xf3\xfc\
\xf3q\xcb\xd6\xa7J]\x8d~\x8e\xcb\x7f\xbd\xf3\x1d\xa6\
\xdd_\xc9\xe1\xc3G\xb8\xed\xae/\xa6\xec\x11n\xf6\xb5\
\xf2\xb5\x07\xbf\x99\x11\xc1{\xfa\xac!\xe1\x91Y\x8f\x87\
\x8cB|(Q\x0a\x8e\xe8\x5c\x8e\x22\xe0r\xe0[@\
\xb9|B\xeb\x9c<\x98\xafp\x0f\x06\x8d\xd8m\x8a\xc5\
?'\x1a\x09&0\x07\xa3\xcf\xc1;D\xf5\xe6\x1e\x1c\
~\xd5\xcf\xbe\x05<\x86\xba\x5cn\x0e\xa2g\xca\xff\x00\
\xef\x94\x07VK5\x9c\xbf\xee\x22\x9c)%\xd3\x05\xb5\
\xbf\x8b\xf1t\xd3\xd1H\xb0\xb8\xa8\x18\xa73\xfc\x01<\
\x0d!\x0e\x1c\xa8\x8b\x1a\xc8\x8f\x1c\xc5\xb1\xff\x96O:\
s\xfad\xb8\xd2\x84\x92\x9c\x9c\x1c\x8a\xd4\x15n&\xa1\
\x16\x1c\xd9$:\xa6 ~\xe7b2w\xe6\x8c\xd7u\
\xa7\xd6\xd3g\xe2\x96Z\x969\x8c\xb5\x8eq1\xb8\x8e\
q\xc9D\x12\xe5\xa3\x7f\xf8CZ\xae\xe3\xf7\xfb9u\
*\xf5\xe7\xacGSS\x93\xa1Xu#\x1c<z\x8c\
\x9e\x9e\x9e\xb4\x5c+\xdd\x18\xd9\xa1N\x95G\x1f\x7f\x9c\
G\xff\xf4\xe7\xb4]\xef\xcf\x7f{\x22m\xd7\x8a\x87\xdb\
@\xd1\x8a\xa2\x82\x02.\xda\xb0\xc1\xf4\xb9<\xf6\x87?\
\xf0\xea\xde\xbd)_\xe7l\x8b\x8f\xae\xae\xae4\xccH\
\x9b\x82\xc2\xf8\xe1f\xb3\xdd\xd3Y\xb4p\xa1i\xf7\x97\
\xe9\xeb\xeb\xe3\xcb\xf7\xdf\xcf\xd0\xc8\xb0\xfe`\x03l\xdc\
\xba\x95\x9d\xaf\xbd\x96\x96k\xc5\xe3\xc4\x89\x13F\x86i\
\xc6\xa8\x9a.<B==@\x9d@\x1e]\xb1J\x0e\
\xadZ\x0a\xfc\x1aa\xf8\x02\x22\x9f\xc3wA\x11\xcc>\
\x17\xfe`gQ#\xc1\x00pt\x10ik\xaf\xb2\x5c\
\xee\x19\x84'\xe3\xcf\x88\x10#?\xe25\x93\xcb\xc9\xde\
\x86\x22\x9cd\x9a\xcb\xcd\x8a\xd5\xebp\xe6*c\xae5\
&g(\xe1\xc3,b\xe4y\x14\x17SQ\xa9\x8a3\
\x9eO\xe4\xbd\x18\xfd(\x08}\xcdC\xe4y\x9c\x04a\
X\xf8\x9a\xb4wq\xf3\x9c\xaa\xf7k\x92\x19_\x19q\
\x81\xe9\xee\xd2\xcf\x995Ko\xc89\xcd1\xcf\x09#\
\xc3N\xe9\x0d\xb0\xd6\xf1D\xca\xd7\xa8\xab57Tm\
hh\x88C\xc7\x8e\xa7\xedzm\x1dc+I\xa5\x9b\
\xb6\xb6\xd4v\x96\xa3\xe9Hq\xa7\xda\x08\xfe$vd\
\x8d\xecP\xa7\xc2\xc0\xc0\x00\xdf\xfe\xd1O\xd2z\xcd\xe7\
^\xdcHwwwZ\xaf\xa9E\x95\x81P\xab\xf7\xbe\
\xf3\x1d\xa6\x97|nlj\xe2'?\xfb\x7fi\xbb^\
_\x8a^\xc7x\xe8\xe5\xb9\xbc\xe3\xado\xc9H\xb9\xe1\
\xdf<\xfa(G\xd2\xf0\xd9\xa8$\xc7a~\x13\xed\xfd\
\x874\x9d\x19\xd1h\x96\xbdJ]x\xc4\xf1<D\x89\
\x8eh\xc1\x91\x8b:\xb4\xaa\x18\xf82\x8aN\xe4\xfd\x05\
v\xfa\xd7\x14Be\x16u\x22\x8ff\x22&\x98\xcb\x95\
\xab^U\xed\xd6\x1fG$\x8a\xbfJ\xa4G\x87\xec\x95\
\xba\x00\xf8-\xa1\xe4Y\xbb\xddN\xc3\x92e,^\xbe\
\x0a\xa739OGZ\x96#\xceE\xf4\xaeow8\
\xa8\xacVUHY\x8c\x10\xbf\xf2{\xb1\x18(Q\xfc\
\xbf\x1eX\x01\xbc!t\x1c\x80\xb3g\xb4\xed\xcd\xb2r\
\xd5\x1f\x82\xec\xacm*\xd0\xcdKpe\xa8\xd2M\xb6\
\xb2\xef\xa0f\x98j4\xd6:\xea`p\x1d\xe3RW\
k\xae\xf1\xe9\xf3\xb5\xa6\xf5zC\x83\xe9\xd9\xc5\x8cG\
k{z\xe7<<l\xfe\x9c;;;\x13>\xa7\xae\
\xce\xdcjf\xcd&$\x83\xfb\x83A\x0e\x1c2Tr\
4%\xca\xca\xcbt\xc7\x5c}\xe5\x15\xa6\xcf\xe3\xb1\xdf\
\xff!\xa1D\xfc\xf1D\xaf|\xf4\x85\xeb\xcc\xcf\x85\xf1\
x<\xfc\xfcW\xe9\xcf\x05\xab5\xb9\xf2_\x7f\x7f?\
\xa7cl\xba*\xe8\x004w^L+\xa7\xab\x10\x1d\
\xca\xc6i\xca\x90\x15yw\xb9\x00\xd1\xd3\xe3N\xc4\xae\
3\x00\xbe\xa9\xb90/\x17\xf2\xac$\xf2\xb42\x14\x80\
\x97{\xa3\x93\xc8_C\xe4m\x0c#\xbc\x1c\xca\xcaU\
\x97\x02\xaand\x8b\x97\xaed\x8a\x81J\x1ac+\xda\
\x9aQ\x0b8\xf9kVTV*\xbf}\x03\xf0'\xc4\
\xfbs\x18\xf1\xdck\x11\x06\xe5{\x11\xe1Xch<\
{\x9a\x96\xe6&j\xa2\x0c\xa2\x22uw\xea\xcc\xd5\xe2\
K\x1c\xddJLS2U0 \x0b\xe9\xed\xed\xa5Y\
\xdf\x18\xf5a\xadc\x5c\x0c\xaec\x5c\xf2\xf3\xf3\xa9\xac\
4\x96D\x9b,M-\x09%\xc0\xefA\xb1Q\xa6\xc5\
\xd0\xf0`J\xf31B\x8b\xf1d\xd2\x00\xa2:a\xdc\
\xfa\xabC\x19\x10\x1em\x09zU\xc4k_\xa9?0\
\x05\x9a\x12+~\xd0\x89\xf0|\x0f\x02\xe7\xc5\x1bx\xf4\
\xd8QV\xafZ\x99\xfc\xc4\x0cPVV\x1e\xf7\xe7\xab\
\x96.1=I\xba\xab\xab\x8b\xc7\xff\xfc\xd7\xb4^s\
$\x03\xefE-.Y\xbf\x8eZ\x93\xbd\xab\x00\xbf\xfc\
\xcdo\x13\xc9\xeb\x90\xcb\xf9/\x8f7(7\xc7I\x8d\
\xc9\xc2\xc3`\xa1\x90\x98;M\xa6X\xf5!\xd1\xa1\xec\
\xcb\x11\xed\xe9P\xe6s\x5c\x89hL\x17\x11\x1d\xb3\xf3\
`I~\x9aD\x87\xf9I6\x89\x91j\x82y\x0ay\
\x1eM#\x94>\xd5\x15-:\x1e\x06nB$\x91G\
W\xaez\x0b\x0a\xd1\x91\x9f_\xc0\xf2\x95kb\x8b\x8e\
\x94\xdc\x181\xf2<L\xa4\xb6n\x12%%\xe1\x9d\xa2\
RDn\xd1e\x88<\x8e'\x81\x9f\x03\xb7\xa3!:\
\x0a\x8a\x8a\xa8\xab\x9f\xcc\xac9\xf3\xc9/\xd0\xe8\xe5Q\
\xa8\x0a\xf7\xaf#\x92\xbc\x9em\xe8\x97\x80\xcdP\xa3\xa9\
l\xa4\xb9\xd9\xd0.\xe8!\xacu\x8c\x8b\xc1u\x8c\xcb\
\xa2ys\x0d4$M\x8d\xc6\xb3\x86\x12\xe0\x1fC4\
\x06}No`^\xae\xf9eKO\x9f6\x94Gr\
\x0f\x22\xd7\xacSo`^\x06J\xd66\xfb\x12\x0bA\
[8w\x8e\xe9\xaf}SS\x93\x91am\xc0\xc7\x81\
\x99>\xafg\x09\xf0U\xbd\x13\xbc\x19(\xab\x9c\xe7\x8c\
\xff\x9a]u\xb9\xb9\x0d\xf9\x00^x\xf1\xc5\xb4\xe5)\
\xc8\x94\xa87\xf0\xd2K\x1c\x83\xff\xe2\xf5\xe6{;\x8e\
\x1d;\xce\x13\xffy\xca\xe8\xf0\x07|^\xcf\x0a\x14m\
%b1w\xce,\x1c&\x87Z5\x19\xf3\x0e\xc6t\
\xf5\xa5\xdd\xe3\xa1\x10\x1d\xca\xf0*\xb97\x87\xb2rU\
!\xa2\x0fD\xf8\x177h\x83\xd6\xf9\xf90\xc3\xe0\x07\
_\xd0\x862AA\x7f<)v0\xcf\xa2F\x82\x89\
rf\x98\xaa-}\xd8\x03\xaa\xf5\xfa>\xf0\x07\xd4I\
\xe4\xb2\xe8\xf8\x12\xc2\x10\x07\xa0\xa8\xa8\x98\x0b\xd6]L\
^~\xbe\xaa)\xbc6\x1a\xeb\x94R#\xc1\x14|'\
q\x06\xda\xedvf\xcd\x99\xc7\xab\xafl\x95\x0f},\
\xd6e\xf2\xf2\xf2()-\xa3\xb4\xb4\x9c\xea\xdaZj\
k\xeb\xc5Z\xc4\xa0X\xdd\xc8\xc7E\xa4|\xb4Vu\
\xb7\xf1D7D\xa8\xb66\xb3M\xbb\xb2\x89f\xed\x0e\
\xf7\xd1\x1c\x01\xd6\xeb\x0d\xb2\xd6152QN\xf5\x94\
\xb1\x04\xf8'}^\xcfn\xc9\xe5\xd6\x8do),2\
\xbf\x1b\xf8\xd1\xe3\x86rR\x1e\xf7y=\xcdF\xe6l\
v\x07\xf3\xd1\xd1Q:\xbb\x13K\x1a\xce\xc4k\x7f\xf2\
\xd4i#\xc3n\xf4y=\x8f+\xbe\x1f\xdb\xc2>\xb9\
\xeb\xa6D\x8e3\xbe\xa1y\xde\xaaU\xa6\xcf\xe1OO\
\xfe=\xed\xd7,+\xd3\x0f!K\x96\x81\xc1\xd8\xde\xc8\
\xa5K\x96\x98v_\x99\xbf>\xf9\xa4\xd1\xa1\x0f\xfa\xbc\
\x9e\xbbC\xff\xd7\xfd{=g\xa6\xf9\x91\xddg\x8cU\
\xb42_x\x18H\x22W\xe6t\x14\x22v\xd3\xef\x95\
\xcf\xef/\xb0\xd3\xb7\xa4\x00\xaa\xb38\x9f#U\xd2\xa9\
[\x12\xb9\x96w\x98\xea\xed\xaa$\xf2VD\x02\xffF\
\x84\x97CY\xb9j\x01\x22\x89<\xec\x81*\xab\xa8`\
\xd5\xf9\xeb\xc9\xcb\xd5N\xf0O\xf9i\x99\xa4\xe7\x22\x97\
\x8d}\x83\xfaISx\xed\xb5\x1d\x04\xfd~\xd5\xf1\x9c\
\x1c'\x85E\xc5\x94\x95\x95QS[\x8fTWOa\
a!v\x9b-t\xa9\x84'\x1c\xdd,\xd3 \xa6j\
\x14'\x107\xe39??\x9f\xaa$\x9a}\x9d+\x9c\
1\xb6\x9b|\x10\xd1d3&\xd6:\xa6^\xdd)\x13\
]\xdf\x8fy<F\x86\xc9!\x04\xba%\xb6\xcaM4\
\x9c@tV\xdfs\xd0PsC\xb9\x1b\x9b\xee\x9c\xcd\
4\xf6\x00\xda\x93\xe8X>e\x8a\xf9\xaf\xfdqc\x09\
\xbe\xd1\xc6\x94n\xfc`sKzsp\xb4\x88\xd7T\
siC\x03\x93\xea\xcdm\x5c\xda\xdc\xd2\xc2\x9e\xfd\x07\
\xd2z\xcd\xa9\xf5\x93\xc8I\xa9Zf|\x02Q\x7f\xf3\
e\x1a\xe6\xce5\xbd\xeb|WW\x17\xbf\xfb\xf3_\x8c\
\x0c=\x09|C\xf1}V\xe4\x12\x9e2&\xa6c~\
0\xa5\xe5U\xd5H\x22\x8f\x17^U\x08\xdc\x0f\x5c%\
\x9f\xdfYbgdU\x01\x14NP\xd1\xa1\xeb\x01H\
\x90t\x19\xe2#A\xd8=\x80\xe4Q)\xfbS\x88\xf5\
\xdfCDt\xc8\xf97uD\x89\x8e\x99\xb3\xe71{\
\xde\x02\x1cv\xad\xd7&\xb5\x89\xa6\xe5i\xc6\xf0\x88\x18\
\xc5\x99\x97KeE%\x1d\xedmTTV\x91WP\
@Ue5u\xf5\x93)*.\xc6\x11\xf5\xc1g\xe4\
v\x81@\x80];U\xf5\xdbw\x12\x11\x1e\xb1z\xda\
\x8c\x07\xba[#\x0dsf\x9b\x1e\xe2\x90\xcd\x9c<m\
\xe8\x03V7{\xd4Z\xc7\xd4w}'g\xc0\xf8\xdc\
o\xacC\xb9\x5c\xceE7w\xcb\xec\xbc\x84\xf6\xf6\x0e\
\x06\xe3\xec\xdc\x868\xe6\xf3zF$\x97;\x1f\x88\xeb\
v+.,4\xbd\xf2Q2U\xb8\xa6L\x9eb\xc2\
L\xd4\xec9`\xa8\xf8A\xf4\xef\xba\xae\xeb\xc6`\x87\
g\xd3\xb8\xf4\xe2\x0bM\xbf\xc7\xae\xdd\xbb\xd3~\xcd\x05\
su\x0b.\xa6Do\xafv\xc5\xac\xcb/2\x7f\xbd\
^\xde\xb2\x05\x7f\x0c\xe1\x13\xc5M>\xaf\xa7S\xf1\xbd\
nH\xef\xe4z\xf3?'=\xc6J\xe9\x9a\xe7\xf1\x90\
\xfe\xd1\x13Kt\xc8\xa1U\xcaN\xe4\xe5\x88\xf0\x9e\x15\
\xf2\xf9\x9d%\x0eF\xd6\x14\x88\x91\x16\xe9#\x80H\x22\
oQ\xe5s\x1cA\xa8\xe7\xfdD\xf29d\xd1\xb1\x1e\
\x91\xe0_\x0e`\xb3\xd9\x983g\x01\xb3\xe6\xcd'!\
\xa2\x8c\xf2\xcc$\x98'\x8f\xc3\xe1`\xfe\x82E\xd8\x1c\
v\xa4\x9a\xba\xb4\x94\xcf\xdb\xb5s\x07\xc7\x8e\xa8\xfe\x88\
=\x82X\xef$\xbd\x1e\xa6\xa1\xbb{2kVf\xba\
\x05g+G\x8e\x1d\xd3\x1fd\xe0\xf5\xb4\xd6\xd1\xd0:\
\xc6\xc5\xecJ-\xdd==\xb4\xb4\xea\xe6\x1e4\xfb\xbc\
\x1e\xd9\xd8\xd4\x15\x1ef{<\x9a\x9a\x0d\xe5%\xc8j\
J\xd7\x22\x99e\xa0\x1fD\xaa$S\x85\xab\xae\xc6\xdc\
0\xc5\xce\xce.#\xe1_g|^\x8f\xcaZ\x0d\x09\
\xba\xb8'\xa5;\xefA\x8bx\xe5\x89\x17\xceo0\xfd\
\xfeS\xa7L\xe1\x9e/|>\xbd\xd7\x9cjnM\x96\
\xb6\x0em\xcf[C\xc3\x02S\xef\x0b\xf0\xef\xa7\x9e5\
2l\xb7\xcf\xeb\x89\xce\xd6\x9f\xa7w\xd2\xa4zss\
\x09\x83\xc1 {\x8dy\xb7b\x86!\xa6*<\xa2\x9b\
\xa2)\x1b\xb0\xc9\xa1U\xb2\xe8\xb8\x0c\xf8\x02\xa2R\x10\
\x10\xeaD>+\xd7\xc4\xdaZ2\x0a\x97D\xcay\x1e\
\xe9 \xd5\x0b\xeb\x9c?\x18\x80-}H\xad*\xd1\xf1\
G\x84\xe8\xd3\xaa\x5cu\x1e\xf0\xa0r\xf0\x9c\xf9\x0d\xcc\
\x9a\xa5\xfb\x1eO3\xea\xe7\x15\xef;\xed#\xc9QS\
?)\x14=\x95\xda\xd5\x86\x86\x86\xd8\xfb\xdaN<\xc7\
U\xf5\xad\x1fET\xcb\x92\xfb\xa2dS\x9e\x87\xee\xee\
\xc9\xb4)\xe6\xef4f+\x09\x84\xb1X\xeb\x18\x87\x04\
\xd61.f\x0b\x8f\x96\x04\x12&%\x97\xbb\x0a\x9d\x86\
\x91S\xea\xeaMo\x18i\xb0\x12\x93\xfc\x814]o\
\xe0\xb4\xa9\xe6\xbfO\x93)[kv\x95\x9eD^\xfb\
ld``@\xf3xn\x8e\x939s\xcc\xef\x1f4\
\x7f\xde<\xe6\xcf\xcb\xb4\xbd\x90\x1a\xedm\xda\x02x\x96\
\xc9\xfd\x96\xda\xdb\xdbyq\xeb\x16#C\xbf\xa3qL\
\xd7\x0dTc\xb2H\xef\xe8\xec\xa4K\xa3qr\x14'\
\x01\xed7%\xa9\x99\xfc\xd1I\xe4\xd1\x9d\xc8\x95\xf9\x1c\
oB\x84\xf7\x84\xf15\xe4\xc1\xf4h7G\x121K\
\x89&\x98\xa7L\x16\xed\xd8kM\xa5i\x84\xd2W\xfa\
\xc8\x1bP\xed\x80\xfc\x88H'r\xd9\xbf'{\xa5.\
\x01\xbe\x22\x0f\xcc+(`\xd9\xf2\xf3\xa8\xaa\x1a\xfb\xe6\
\x8d\xf7\xcc\x0d\xc9\x82\x94\x12\xcc\x938/\xe1\xf3\x93W\
\xa5CCC<\xfb\x9f\xbf\xd3\xd7\xdb\xab\x1c\xf4\x18\xa2\
\x9a\xcc0j\x8fG6\x88\x0e0\xe0\xf1\xc8D\xb7\xe0\
l\xc5h\x18\x0b\xd6:\xc6\xc5\xe0:\xc6\xa5\xa6\xba\xca\
\xdc\x0a7@\x93\xb1\xca[\xb2\xf1\xa9k\x9d\xcc39\
T\x04\x0cw\x83\x97U\x9f\xee\x84\xa6\x99\xbc\xcb\x0c\x86\
\xabp\x85\x91*+)U\x17\xebH;\x8d\x89y\x8e\
\xc2H.\xb7n\xac\x86^\xa3\xbat\x10+Qz\xed\
\xf9\xe7e\xe4\xfe\x13\x11-\xef\xe6\x92\x86\x05\x94\x9a\xfc\
9\xb3{\xcf>#\xc3z\x81\xbf)\x0fH.w1\
\x10wg\xa0\xa2\xac\x9c\xf2\xf2\xf2\xa4\xe7f\x84t\x88\
\xf4d\x84G\xbc$rYt(\xf39\xfe\x0b\xb8C\
>\xb9\xbf\xc0N\xdf\x82<\xa8\x9b\xa0\xf9\x1c\xb10\xaa\
\x99\xcc\xd4-\xa7\x86\xa9\xda>\xa6r\xd5w\x11\xde\x0e\
y\xc7\x1d\x22\xb97\x9f\x05\xde%\x0ft:sY}\
\xc1\x85\x94\x14\x19\x88\xf1\x0d?_\xfd'dH\xb0\xa4\
\xb2.q\x12/\x8c$\x98\xa7\xca@_?/<\xfb\
\x9fh\xd1\xf1[\x84\xd8\x1eB\xac}\xb4\xf0\x08\xfa>\
T7\xde\x02Dw\xa7\xbe\xce\xe4\x9d\xc6l&\x810\
\x16k\x1d\xe3`p\x1d\xe3\xb2`\xae\xae\xb6K\x99\xd3\
g\x0c\xe5\xa1\xc81\x94\xba\xdb\xbb3\xa6\xeb\xf7:J\
\x15\xefI\xed\x06\xa6Q\xc8F\x80\xee\x22N\x9dln\
R-\xc0qc\x09\xfca\x1a\xe6\x9b\xbf\x93n\xb0\x8c\
\xb2V\xabf\xdd?\x96\x95\xa5\xe6\x1a\xb2\x00\xfd}\xda\
\x9b\xcb\xcb\x97\x9a_\x9di\xa2\xa2%\xdaW\xaf\x5c\xa1\
12\xbd\xbc\xb6{\x97\x91a\xbf\xf1y=\xd1\xc9P\
\xba\x1b\x07\x8b2\xe0ujl4\xe4e\x8d\xeb\xe2N\
Tx\x18I\x22\x97=\x1dK\x81\xbb\x81\x85\xf2\xc9\xdd\
\xc5v\x86\xd6\x14\x8aQZ\x04\x01[\xba3\xb5_\x07\
\x04\x82\xb0\x7f\x80\xaa\xc3\x83\xd8#\x8e\x8efD\xe5\xaa\
\xcdD:\x91\xcb\xe1p\xf3\x80\xcf\x03\xe1\xe0\xcf\x82\xa2\
b\xce[\xb3\x96\xc2\xc2\xa8\xe8\x81\xb4(\x83s\x0b\xa5\
\xce\xe9log\xeb\xcb\x1b\xe9\xed\xedV\x0e\xb9\x0d\xf8\
\x17Bt\x0c\x13\x11}\xd9\xe6\xf10\xe0\xb6}=\x1b\
\xcc\x86\xc3X\xfeKo\x90\xb5\x8e\xa913\x03\xb9\x07\
\x06w\xe2e\xe3S\xf7wg\xb2\xc9\x95q\xc0p\xee\
\x8c\xe19\xd7\xd5\x9a[\xfd(\x81\xf8\xf003\xdd\xd3\
\xcd\x99\x8c\x02\x83%o\xb5vqu\x7f\xb13\xd1\xbf\
\xa7G\xfd\xf7'\xcc\xcc\xe9\xe6\xff\xdeLT\x0e\x1d\x19\
\xab#\xe7\xce6\xdfK\xf9\xe2\xe6\x97\x8d\x0c\xfb\x9d\xc6\
1\xdd\x0d\xae\x193\xcc\xdf\xec8{\xd6\xd0\xe7d\xda\
<\x1e\xf1DG.jO\xc7b\xe0\x8b(\x0c\xdb\xd6\
\x0a\x07\xc1\x15\x05\xb1EG\x98\xd7\x8b\xe8\xd01\xe4\x8d\
\xda\xf9#A\xd8\xd6\x87\xd4\xa8J`\xf3\x02_#R\
\xb9J\xbeZ\x0e\xa2\xd3\xeem(\xde\xc4S\xa7Mg\
\xfe\xa2%8\x1c\xe2\xed`\xbe\xf4\x1b\xaf\x98+\x9d+\
'x\xf9\x93\x9e\xe3l\xdf\xfa\x12Au#\xa2\xdb\x81\
\x7f#\xe2\x1b\x07\x89\x84Y\xc9\x15\xc4\xc6vJ\x1c\x1f\
=W\x0a\xc4\xb522\x11\xe2\xb0o\xdf\x01^\xdab\
\xe8\x838\xe3\xec\xde\xb3\xc7\xc8\xb0\x8d\x08\xcfaL\xac\
u4\xb4\x8eq\xc9D)]\x83F\xbc\xbc\x93\xa7\xbb\
\xb5hvu\x99\xe1\x91\x11\x0e\x1c\xd1m#1\xe0\xf3\
z\xe4\x0ev\xbas\xae\xab3W \x1b\x8c\x0fW\x91\
\x890\xc5CGu\xd7\x11@K1\xe9\xaa\xcbI\x19\
\x10\x1e\xbeV\xed|\x85\xc9\xaf\xe3\x10\xcfx\x0c\x0d\x0d\
q\xf8\xf8X\xcf\xdb\x14\x93s\xf1\xda\xda\xda\xf0\xeaW\
\xf8\xeb\xf0y=/h\x1c\xd7\xfd\xfd\x9d6\xc5\xfcP\
\xc9\x13\xc6\x1ab\xa6\xc5\xe3\xa1\x97D\xae\x14\x1dr7\
\xcf\x19\x10j\x0a85\x17\xe6\x9b\x98Dn(\xcf#\
\x9d\x09\xe6\xe9\xb0\x16S=?(\x9e\xd2\xe6\xde\xe8N\
\xe4\x07\x11\x9e\x8e\xbd\xa8+W9\x81\x95\xc0\x03(\xdc\
\xc3\xae\xe93hX\xb4L\xbebzHiyb\xa4\
\x94\xc7\xb8\xa6)\xe9\x1b\x068y\xe2D\xb4\xe8\x18\x01\
\xbe\x0c\xfc\x13\xe8'\x22:\xe40+U)\xdd,\x08\
\xb3\xd2\x8dQ_0\xcf\xfc\xf0\x96\x9d\xaf\xee\xe4\xbf\x7f\
\xf1K\xd3\xefc\x22\xbaq#\xd6:\xa6N\xfd$s\
w\xe2\x03\x81\x00{\x0f\x19\xca\x1d\x96\xd5\x89\xee\xee\xa3\
\xd9\x0d#}\x89%\xc3;\x81\xb8\xa5\xd5\xf2\xf3\xf3M\
/\xffk0>\x5cE\xbd\xc9=(\xfc~?\x07\x0e\
kEQ\x8dA\xcb\xe2\xd2\xb5\xec3\xe1\xedl\xd4\xe8\
\xba\x9e\xe7\xcc\xa5\xae\xaeVc\xb4EK\x8c\x12\xc7f\
{)\x0d\x1a\xedO\xc78\xae\xef\xb14\xf9w\x05\xe0\
\x88\xb1P\xc9\xb8\xbfPF\xa4\x80^\x12\xb9Rt\xbc\
\x0dQ\xb9*l\xd8\xb6.\xca\x87)\xce\x04\x12\xc0_\
/\xa1V)Z\xc2\xed~\x9c;\xfb)\xef\x1aU\x1e\
\xfd_\xe0\x97\xa8+W\xc9I\xe4K\x81\x87\x10\xaf\x15\
v\xbb\x9d\xf9\x0b\x970mZb\xaeXS\x13\xccM\
\xdf\xfd7r\x83\xf8c\xfc\xa3\xa3\x1c\xd8\xb3\x9bC\x87\
T\x09b\x87\x11\x09\xfa\xaf!<\x1d\x03\x88\xd7 :\
\xa9<\x9b\xc2\xactwO2\x11\xde\xe29\xe95\xfd\
\x1e&r\x04k\x1d\xd3\xc1\x11t\xfe\xa8\xd6\xd5\x98k\
@\xb5\xb7\xb7'\xd2\x0f\xc3\x8e\xf0\x1c\xc7\xc4a\xb3!\
I\xe6\x0a\x0f\x83\xd5\xa1d\x03@\xb7\x9e\xf3\xc2\xb9s\
L\xef5c0>\x5cE]\xad\xb9\xaf}[[\x9b\
\x91\x92\xb7\x87}^\xcf\x88\xc6q\xdd-\xf2\x9a\xea\xea\
\xa4\xe6\x95\x08'O\x8d\x0d\x7fY\xb6\xa8\xc1\xd4\x06|\
\x13\x19\xad\xf0\xcfy\xb3fRPP`\xea}O\x1b\
\x0b\xe9\x8b\x95}\xae\xfb\xb7\xa6\xded\xa1\xe9\xf7\xfb\xd9\
ol\x83&\xee\x1f\xa4x\xefJ#I\xe4J\xd1\xf1\
\x01\x84\xe8\x00B\x9e\x8e\xa5\x050\xc9A\xf6\xd8Z&\
\x93\xee\x04\xf3X\xe3\x9aF\xa8\xde\xdc\x1b\xad\xe5\xbe\x0f\
\xfc\x9e\xb1\x95\xabr\x81\xb7\x22r:\x00\xc8q\xe6\xb2\
r\xf5\x1a\xca+\xaaS\xb3\xf3\x13H0\x8fG\xfa\x1a\
\x09\x9ax\xfd\x10\xdb\xb6\xbe\xc4\xd9S\xaa]\x8b\xa3\xc0\
}\x8c\x15\x1d\xd1\x09\xe5a\xd1\x91\x05\xde\x0e0\xb0c\
\x9b\x89D\xd3#\xc7\x8e\x9b~\x0f\x13\xd9\x84\xb5\x8e\xe9\
@w\x81$\xc9\x5c\xe3\xad\xa9\xc9\x90\x11/'\x96\xeb\
\x1a\x9bsg\xcf\xc2\x19\xa7\x9bt:8\xdbh(!\
Z\x0ey\xd0u\xbb\xcd\x9ei~\xaf\x19\x83\xf1\xe1*\
jL\x16p\x06s\x90b\x85\x8e\xe8z<*\xab\xcc\
\xf5\x22\x01\x1c9>\xf6\xf7\x7fV\x06^\xcf\x89J\xe3\
\xd9\xb3c\x8ee\xa2\x88\xc1qc\x8d\xf7\xf6\xc68\xae\
\xfb\xb7\xc6\xec\xdf\x95\x96\x96\x16#\x8d\x0f\xf7\x11\xb1A\
5\x89%<\xe2\xe5sD\xf7\xe8(@\xc4\xb5\xbf_\
>\xb9\xb3\xc4\xc1\xc8\xa2\x5c\xa8H\xa2r\x95\x95`\x1e\
A\xcbZ>5L\xd5\x8e>\xa5\xe8\x18D\xd4{\xfe\
;\xda\x95\xab>\x12z\x00\xa2a\xde\xaa\xf3\xd7RV\
^Al\x93<V\x17\xc0\xe4M\xf8\xcc4\x124O\
\x00\x05\x02\x01\xb6n\xde\xc8\xd9\xd3*\xd1\xf1ODx\
U\x1f\x22\xbcj\x88d\xaaX\x8dO\x9e\x87\xee\x87X\
\xbd\xc9n\xe7\xd1\xd1Q\x0e\xe9\xc7\xa8g3\xff\x0b|\
Zo\x90\xb5\x8e\xba\xc4\xed\x871w\xe6\x8c\x0c\xf4\xc3\
H\xa8\xaa\x91\xee\xef\xce\xec\x993R\x9a\x8f\x11\x0c\x96\
\xd2\x95\xb7'u\xc34\xa6d\xa03\xbc\xc1P\x930\
\xb3\xdd\xd3\xb3\xad\x17J4\xba\xee\xcc\x9ajsC\xad\
:;\xbb\xe8\xed\x1f\xdb\x85\xbb\xde\xe4Fr\x13\x99\x93\
\x1a\x85$\xa6M\x9df\xfa}\x8fi\x08D\x0d\xb4\xca\
6\xd7\x03q\xcb\xa3\xcd\x9a\xee2\xbdtr\x82^\xd6\
\x98hY\xf7\xd1aU\xd1U\xab\x94\xa5rW \xba\
2\x87E\x87\xaf\xd2\xc1\xc8\xba\xfc\xe4DG\xdci\xa5\
\x03Eo\x8bl\xd8s\xd6\x9b\x84\xf2\xc7\x81 \xec\x19\
\xa4z{\x9f\xb2rU\x13\xf0)\xe0I\x22\x9e\x0e9\
\x89<\x0f\xb8\x11\x85\xe8(\xab\xa8d\xed\xfa\x8b)/\
\xab\xd0\xbc\x9d\xd2\x83\x92rk\xed\x94\xd6wl\xfeu\
\x9a.\x1c\x97\xb0\xb6\x8a\xa2\xa7\xa7\x87\x8d\xcf=\x15-\
:~\x8e(\xa0\xd0\x83\x10\x1e\x83\xa1G\xb6\x96\xce\x8d\
F?\xd1\xd4\xe4\x10\x87\x96\x96\x16\xfc\xc1l[\x16\xc3\
|\xde\xe7\xf5l\xc6Z\xc7T\xd1mw<\xc7\xe4\x86\
^\x00\xa75v@5\x90\x8d\xf8\xf9z\x03\xdd\xd3\xa7\
\xa72\x1dC\x1c?a(\xbcN6bt\xe7<5\
\x03M.\x0f'\xe8\x99\x9b\x9b\x89\xd7>\xb1^(\xd1\
\x18H\xd87\xff\xf7_\xf3\xbe\xaf\xe3Jzz\x1c\xd3\
H,\xaf3\xb9\xf1\x1e\xc0~c\x8dT\xb5\xaa\x5c\xe8\
z,\xe7e\xa0\x22Wccr\xfdn\xa2\x89\xf6x\
h\xe5s\xc89\x02N\x841+{:V *'\
\x85\xd3\xe8}SsaAnb\xba!h\x83\x81\x00\
t\x06\xa0\xd2\x0e\xf96\xb2\xae\x91\xa0i\x09\xe6\x06\x91\
+W5\xa9BL=\x88D\xf1}\x8c\xad\x5c\xd5\x80\
\xa8\x5c\x15\xfecS[7\x89\xa5\xcb\xcfKK\x0c\xaf\
\xea\x99\xeb\xbeT\xe67\x12LW\x82\xb9\xd6\x8f{\xba\
\xbax\xe1\xd9\xff04\xa4\x8a\xff\xde\x03\xfc\x18!8\
\x06P\x97\xcd\x95\x13\xc9\xb3Yt\x80\x91R\xbaf\xc7\
\xa8\xc7H\xf0\x9b\x00\xfc\xc5\xe7\xf5|+\xf4\x7fk\x1d\
\x93\xe7/\x08\xe1\x1e\x97\xe9\x19hjw\xc2kh'\
^\x0e\xb5\xd2/\xa5\x9b\x81$\xcf\x83\x87\x0c\x191\x86\
K\xe9\x9a\xdd\x19~tt\x94\x03\x1a%L\xe3\xe1r\
\x99\xbf\x0b\xed5\xf6\xda\x8f\x09l\x97\x5c\xeertr\
gj\xa5j\xaa\xab\xab\x92\x9b\x98AN\x9e\xd6\xee\xe5\
bv\xa1\x80\x89\xcc\x9e\x03\x07\xc7\x1c\xab69\x17\xa7\
\xb7\xb7\xd7HE7\x9f\xcf\xeb\xd1j\xca\xa2\xdf\xfcs\
\x9a\xf9\xbf+\xa7\xd3PJ\x17\xd4&c\xac\x9c\x8eh\
O\xc7R\x84\x97\xe3W\x84DG\xd0\x06\xbe\xc5\xf9\xb0\
(\xcfx\xe5\xaaa\xe0\xd8\x08\xec\x18\xa0|s?\xd2\
\xab\x03\xd0\xa2\x1b;v\xee`\xd4\x14\xed\x0b\x88\xcaU\
j\xd1q\x00Q9l7j\xd1\xe1\x04\x96#\x12\x9d\
\xc3\xa2\xa3~\xcaT\x96\xadX\xad):R\xf6lD\
\x91\xb2\x85m\xa2v4~\x031\xa6\xb7\xbb\x9b\x8d\xcf\
?\xad%:\xbe\x82\xe8,*W\xaf\x92\x85\xc7D\x11\
\x1d\xf5\xe84\xbe\xcaD\x88\x83V\x9c\xed\x04\xe0\xf3>\
\xaf\xe7\xed\x10v\x7f[\xeb\x98\x1c\xf2:\xea\xee\xe4M\
\x9el\xfeN\xbc\xc1R\xbar<\x9b\xee\x9c\xeb\xeb\xcc\
\x0d\xaf\xeb\xeb\xeb\xe3\x8c~\xa7\xf5V\x9f\xd7\xd3\x1e\xfa\
\xbf\xee\x9c\xcd\x16\x1e->\x9f\x91\xf8p\x15S'\x9b\
/:\x0d\x96\xd2\xd5Ry\xeb\xf4NZ\xbd\xc2\xfc\x86\
t\xc7='4\x8fWThG6\xbc\xde\xe9\xec\xec\
\xa2\xa3\xabs\xcc\xf1\xea*s\x85G{Gt?@\
Mb\xa9`]\x8fe&J\xe9z\x92\x14\xe9\xd1\xc4\
\xf2x\xc8\xe5r\xa3\x9b\x02\x16\x02\xf7 \xfat\x00\x10\
\xb0C\xdb\xb2\x02\xa8\x0d]*\x9e\xe7\xa17\x00\xa7G\
\xa1'@ao\x80\xa2\xfe(\xb3\xb7\xdb\xaf1\xa5\x09\
F:\xd3S\x9aG\xa9\xdc\xda\x8bcT\xb5\x9e\xff\x83\
\x10}\xca$r\xb9\x5c\xee*D\xf8\x8f\x04`\xb3\xd9\
\x981k.3f\xcf\xc5\x16s\xa7?v\x9eG\x00\
[\xe4\xa9\xe8\xe6y\xe8\xfb\x1dL/h\x95L3\x8e\
\x184\x9d9\xcd\x8em\x9b\x19\x1a\x1aR\x1e\xfe4\xa2\
oC?jO\x87\x1cZ%W\x12\x0b@\xd6$\x91\
k\xa1k\x84d\x22\xc4\xe1\xd4\x99\x09a0w \x92\
\xc87\x01\x9bB\xe1U2\xd6:\x1a'\xd6:\xea\xe7\
\x1a\x99\xdc\x07axx\x98\x83Gu\x85G\xbf\xcf\xeb\
\x91\xb7\x96\xf5\x8dx\x93K\xe9&\x92\x10-\xb9\xdce\
\xe84\xba\xab\x95\xaa))1\xb7\xc3v2\xa5t\xcd\
^\xc7\xa1\xa1!\x8e\xc40\xdc\x15\xf4\xf9\xbc\x1e\xad$\
\xa0\x8b\xf4N\x5c0\xd7\xfcR\xda\x07b\x84\xefT\x94\
\x97\x9b~\xef\x89H\xac\xf7\xa1\xd9E\x00\xda\xdb\xdb\xf5\
\x07\xc5\x16\x1e\xfa\xa5tM\xee\xc1\x03p\xe0\xa0\xa1\x8a\
Vc\xddIQ\xc8V\xbe^s\xc0|\x84\xe8\xf8\x12\
\x0a\xd1\xd1Y\xe2`\xa4!\x17*\xe3\x88\x85\x9e\x00t\
\x04\xa0s\x94\x8a&?9#\xb1m1g{\x80\x91\
\xe1\xd0\x1d_\xefM\xb2\xcf\x8e m\xe9\x8d>\xfa=\
\x22\x95\xabd\xd5fG\xac\xd8\xbb\x80[\xe4\x81\x0e\x87\
\x93%\xcbV \xd5\x09\x97\xff\xb8\xa4\xeb\xebj\x80\xec\
l$x\xec\xd0\x01v\xbf\xb63\xba1\xe0g\x81\x17\
Q\x8b\x0e9\xb4*\xda\xd3\x91\xb8\xe8\xc8l\x82\xb9\xae\
\xb1\x97\x99\x10\x07C1\xea\x1f\xd1\x1fb\x1a\xdb}^\
O\xac\x0a#`\xad\xa3Q\xe2\xad\xe3\xb8\x1b\xf1>c\
\xa1jG\x00$\x97;\x1fp\xc5\x1bX\x5cXh\xfa\
nss\x8b\xf19c\xe0}\x9a\x09\x03\xf9l\x12\x9e\
9\xd3\xf3\xa3\x8c\xbd\xf6\xb1\xac\xad\xb7\xeb\x9d8s\x86\
\xb9E\x06\x02\x81\x00;w\xef\x1es\xbc\xb8\xb0\x90\xe2\
\xe2\xb8\xce\xd8\xd7-\x8d\xcdc\xf3\x14*\xca\xca)4\
\xb9\x94nk[\x9b\x91a\xb1\x84\x87\x81\xcfIs\x7f\
W\x06\x06\x068\xa9\x1fj\xd5\x05hw\xb3T\xa0T\
\x0c\xd1\x0d\x02\x95\xd5\xab\xd6\x22<\x1d\xe1\x0a\x0e\xbez\
',\xce\x03\x87\x86\xb5\xd4\x13\x80\xfe \xf8F\xa9:\
5\x8a=\x10\xd3\x06\xebD\x84m\xdd\x08P\xda\xe7\xa7\
\xad\xc3\x0f\xb5\xa9$\xa6\xeb\x91m\x8d\x045.y|\
\x88\xea\xdd\xaa*\x15>Dx\xcf+D*W\xc9\xaf\
S.\xf0\x0e\x14\xa2#'\xc7\xc9\xd2\xe5\xab\xa8\x96j\
\x13\x8e\x5c\xb2\x05\x85\xd3j\xfc1\xa9\x91\xa0\x0eG\x0f\
\x1dd\xf7k\xaf(\x0f\x9d\x01\xeeGx:\x0c\xf5\xe8\
\xc8bO\x87\x8cnBd&B\x1c\xf6\x1f2\x14\xef\
\xfd\x84\xcf\xeb\xd1\xfd \x1b'\xacuL\x81PS\xbb\
\xb8.\xa1\xfc\xfc|\xaa\xaa\xcc\x8d\x91o\xd6\x0fY\x82\
H\xa8\x8d\xee\xce\xe3\xe2\x05\xf3\xb1\xc5v1\xa7\x85\xb3\
\x89%DgE\xaf\x99D=sy\xce\x5c\xd3\xe3\xee\
\x9b\x12{\xed\xc3H.\xf7ZBM\x92c\xe1\xb0\xd9\
\x983\xc7\xdc\x84\xdf\xd3\xa7OkV\xb4*-\x8e[\
(.mtww3\x9a`\xf8\xdcxsD\xc3\xbb\
Yo\xf2\xe6\x06@wW\xb7\x91ac\x94p\xe8s\
2\xee\x1b)??\x9fj\xb3?'\x8dy,\x0d%\
\x9ei\x09\x8f\xe8\xdc\x8e\xab\x10\x89\xb4a|.'4\
h\x94\xedj\xf3\xc3\xa9\x11*[F\xa3\xc3\x83\x94\x9c\
\x04~\x860\xe8\xda\x10\xde\x947\x00n{\x00\x11\x8e\
U\xeb \xeb\x12\xccMCa2\x07\x81\x97\xfb\x90\x9a\
T\xcd\x8c\xce\x22\xc2\xa7\xf6\x13\xd9Y\x97E\xc7|D\
)\xe3\x06ypye\x15\xcb\x96\x9dG^\xa8\xacZ\
,!\xa1<\x9e\x8c7\xc4\xd4F\x82f\x12#\x1c\xcb\
\xef\xf7\xb3\xf5\xa5\x17ijT\xfdA\xdf\x8f(\xa0\xf0\
\x1aBp\xc8\xf9\x1c\xb1{t\x5cS\x1b\x1c\xb7\xe7f\
\x1c\xdd\xf8\x1f\xb3w\x99\xfb\xfb\xfb9\xd5\xa8k\x88t\
d\x9b\xb1\x1c\x85\xb5\x8e\xa9\xa1\xbb\x1d\xdc0g\xb6\xe9\
M\xed\xce\x18\xdb\x897,<f\xb8\xa7\xa72\x1dC\
\x9c:c\xa8\x11\x99\xf1R\xba&\x97|\x06\xc3\x9e\xb9\
0\x0b2\xd2\xd00\xa1jfJ>\xaaw\xd2\x9aU\
+M\xf7:\x1c<\xac\xed\x8c\xc9\xc9\xc95\xf5\xbe2\
\x1f\xfa\xd8'\x8c|\xfed=\x15ee\xa6\xdf\xa3_\
\xbfA)\x88\xdc\xd1h\xb2\xe2s2\xc5~7*\xb4\
r<\x94aV\xd7 \x92\x98\x01\x18u\xda\xe8\x98\x9f\
\x07\x93c4F\xea\xf4S\xdd8\xa2e\xfb\x1f\x03\xfe\
\x88\xd8\xb1?\x89\xba\xa3\xf60\xf0/\xe0\x06@xJ\
&:\xc94\x12\x1c\x09\xc2\xd6>\xa4\x16U\x12\xf9A\
\xe0\x9bhW\xae\xca#Jt\x94UT\xb2\xe2\xbc\x0b\
p:2\x9c'\x93@#AC\x82%\x15\xc3=N\
\x9eG\xac\xcb\xfa\xfd\xa3\xbc\xf4\xc2\xb3\xb4\xfaT\x8a~\
/\x22<E\xee\xd11H\x9c\xc6\x80\xbekj'\xd2\
\x1bW\xd7mkv\x88C:wO\xc6\x11k\x1dS\
Cw\xfdf\xcd2\xbf\x09\x9a\xc1R\xba\xb2[Iw\
\xce\x99H\xf2\x8c\x95P\x1c\x85\xe19O\xce\x80\xf0\xd8\
g,><\xcc\xdc\xd9\x99(\xa5\x9b\xd0k\x0f\x80\xe4\
rO\x05>\xacw\xd2\xc5\x17nHrV\xc6\xd9\xbb\
o\xbf\xe6\xf1\xd2Rs\xf3ud\xce\x05\xd1\x01PZ\
Zj\xfa=\xfa5<S\x1ah\xb9E\xb2\xe2s\xb2\
\xd1X\xc3RC\xee\xf7h\x8fGt\x09\xdd\xfb\xe4\x1f\
\xf6\x15\xda\xe9_\x99\x0f\xc5q\xc2\xa0\xear\xf0\x1f\x1f\
V\xe6q\xfc\x0ex\x19\xb1s,\x97\x1e\x1dA\xd8\x80\
v\x84\xf1\xecG\x08\x12\x00\xf2\xdbF\x19\xf4\xe7\x8a\x19\
\xbc^\x1a\x09\xf6\xf9aG?R\xdb\xa8\xf2\xe8\xcf\x81\
_ v\xd8\xe5\xa4e\xb9r\xd5\x22D\xb9\xdc\xf0\x1b\
\xb2Z\xaac\xe9\xcaU\xd8\xed\x0eb\x9b\xd8)\x1eO\
\x8b2\xc8.FFF\xd8\xb2\xe9E-\xd1\xf1\x00\xb1\
\xcb\xe5\x8e\xf1tL \x9c\xe8\xc4|g\x22\xc4!]\
\x8d\x88\xc6\x8b\x90\xfb\xdbZ\xc7\xd4\xd0\xcd=\x98\x96\x81\
\xde\x12\xc7<ck\xfak 'L\xea\x1a\x01\x93L\
\xeeT\x1f\x0c\x06\xd9\xbd\xff\x80\x91\xa1\x86\x85Gm\xad\
\xb9\x89\xa9\xfd\xfd\xfd\x9cn2d\xb8\x84\x99:\xd9\xfc\
\x86\x86\x09\xbe\xf62\xbaMC\x01V.7\xbf\xa2\xd5\
\x0b\x9b6\xeb\x0f2\x91\x9a\xea*ZZ\x0d\xe5.d\
5\xa5\xc5\x99\x11jI\x92\x15\x9f\x93'O\x19\xf2\xb2\
\xea&\x96C|\x8f\xc7y\xa1\xff\xe3\xabt\xc0\xd2|\
\xc8\xd7\x11\x01\xb96\xfa\xf3l\x94F\x84\xc7N\xc4\x87\
\x9f\x1c\x1b\xdf\x8f0\xde\x02\xa1{\xc8\xc1\x81\xc7\x10U\
O*J\xfa\x02\x0c\xf6\x04\xa0\x5c\xd6@\xe78M\xa3\
Tn\xeb\x8b\x0eM{\x18\xf8\x0d\xda\x95\xab\x16!<\
\x1d\xe1\xed\xa0\x86\x85K\x98<u:\xd8\xe3\x8b\x01\xa3\
2.\xd50,\x15)%\x98\xc7\xc8\xf3H\x13m\xad\
\xadl}\xf9E\x06\xd5;\x11\xdf\x05\x1e%\xd2\x89\x5c\
\x16\x1c\xaa\x86\x80(\x04G\xda\xbc\x1d\x99\xd1s\xd3\xf5\
\x06d$\xc4\xe1\xac!#$\xb1-\xd2\xcc2]o\
\x80\xb5\x8e\xba\xe8\x1a\xc4S2`|\xee7\xd6\x0f\xc3\
p\xd8R\xadd\xae\x11\xdf\xd1\xd1\xa1\x19\xd7\x1f\x85\xd7\
\xe7\xf5\xc8\xb1\x1d\xbas\x96\xcc\xee5c,LC\xc5\
\xa4IY\xf3\xda\x87\x85\xbb\xe4r\xbb\x11\x7f\x7f\xe3r\
\xc1\xca\x15\xa6w\x82?u\xeaTL1\xd7e,\x9f\
 e\xeakk\xcf\x09\xe1\x11\xcc@\x03\xd6\xc2\xc2B\
#\xc3\xb4\x5c/\xba9ZS2Pr\xdcc\xaca\
\xa9\xa1M.\xf9\xafbt\xe3@\x07\xca\x0f\xabb\x87\
\xbe\xe8\x00p\xda\x18\xaaRyD\xe6#\x8c\xb6\x11\x22\
\x09\xb9C\x8a\xff\x8f(\x1e\x91\xaa'\x03\xf2\x9b \x89\
.\x13\x862\xa3\x93\xec`\xae96\x857\xec\x99\x11\
\xa4\xcdc\xca\xe5~\x07\xf85cEG.p5\xa2\
\x9c\xee,\x00\xbb\xddN\xc3\xe2eL\x99\xe6N*\x99\
1\xd5t\x98q\xdb\xea\x0fj\xdf\xdd\xf0|\x82\xd0\xd6\
\xda\xc2\xe6\x17\x9f\x8b\x16\x1d?\x04\x1eC\x1dV%{\
\x9bTb\x03#1e\xd9\x89\xee\x87X&B\x1cN\
\x9e6\xb4{\x92\xad!B`\xadc:\x18\xf7\xa6v\
===4\xfbt\xd3_Z|^OW\xe8\xff\xba\
\xaf{\xad\xc9\x9d\xaa\x9b\x9b\x0dUb\x92K\xe9NE\
T\xa4\x8c\xc9\xbcY3\xc9\xcd57'\xa0)\x89R\
\xbaf\x97\x07\xed\xe9\xe91b4+_{\x80\x87\x8c\
\x5c\xfb\xado~S\xd2\xf32\xca\xceW_\x8b\xf9\xb3\
\xb3\x09z\x97\x92e\xb6\xc9U\xbb2\xc5\xc0\xa0V\xcf\
\xbe\xf4b0\xe1_U\x0eOr\xb9+0\xe0\xf1\xa8\
3\xd9c\x09\xdaM\x1750\xb4\xc9\xa5\x95\x0c \x0b\
\x90\xd7\xe4\x03\xd5\xa7\x86i]h\xb0\x09VU\x0ex\
\xc3y\x0a\xf3\x88\x84\xa4\xa8\x1a\xab1\xd6\x90\xdb\x0f\xac\
\x07\xa0c\x14\xea\xcd\xacl5\xce\x04\x00\xcf\x10U{\
Uo\xf6&D\xf5\xa4X\x95\xab\xaeD\x943\x06\x84\
\xe8X\xb8x)\xf5\x93\xc6\x96\xeb\x8c\xf6R\x18\xa9T\
\x95\xb2g#\xea\x02)'\x98\x9b\xb4\xfb\x1f\x04:\xdb\
\xdax\xf1\xd9\xa7\x94\xbb\x1c\xfd\x88$\xf2\xe7\x10\xc2X\
N\xe2\x8f\x16\x1av\x22a\x82r\x92?\xd2\xaf\x9b\xa3\
\xbc\x1eY\x1d\x8a\xa6k\xece\x22\xc4!\x9d\xbb'\xe3\
\x84\xb5\x8e\xa9\xa3\xfb\x07\xb5\xc6d\xe1\x91H\x8e\x8c\xe4\
rW\x02q\x8b\xfdO\xae\xad\xa1\xc8\xd8\xcef\xd24\
6'\xe4\xe5\xd2U\xbf\xb3g\x9a\x1f\x1fn0\x81_\
E\x8d\xc9\x9e#\xa3\xaf\xbd\xe4r\xdf\x82\xf8\xcc\x7f;\
\xa2\xc2g\x5cj\xaa\xabX\xbfVwX\xca<\xf7\xe2\
\xc6\x98?\xf3\x07\x83\xf4\xf5\xf7\x9b\xfe^\x5c\xbcp!\
\x7fx\xe2IS\xefq\xaePi\xacA\xe1\xcc\xd0\xfb\
\xad\x08\xa8\x02\xde\x0b\xe8622\xfbs\xb2\xb3\xb3\x93\
\xce\xee.\xbda\xa7\x11\xb6\x94.\xb1\x1a\x08\xda\x01/\
\xa1\xf0'[\x10\x18\x0eB\xae\x01c\xaa\x5ce\xbe.\
%\x927\x22{Rd\x83.'\xf4\x90\x13\xd9\xc3r\
\xaa\xe2\xf4(\x1ds\xf2D`\xd1D%\x96%\xefG\
$\x917\xab\x92\xc8O\x01_Ft$\x97C\xd1\xe4\
$\xf2\x05\x08\xd7\xee\x02ypqI)K\x96\xaf\xa4\
\xb8H\x1d\x97\xa8\x16\x18\x89\xe6s\xa4\x8b\xd4\xae\x9f\x96\
\xd9\xc5\xb9\xc8\xe1\x83\xfb9\xb8o\xb7Rt\xf4\x22\xd6\
~\x1bj\x0f\xc7r`\x19P\x82\xc8S\xfa\x97\xe2\xea\
\xca\xbbd\xafoC\x1b\xfd\x18\xf5\x0c\x848\xec\xde\xbf\
\xcf\xc8\xb0l\x0d\x11\x02k\x1dSBr\xb9K\x81\xfa\
\xb8c*+)39\xe93\xc1\x1c\x19\xdd\xd7\xbca\
\x9e\xaeC$e\x0c\x86\xd7\xc9s\xd6\x9d\xd0\xf4\x0c\xf4\
\x9a9e,><LEY9\xe5\xe5\xe6V\x1a2\
\xf8\xda\xafG\xde\x105\xc8\xc7?\xf4!\xf2\xf2\x0cn\
\xd4&I{G\x07\x1b\xb7n\x8d;\xa6\xa7\xbb\xc7t\
\xe1\xb1l\xd9RS\xaf\x9f)\x86GG\xf5\x07\xa5H\
m\x8d\xa1p\xc6\x0f\x86\x1e\xc6\xaf+USjz\xf3\
\xcf\x84\xfa\x06\xe9\x22\x9b\xc6Z\xc6\x93\x0d!>\x04\xbd\
\x06k5\xe7\xdb\xe9,\x09{+\x0a\x80\xd5D\xfa\x81\
\xe4G=\xf2\x14_\xc3[\x22\x8e\xd1 \xf4\x05&\x9e\
I\xa7\xc7P\x10\xb6\x8c\x11\x1d\x87\x80{\x11\x1e\x9fh\
\xd1!W\xae\x0a\x8b\x8e\xa2\xe2RV\xae\xba\x80\xc2\xa2\
\x92P\xc0X\xba\x16)\xd6u\x821\xbeM\xe0\xbe\xb1\
.\xa1{\xefT\x18{\xcd\xfd\xbb^c\xdf\xeeW\xf1\
G\xea\x8e\x0f\x22\x92\xf4w\x10\xf1r\xccC\x14Ex\
\x1c\xb8\x13\x91H\xf8[D\xde\x87,\x96e!-\x0b\
u3\xa7\x9dnt\x8d\xa7\xfazsCE:;;\
\xe9\xea\xd1\xaa\x1a\xa8\xe2\xb4\xcf\xeb1\xb4{2NX\
\xeb\x98\x1a\xba;\xf1\x0b\xe6\x99\xdf\xd4\xee\xcciC\xfd\
0\x0c'\x96O\x9f>=\x95\xe9\x18\xc2c\xac,\xad\
\xe19g\x22\x8f\xe6\xb8\xb1$\xee0\x8b\xe6\x9b/\xe0\
\x0c\xbe\xf6\x091\xa5\xae\x9e\xab\xdfpU\xda\xaf\x1b\xcd\
\xd6\xad\xdbt\xc7\x184\x16SbR}=W^t\
\xa1\xe9\xf71\x9bL\xac\xd5\xb4\xa9S\xc9\xcdI\xffn\
zF\x9a\x7f6\x8em\xba\xa8\x81\xa1X,\xd0\x8f\xae\
\x89tQ\xec3n\x11\x8d\xd4\xab\x1c)K\x111\xa6\
E\xa1Gq\xe8Q\xa4\xf8Z\x05\x84\xb7]lAD\
?\x0fSIg\x9e\x87\x01|\xa3\x94>\xd7\x13].\
\xf7g\x88z\xe0{\x88\x88\x0e9\x89|!\x22\x9fc\
\x01\x80\xcdfc\xcaT\x17\xab\xcf_Gn\x0a\xbb)\
\xd1\xab\x1a+\xcfCy\xdc\xecW\x22>A\xc3\xdf\xc5\
bdd\x98\xd7vl\xe3\xd0!\xd5\xee\xf01\xe0\xf3\
\x88_\x16\xf9):\x10\xe1lK4.s\x05\xa2\xdf\
\x8c\x93\x88\xa7.\x8e\xf8\xc8Z\xd5\xac\x1b\x22Tcr\
\xa2i\xbawO\xc6\x09k\x1dS#K\x9a\xda\x192\
>\x0dw\x00\x9fjrE+\x80\xc3\xc7\x8e\x1b\x1a\x16\
\xfa\xaa;\xe7\xfa\xda\xb8\x8e\xa7\x94I\xa0\x0aW\x98\xcc\
\xf4BI\xbf\xf0\xb8\xfds\x9f%?_\xa3\xc7Y\x9a\
\xf9\xd3\xdf\x9e\xd0\x1ds\xea\xf4)\xd3\xe7\x01\xf0\x91k\
?\x84\xc3\xe4\x86\x99f\xe39i\xfeZ\xe5\xe5\xe5q\
\xe9\x85\x099\xcf\x0c\x91\x89\xcf\xc93\x8d\x86~W\x0c\
{\xd6\xe3\x09\x8f J\x8fG_\x02\xe6g\x89\xea\xb2\
oC\x84\xab\x94\x86\x1ee\xc0$`1\xf0\x1e\x84\xf1\
\xfd\x08\xa2_E\x84F\xbf0\xc5MK0O':\
Ff\xe3\x08\x95[\xfa\xc8\x1bP=\x97\x1f\x13)\x97\
\xab,1\xecDT\x14\xbb\x1f\x91\x9c\x0f\xc0\x8cYs\
Y\xb0p)9\xce\xe4\x14\xb3Y}\x15\x13\xbb\xac\xc6\
\xe8d\xe7\x15\xe3\xbc\xe8\xc3###l|\xe6)<\
\xc7U\xf6\xd7\x01D\xdf\x98\xbdD<Ls\x11%\x8c\
\x17\x81\x10zs\x17,d\xd1\x92\xe5\xca\xf3\xaeA[\
xh`\xcbF\xedQ\x82\xf8\xdd\x8bIuE\x05e\
&7SJ\xf7\xeeI\xa6\x91\x5cnk\x1dS'+\
\x8c\xf8#\xc7\xc6v1\xd6@^C]\xb14\xc9\xe4\
~\x18\xa3\xa3\xa3\x1c<z\xd4\xc8P\xd9\x92\xd2\x9d\xb3\
\xd9I\xdc\x06\xabp\xa9\xc8Dy\xd0\x8e\xce\xce\xb4^\
\xef]o~\x13k\xd7\xacI\xeb5\xb58v\xec8\
;\xf7\xec\xd1\x1d\xb7\xefPf~\xf5g\xcd\x9a\xc5g\
>y}F\xee\x15\x8f\xe5\x8b\x16\xf1\x95;\xef\xe0\xfd\
\xef|G\xc2\xe7vvw144d\xc2\xac\xd4\x5c\
v\xf1Ei\xbd\x9e\xc3f\xe3\xfcU\xe7\xa5\xf5\x9aZ\
\x9c4&\xcc\x0c\x0b\x0f\xa5k\x22:\xe9;\x88Hx\
\x16\xf4\x07\x8d\x07\xe0W8h+sP\xd5\xe5\x97\xef\
q\x11\xa2\x15\xfc\xfb0\xf0A\x18\xb0\x83}0@`\
 \x00\xb9\x13\xb8\xa4n\x00h\x1cA\xda\xd6\xa7<\xda\
\x81\xe8\x11\xb1\x89HN\x01Dz\xa7\x5c\x08|C\x1e\
l\xb3\xd9\x989{\x1e3f\xean\xb0\x8a\xf1\xa1<\
\x8fd\x92\xc5\xcdO0O\xf0g)&|\x0c\x0c\x0c\
\xb0u\xd3\xf3tuw*\x0f\xef\x07\xbe\x87Z\xec-\
\x04n\x01\xc2Y\x96\xf3\x17.a~\xc3\x22\x86\x87\x87\
\xd8\xb3k\xa7|x\x15\x22l0\x88x\xb6r\x01\x00\
\x9b\xf4\xebf\xdb\x04H0\xd7}\x13e\xc4m\xdb\x94\
x\xd3\xae,\xc3Z\xc7\xd4\xd1\xdf\x897\xd9\x88\x0f\x04\
\x02\xec9h\xa8\xe0\x97\xacNt\xc3\xc3\xccN\xf2\xf4\
\xf9|\xcaP\xd1X\xec\xf3y=~\xc9\xe5\xce\x03\xe2\
n\x87\x16\x15\x14PQQ\x11oH\xca\x18\xac\xc2\xa5\
\xa2\xae\xde\x5c/\x0c\xc0\xb5\x1f\xfc\x00\xcf\xbc\xb0\x91\xe1\
\xd1\x11\xfd\xc1:,[\xb8\x90\x9b>\xfd\xa94\xccJ\
\x9f\xa7\x9f{\xce\xd0\xb8\x976o%xs0\xa9\x8a\
\x97\x89\xf2\x81\xf7\xbe\x97\xe6\xe6\x16\x1e\xfd\xd3\x9fM\xbf\
\x97\x92\xe9S\xa7\xf2\xe67\x5c\xc9\x86\xb5\xeb\x981C\
\xbc\xd5\xcb+\xcay\xe4\x8f\x7fJ\xf8Z\xadmm\xa6\
7\xd2\x5c\xb7v-\xb3\xdd\xd39b\xac\x01h\x5c\x1c\
\x0e\x07\xdf\xfa\xea},[\xa6\x15\xa0\x91^\x8e\x1c7\
\xe4e5\x5c=1:\xb9<Zx\x84\xb3\xd8\xec\x03\
\x01\x02\x81 8\x0c\xbc\x89sm\x04&\xe7@W\xf8\
\x032n\xc3\x1d\x7f\x8e\x8d\xc1\x5c\x1b\xfde\x0e\xa8\xcd\
\x81b\x1b\x14\xda!\xc7\x06\xc1\xe0\xc4l$\x18\x08\xc2\
\xeeA\xaaO\xaaTt\x13\xf0\x15D\x7f\x139\xb4\x0a\
\x22\x95\xab\xd6\xa2\x10\x1d99\xb94,Y\x8aT#\
\x175\x88\x18\xb3\xa9%\x92\xa7x\x5cW\x19\x8c\xbf\xd1\
\xdd\xd7\xdd\xc3\xd6\xcd\x1b\xa3E\xc77\x80\xa7\x11\xf9\x1c\
 \xdeTK\x81\xaf\x22B\xfeB\x9e\x8eE\xccoX\
\x04@n\xae*\xac\xad\x02\xf1:\xf9C\xd7\x90s=\
\x0c&@\x8d;\xba\xc6^&B\x1cN\x9fJ(\xbc\
%\x1b\xb1\xd61u\xf4w\xe2M\xee\xfa\xde\xde\xde\xc1\
\xe0\xe0\xa0\xde\xb0c>\xafgDr\xb9\x1d\x84\xbc\xa1\
\xb1p8\x1c\xa6\x87\xd7\x19L\x88\x96w\x1eu\xcbU\
-\x9c7\xd7\xfc^3\xc6\x04\xb2\x8a\xfa\x0c\x94\x07\x9d\
=k\x16\x0f\xdd\x7f\x1f\xb7\xdey7\xfe\x14\xfa8,\
mh\xe0\xa1\x07\xee7=\x91\x1b\xa0\xbb\xa7\x87\xdf>\
\xfe{CcO75r\xea\xd4)\xa6M3\xbfx\
\x80\xddn\xe7\x96\x9b>C]]\x1d?x\xf8\xa7)\
\xad\xa7\x1e\xf3f\xcd\xe4\xaaK/e\xe5\x8a\x95\xcc\x9d\
;{\xcc\xfbw\xce\xac\xe4\xca\x98\x9f>u\xdat\xe1\
\x91\x93\x93\xc3\x97\xef\xbc\x83\x8f\xde\xf8\x99\x94\x04\xef\xa4\
\x1a\x89\xaf\xdd{\x0f\x8b\x17\xc5\xfdHJ\x0b~\xbf\x9f\
\x03\x87\x0c\xfd\x191\x94|\x06\xb1=\x1er\xe9\xdbp\
\xd7\x9f\xc2\xa1\xa0H\xbb0Z\xe5\xb6$\xf6@\x7f\x8e\
\x8d\xbe|\x1bC\x159P\xe5\x10\x95\xb0rm\x1aU\
\xac\xe47\xefD\x13\x1d\xc0\xd6\xfe\xe8|\x8e\x93\xc0\xc7\
\x81NbW\xaej\x90\x07\x17\x14\x14\xb0|\xe5\xf9\x14\
\x16\x95\xc4\x8d\xd8\xc9\x94g\xc3|\xe9\x97\xacX\x19{\
^S\xe3\x19\xb6\xbd\xbc)zg\xf0[\xc0S\xa8{\
\xa3,F$\xf6\x17\x01\xe4\xe48Y\xbct\x05\xd3g\
\xaa?\xb8***\xe9\xe8h\x97\xbf]\x82(y<\
\xaax\xa4?\xc1\xdc\x1c\xdd\xa6\xbb\x0d\x9f\x89\x10\x87C\
\xc6BE\x12\x0b\x0a\xcf,\xd6:\xa6\xce\xb8\xe7\xc84\
5\x1b\x0aU\x93w\xf1\xa6\xea\x0d\x9c7k\x1699\
Z\x15\xea\xd3\xc7\xd9FC\x15\xad\xe49\xeb\x0a\xe4\x99\
\x19\xe8\xc3p\xc6\xd8\x9cU\x98\xed9\x92Y\xbfv-\
\xff\xf7\xf0\xc3\xdc\xff\xd0\x83\x1c>\x9eX\x02<\xc0\xfb\
\xde\xf1vn\xfc\xc4\xf5F\x9b\xc3\xa5\xcc\xbf\xfe\xf5o\
\xfa\x06\x8c\xf7\x9c\xd8\xbe\xe3\x95\x8c\x08\x0f\x10\xc2\xfb\x83\
\xef{/\xeb.X\xc3o\x7f\xf7\x18\x7f\xfd\xe7\xbf\x8c\
x\xe7t\xa9\x95\xaaY\x7f\xfe\xf9\xacX\xbe\x8c\x86\xf9\
\xf3\x99\xacS\x0cA\x92$fMwq\xd4X\xa9\xf1\
0\xc7NxX\xbd\xda\xfc\xb0\xa5\x05\xf3\xe7\xf3\xc3o\
?\xc4\xed_\xfc\x92\x91\xe2 *\x1c\x0e\x07\xd7\xbd\xef\
=|\xf0\xfd\xef7\xbd\x92\x95Lkk\xab\x11\x91t\
\x90\xc8\x86\xae.\xb1<\x1eJ\xe1\xd1\x0aT\x17\x0c\x06\
\xe8\xf5\x07\xc1i\xd0\x22*\xb5\xe3w\xd8\xb0\x07\x82\xf4\
\x17\xd8\x19\xc8\xb3\x11,\xb5C}\x8ehF\x98g\xd3\
\xee\x22\x92.\x826\x03\x89\x0d\x0as:\x11cOs\
l\xe8\xe0P\x00^\x19@\xf2\xa9^\xa8\xfd\x88\x1c\x96\
\x0e\x22\xd5\x93\xec\x88\x15\xc8%Jt\xe4\xe6\xe7\xb3\xfc\
\xbc\x0b(,0\xd4p\xc64\x8c\xf4\xff0LJ\xc6\
\xb4\xfa\xe4x\x0e\x97\xa6\xc63l}\xe9\xc5\xe8N\xa4\
_G\x88\x0e\xa5\x87\xe9b\xe0s\x84\x9ak9\x9dy\
\x5c\xb0\xe1b\xaa\xab\xab!\xca5]\x5cV\xa6\x14\x1e\
s\x80\xdd\x88\x06\x83\xd1\xd5\xad\xb2/\xabC\x8d\xae\xb1\
gv\x88\x83\xdf\xef\xe7\xc0aC\xbb''\xf5\x87\x8c\
\x1b\xd6:\xa6\x80\xe4r\xd7#\x0a\x8b\xc4d\xd6t\x97\
\xe9%I\x9b\x8cu\xd36\x9cX>g\xa6\xf9F\xfc\
\xe93\x86\xbc\x07\x86\x13\xcb3!\x90O$h\x00N\
\x9f:5#\x09\xda2\x0d\x0d\xf3\xf9\xd5\xff\xfe\x8c\x8d\
\x9b6\xf1\xc4?\xfe\xc5K[\xb7\xc6\xdd\xb1w8\x1c\
\x5cu\xc9E\xbc\xe7\x9d\xef\xa6\xa1a~\xccq\xe9f\
``\x80\x9f\xff\xfa7\x09\x9d\xf3\xc4\xbf\xff\xcd;\xde\
\xfe\xb6\x8c\x84[\xc9Lw\xb9\xb8\xfb\x0b\xb7s\xe3\xf5\
\x1fg\xf7\xde\xbd\xec\xdb\xbf\x9f\x03\x07\x0fq\xf4\xc4\x09\
\xcd\x86\x8dy\xce\x5c\xea\xebj\x91\xaa*\xa9\x91\xaa\x99\
<i2\xf5u\xb5L\x994\x99i\xd3\xa6\x8a\xbf\xc9\
\x09\xb2n\xcd\x9a\x84\x85\xc7~c\x0d\xf2\xd2\xc2\xca\xe5\
\xcb\xf9\xdd/\xfe\x8f\xc7\xff\xf8'\x1e\xfd\xd3\x9fu=\
\xaf\x8b\x16\xcc\xe7MW\x5c\xc1\x86\xf5\xeb2&\xcae\
\x0c\x86J&T\xb2]6\xfd\xb5\xbc\x1d\xfe\xd0W\x1f\
 ^\xf9\xa1\xa0(~k\x04\xa7\x8d\xf6y\xb9Bd\
T:D\xd8\x94=Y\xbbl\x82\x84Z\xb5\x8eR\xbe\
\xa3\x1f\xe7\x90*\x89\xfc\xa7D:\x91\x8f\x12\xc9+\xc8\
A\xb8\xee?O(\xec h\xb3!UK4,\x5c\
Bn^A\xca\xd31\xdaHPy<\x99\x95N,\
\x97Cct\xb2\xc9 \xcaa\xc1 gO\x9dd\xc7\
\xb6\xcdJ\xd1\xd1\x8ch\x0c\xb8\x17uC\xc6\xb7\x01\x9f\
\x91\x07\xe5\xe48Y\xb3~\x03U\xd5\xd5\x9a\xb7\xab\xae\
\xaa\xe1\xd4\x89\xf0n\xd8{\x81\xbf\x12I0\x8fSR\
7\xb4\xb0\xd9\x93\xea\xa1\x1b\xdeRor\xd7\xe5\xb6\xb6\
6\x86F\x86\xf5\x86\x1d\xf6y=\xa9\x07^\x9b\x87\xb5\
\x8e\xa9\xa1\xeb1\x9a7\xdbXN[*\x18lj'\
\xffA\xd5}\xcd\xdd.WJ\xf31\xc2\x89\x93\x86t\
\xa4\xe1\x1e\x1e\x93\xa7\x98_J\xf7H\x82\x9e\x84\x05s\
u\xf5R\xdaq:\x9d\x5cr\xf1\xc5\x5cr\xf1\xc5\xf4\
\xf5\xf5q\xc2\xeb\xc5\xe7\xf3\xd1\xd5\xd5M\xdf@?6\
\x9b\x8d\xd2\xe2\x12&\xd5Ob\xe6\xac\x19\x19\xdbmV\
\xf2\xaf\x7f\xff\x87\xd6\x8e\x8e\x84\xce\xd9\xb3\xff\x00G\x8e\
\x1ce\xce\x1c\xf3\x7f\x9f\xa2\xa9\xa8\xa8\xe0\xc2\xf5\xeb\xb9\
p}\xa4\x92\x93\xdf\xefgd$\xf2\x91d\x96\xc0\x5c\
\xd4\xb0@\x7fP\x14\xcf\xbd\xb4\x99\xa1\xa1!\xd37<\
djjj\xf8\xf4\x0d\x9f\xe4c\x1f\xbe\x8e\xa3G\x8f\
s\xe6\xec\x19\xbaz\xba\x19\x1d\x1d\xa5 /\x9f\x92\x92\
bj\xa4Z\xa6M\x9bByyyF\xe6\xa4Ec\
SB\x0dK\x0d\xa1\xe5sP\x0a\x10?\xa2\xd4\xab\x90\
\xf5\x1d~(K\xa0\xa3\xb8+W|\xb5\xc9\x97<\x87\
i\x1c\xa5\xf2\x95~\x1c~\xd5\xf3\xfc\x01\xa2'\xc40\
\x91\xc6tr\xe5\xaa\xa5\x88\xf0\x9f\xf0'\xd84\x97\x9b\
\xb9s\x17h\xeeN$\x22\x08\xd2\xea\xa9\xd0%\xcaT\
\x0fO4\xb5x\xa1D\xcf\xde\xf5\xca6NxT\x15\
j\x9a\x10aT\x87\x88\x84\xb59\x807\xa1\x10\x1d\xc5\
%e\xacX}>UU\xca\xb0\x0e\xf5\xdd\x0b\x8a\x0a\
\xb1\xd9l\xb2\xa0Y\x84\xf0R\xc9U\xad\xc2\x1e\x8f\xb1\
\x09\xe6Y\x87~\xa7h\xd3\xc3[\x0c\xed2\x1bNR\
\x1b'\xacuL\x0d]+(\x13\xe1!'\xbc\x86\x8c\
xy\x0du\xe7\x5c?\xc9\xfc\x84\xe8\xfd\x07\x0c\xbd\xa4\
\xf2\xd6\xad\xee\x9ckM\xee\x0e>::\xca\xc1\xc3\x89\
\xf5\xafte(4(\x16EEE4,H\xdcp\
5\x93\xf6\x8e\x0e~\xf8?\xff\x93\xd4\xb9\x7f}\xf2I\
>\xff\xb9[\xd2<\xa3\xe4p8\x1c8\x1c\x09\xd8\x90\
I2gN\xe2\xe2upp\x90\x03\x07\x0f\xb2t\x89\
\xf9\xc9\xdaJ\xf2\xf3\xf3Y\xb8p\x01\x0b\x17f\xd7{\
N\xc6`\xd9\xe9\x84\xfe\xd6(m\xd9h\x8f\x87,<\
\x22\xcd\x0f:\xc7\xa9\xa3C\x10\xc6\xbb\x9bDL\xfcA\
88H\xf5\xf6>\xa5\xe8hC\x84\xf1<\x82(\x97\
+{:\xe4$\xf25\x08QR\x02\x22\xa1\xd95c\
6s\xe65(DG,\xfb5r\x5c\x8e$\x8b\xdf\
H\xd0\xa4\xe3i0\xaf\xc7^\x22\xf1\x8b\x06\x02~^\
\xdb\xb15Zt\x9c`\xac\xe8\xc8\x01>\x84\xa8^\x05\
@\xb5T\xc3\xc5\x97]\x19%:\xc6RXTB\x8e\
\xba\xf1O\x19\xea\x92\xbaq\xca\xea&I\xfa\xe5K\x1d\
\x0a\x91\xab\xc5\xcci\xd3L\x0fqH0\xbc%\xeb\x90\
\x5cnk\x1dSGw'~j&v\xe2\x8d\x95\xd2\
5\xdc\xb5\xbc\xbe\xaeNoHJ\xf4\x0f\x0cp\xaaQ\
\xd7K\xd3\xe9\xf3zZC\xff\xd7\x9ds\xad\xc9I\xdc\
---\x09'\x1aO\xcd@C\xc3\x89\xc6o\x1f\xfd\
]\xc2\xf9\x002\xbf\xff\xcb_\x8dz\xf7\xce\x19\xea\xeb\
\xea\x98R\x97\xf8F\xc0\xf6W^1a6\x13\x1b\xaf\
1/kB\xbb\x0b\xd1\x9b\xe8Z\xe1V\xbb\xe5\x1f\x16\
u\x8cg\xf1\x1e\xb3B\xadR\x104\x81P>\xc7\xa1\
!e:\xc9\x19\xe0\x8b\xc0KD<\x1d\x10\xc9\xe7\xb8\
\x1cx\x08\xd1\x95\x1c\xbb\xdd\xce\x8aU\x170{v\xec\
\xbf\xc5f\xf4\xe00\xfa\xac\xd3\xdaH0\xa5\xe7\x11\x1c\
\xf3\xdd\xe0\xc0\x00/\xbd\xf0\x5c\xb4\xe8\xf8\x0b\x22\x89_\
n\x0c(\x8b\x8e\xbb\x80k\xe5A\xe5\x95U\xac\xdfp\
\x09\xce\x5c\x8d\xbe(Q\xf3,((\x88N\x1a-F\
\x88\x0e\x9d^\x1eY\x85~x\xcb\x5c\xf3\xdd\xf1\xa7M\
\xd8=\xc90\xd6:\xa6\x8e~\x8e\x8c\xc9\x15\xad\x86G\
F8pD79\x7f\xc0\xe7\xf5\xc8\x7fuu\xb7P\
kM\x8e\xbdnI\xc0\xcb%\xb9\xdce@\xdc\x1d\x95\
Z\xa9\x9a\xe2\xe2\xb8\xa96)\xd3\xecK\xa2\x94\xae\xc9\
a\x8a\x13\x8d\xa3\xc7\x8e\xf1\xeb\xdf=\x96\xf4\xf9\xfe`\
\x90\xdf>\x96\xfc\xf9\x13\x11\x9b\xcd\xc6\xfa\x0b\xceO\xf8\
\xbc\xbf\xfd\xfd\x1f\x8c\x8e\x1a\xce\x91~]\xb0\xff\x90!\
M\x91\xb4\xc7\x03\xc6\x86Y\x05\x10\x864\x00\x85\x03\xe3\
\xe9u\xc8@#\xc1D\x0c\xe3\xd1 l\x1dDj\x1c\
\x93D\xfeED\xd5\xa3a\xd4\x86o.\xf0\x09D\xe9\
\xd6\x5c\x00\xa73\x97\x95\xe7]@yEe\xf8\x02\xe3\
\xb5\xc2\xa9\x8a\x1b\xd5\xe9\xbaOB\xe3f\x09\xde\xbf\xbf\
\xb7\x97\x8d/<M[\xab\xea\x0f\xdb\x9f\x81\x1f\xa1\xae\
\x1a\xe6\x04\xee\x06.\x91\x07\xd5O\x9a\xca\xdau\x17\x83\
A\x97onnn\xb4\xc7c\x15\xe25\xb536\xc1\
|,\xd9\x11|\xa5\x1f\xde2\xd5\xfc\x10\x07\xaf\xb1\xf0\
\x96\xc4b32\x8b\xb5\x8e\xa9\xa3+\xde\xcc\x16\x1e\xbe\
\x04\xca\xd2J.w>\x107\x81\xa3\xb8\xb0\xd0\xf4~\
\x18M\x89\x95\xd2\xd5]\xe3\x86y\xba\x8e\xa7\x949k\
,\x19^Em\x8d%<dFFFx\xf0\xdb\xdf\
M\xb9<\xedc\x7f\xfa\x0b\x07\x8c\x85\xe9\x9d3,^\
\xb40\xe1s\xce\xb6\xf8\xd8\xf9\xdak\xe9\x9f\xcc\x04e\
pp\x90\x13\xa7t\x9b\x07\xf6\xf8\xbc\x1eC\xbb\x222\
Zn\x84h\xf1\xe1G$\xe7\x0aZ,5H\x87\x9f\
\x9c\x8d}\xd1\xe5r\xf7\x01\x0f\x22\xd6*\xba\x5cn>\
\xf0I\xe0:ypaa\x11\xcbV\x9cGiYy\
\xf8\x02z\xc6\x7f2\xa2$\xfa\x1c#\x02#\xdd\xe2'\
e\xbb;\xea\x02\x83\xfd\x03\xbc\xf4\xe2\xb3\xf4\xf5\xaa\x5c\
\xcf?D-:\xe4\x1e\x1d?CT\xb0\x02`\xce\xbc\
\x06\xce_\xb7\x81\xdc\xfc\xd8\x09dZ\xf3\x9d9[\xf5\
w\xfc\xed\x8c\xf5x\xd8\x01\xa4_7kd\xceg\x05\
\xbaV\xc6\xb4\x0c\x84\xb7\x1cN,\xbc%\x1b\xb1\xd61\
\x05$\x97\xdb\x89\x8e\xf7 \xcf\x99\x9bT%\x9bDH\
\xd0\x88\xd7\x15\x9bK\x1a\xb4s\xf3\xd2I\xa3\xb1\xb2\xb4\
\x86\x13\xcbgf\xa2\xd7\xccYC\x9e\xb90\xb99N\
$\xc9\xdc\xd7~\x22\xf1\xc8c\x8f\x19\xeaRn\x84o\
\xff\xe0\x07\x0c\x8fdc\xad\x09s\x98;;\xb9\x22\x05\
\xbf\xcfp\x13\xc4l\xa6\xc5\x98\xc72\xe1\x0d.\xad\x1c\
\x0f\xad<\x8f\x97\xc2\xa3N'!<\x12\xf5<\x8c\x00\
m~\xf0\x8e\xc2\xb1\x91LfJ\xeb\xd3:J\xf5\xa6\
^*\xbaUag?A\x84\xf7\xecCm\xf8:\x11\
]\xb1\xff\x07\x91_\x00@M\xed$\xce\xbb`\x9dJ\
thc<\xcf#\x1a\xf5\xf1D\xf39\x92\x9fOj\
\xd7\xd7?\xbb\xb9\xa9\x91\x17\x9e\xfd7\xfd\xfd\xaan\xf0\
\xf7!\xbc\x1d\xca\x5c\x9a\xa5\x08O\xc7ty\xd0\x9cy\
\x0d,X\x14\x958\x16s\x8a\xea\x1f\xcc\x9c\xa3\x12\x1e\
\x8b\x88\xe4x(\xc5G\x16\xbdQ\xc7\xa0\xfb)\x5cg\
r\x8c\xfa\xd0\xd0\x90\x91Z\xf9}>\xaf'1k%\
\xb3X\xeb\x98\x1a\xd3\xf5\x06,\x98;\xc7\xfc\xa6v\xc6\
b\xde\xe5-b]\xef\xc1\x0cw\xdc\x06\xe1i\xe1\xe4\
\xa9\xd3F\x86\xc9\x89\xe5\xba\xef\xd3)\x19\xc8\xa58\x9e\
`I\xd3\xf9sgg$\xf9x\x22\xf0\xda\xae]\xfc\
\xe0\xbf\x7fft\xb8\xae\x0b\xf4\xd5\xbd{y\xec\xb1\xc7\
S\x9b\xd4\x04b\xea\xd4)T'\xe1\x85|v\xe3\xa6\
\xd7\x9dw(\x16\x8dM\x86\x1c\x19\x09\xd7!6\xea\xf1\
\xd8\x1e>a `\xce&\xee\x08\xd0\x1b\x04\xef(\xf9\
/\xf5S\xbdu\x00i\xef \xce3\xa3\x22\x81;\x1b\
6\x8e\x1bG\xa8\xdc\xda\xaf4\xea\x07\x10\xe5Z\x7f\x8d\
v\x12y\x15\xf0\x00\xa2A  DG\xc3\x92e\xd8\
\x1d\x1a\xb9\x05)\x10?\xc1<\xde9Z\xc4\xbe\x8e\xea\
\x9cd^\x13\xdd\x1c\xf5\xd8\x17=u\xc2\xc3\x96M\xcf\
38\xa8j\xa0\xf4%\xe0y\xd4k?\x09!F$\
\x10\x1d\xe0W\xacZC\xc3\xa2%)\xedJ\x16\x16\xaa\
\xfa\xaaLB\xa3\xb2U\xd2\x17\xd7\x22\xbd\xefy\xfd\x0a\
7f\xc7\xa8\x9b\xb4{\x92a\xacuL\x0d\xdd\x9d\xf8\
\xb9\xb3\x93\xeb<\x9c\x08\xa7\x8d\x09\x0f\xc3\x89\xe5\x99\xe8\
\x87\xe11f\xc4\x1b\x9e\xf3$\x93{\xcd\x00\x1c8\x98\
\x98M2;\x03\x0d\x0d'\x02\xcd\xcd\xcd\xdc\xf1\xe5{\
\x8d\x0e?\x89\xd8d\xd3\xe5{\xff\xfd?\xbc\xbakW\
\xb2\xd3\x9aP\xd8\xedv6\x5c\xb0&\xa9s\xff\xdf\xaf\
\x7f\x15\xdd\x0b\xecuISb^V\xc3\xc4\xca\xf1\x88\
\x16\x1f\x9d\xf2\x80\xfc\x91 \x8c\xa4\xe9\x05\x09\xda\xa0?\
\x08\xfb\x86\xc8\xdb\xdcO\xd5\xc6>\xa4\xbd\x83\x94\xf4\x05\
\xc2\xc6\xbd\xd3\x1f\x14\xc2\xc3T\x14\xe6\xb4\xd6\xad\xe4\xca\
U;\xfa\xa3+W}\x1a\xf8\x1b\xda\xa2c9\xf0K\
\xa0\x1eD\xb2\xd3\xa4)\xd3X\xb4d9\xf61\xf6\xa9\
\xfa\xa6Z\x82\xc0\x8c\x04s\xa3\x8c\xe7\xbdeNz<\
\xec\xdc\xb1Ey\xa8\x05\xb8\x03\xd8D$\x81\xdf\x01\x5c\
\x06\xfc7\xa2\xf2\x1499NV\xadY\xcb\xd4\xe9\xf2\
\x8e\xa4\xd6\x931\x96sRY\xa5\x0a\x01X\x81a\x8f\
\xc7\xb8/`\x0e:\x06_n\x8e\xd3\xf4\xf0\x96\xe6\xc4\
\xc2[\xb2\x0e\xc9\xe5\xb6\xd61ut\x85[&\xaa\x1a\
\x1d\xf3\x9c02\xcc\xb0\xf7`\xf2\xa4I\xa9L\xc7\x10\
\xbb\xf7\xef\xd3\x1f\x94@\xf3\xc0Z\x93\xf3h\xfa\xfa\xfa\
8\xd3l\xe8\xbd\x1af\xda4\xdd\x06\xf1\xe7<\xbd\xbd\
\xbd\xdcy\xcf\xbd\xf8\xda\xdb\xf5\x07\x0bn\xf0y=\xbf\
\x01\xb6\xe8\x8e\x04\xee\xfc\xf2\xbd\xaf\x9b*WK\x17/\
N\xea\xbcg7nb\xcb\xb6mi\x9e\xcd\xc4\xe3\xe4\
iC^\xd6\x84\xddC\xb1<\x1e\x81\xa8G\xa7\xfc\xc3\
\xfc\xe1\x14\x85G\xd0\x06=\x0180\x8c\xed\xe5~*\
6\xf5#\x9d\x18\xa1\xb47\x80]\xc3\xe2.\x18\x0c\x80\
O\xb6+3\x90`\x1e\x8d?(*W\x1dVU\xae\
:\x85\xd8a\xd8\xc3\xd8\xcaUy\xc0;\x80\x87\x81\xf0\
\xd6\xe7\xe2\xa5+\x99\xbf`QjsI\x13\xc6\xc2\xb3\
\x12'\xde\xe9\x86<\x1bZ\x87\x82A\x0e\xec\xdb\xc3\xae\
W\xb7+\x0f\x1f\x06\xaeG|\xd0\xca\xb1\x7f\x0eD\x02\
\xf9\xdd(\xba\x22\x9f\xbf\xeeBj\xe3\x94\xd5K\xe4)\
Ku*\xe3b\x09j\x8fG\x1c\xf1a\x1bo\xed\x11\
71\x16Dx\x8b\xd9!\x0e\x8dg\xd3\xdf\x88(\xc3\
X\xeb\x98:\xba\x06\xf1\xa4\x0c\xf4\xc3\xd8gl'^\
\xfe\x83\xaa\xdf\xb7\xc5\xe4\xb2\xb4\x9d\x9d\x9dF\xca\xa9\x9e\
\xf6y=\xfd\x92\xcbm\x07\xe2Z\x5c\x0e\x9b\x0d);\
z\xcd\xa8\x98\x5c\xff\xfa.\xa5;88\xc8}\x0f|\
\x9d]\xfb\xf6\x1b=\xe5\x01\x9f\xd7\xf3\x8f\xd0\xff?m\
\xe4\x04_{;\xb7\xdf\xfdE\xba\xba\xba\x92\x9a\xe3D\
bn\x0a\xcd(\x1f\xfc\xf6\xf7\xe8\xe9\xe9I\xe3l&\
\x1e\xc7\x8dm\xd0\xa4\x94\xe3\xa1$\xba\xa4n'\xa27\
\x02\x8e\xd1\xa0\x08\x8bJ\x84 \xa2\x07\xc8\xd1\x11\xd8>\
@\xe5\xe6\x01\xa4\xe3\xc3Tw\xf8\xc9\xd1\x161G\xe4\
\xfb\xd9\x03`;9Ny\x1e\xfd\x01\xd8\xd6\x8f\xd44\
\xa6r\xd5\x97\x10\x95\xab\xa2\x93\xc8\xf3\x10\x9d\xado\x97\
\x07;\x1c\x0e\x96.?\x8fj\x83\x8d\x9a\xd2\x99`\xae\
\xee\xf3\x91\x18)'\x98\x87/\xa0oq\xc7\x1a\xe1\x1f\
\xf5\xb3\xed\xe5\x978|p\x1f\x81@\xf8\x82\x87\x81\x1b\
\x81\x0e\xd4\xdd\xc8\xdf\x8cx]\x00()-c\xc3E\
\x97Q\xad\xf8\xe3j0\x9d#\xe6\xd82uN\xceb\
&\x8e\xc7C7\xbce\xce\xcc\x99\xa6O\xc2`#\xa2\
l5\x98\xc1Z\xc7t\xa0_\xd1\xca\xe4\x1c\x99\xde\xde\
^\x9a}\xadz\xc3|>\xafG\xb6\xcc\xf4\xfba\x98\
\x1d^\xd7b(\xbcN\x0ey\xd0\x8d\xfb\x9a3k&\
\xb9\xce\xf4\x86\xfbF\xd3ll\xce*\xea\xeb\xcd\xf5\xc2\
\x0c\x0d\x0dem\x08\xcd\xe0\xe0 \xf7\xdd\xff5\x9e\xdd\
\xb8\xc9\xe8)\xcf\xfa\xbc\x9ep\x88\x95\xcf\xeby\x05Q\
6^\x97\x83G\x8fq\xeb\x1dw\x9d\xd3\xe2\xc3\xef\xf7\
\xb3\xcf\xb8\x80\x1b\xc3\xa9\xc6\xb3\xfc\xe8\xe1\x9f\xa6qF\
\x13\x8f=\x07\x0cm\xd0\xa4,<\xb4B\xadd\xf1\x11\
)\xa3\x92HY\xdd\xfe\x00\xec\x1c\xa4r\x8b\xe8w!\
\xf9F\x85xQs\x0a\xb8\x0dx#\xf0\x86\xd0\xff\xff\
[\xfeae\x97\x1f\x06\xe5\xdc\x92\x0c\x15\x9cm\xf3S\
\xf1B/\x92O\x95L\xbf\x0f\xf8\x06\xb1+W]\x03\
|V\x1e\x5cVZ\xce\xca\xf3\xd7RU\x9d\xca\xceR\
\xa2\x09\xe6\xe9J\x007x<\x18\xe3x\x8a\xf8GF\
ye\xdb\xcb45\xaa\x5c}\x87\x81\xef2v\xed\xaf\
A4l\x04\xa0\xb8\xa4\x94\x0d\x17]N\xa5\xd6\xba'\
4M\xf5\xe0\xfc\xbc|\x9c\xce\x5c\xf9[7\x22\x9ck\
\x8c\xc7cle\xabqGw\xdbg\xea4\xf3c\xd4\
\x8f\x9f8adX6g\xf5Y\xeb\x98:\xba\xa1V\
5&w\xd3n6\x16\xfe#\xf7\xc3\xa8\x06\xe2f\xa8\
N\xad\x9fDaaa\x1af\x16\x9b\xb3\x8dMF\x86\
\x19\x0e\x0d\x9b3\xcb|\x81|\xd6\x98@VQc\xb2\
\x17\xe6\x84\xd7\xcb?\xff\xfdoS\xef\x91\x0c\xbd\xbd\xbd\
|\xf9\xab\xf7\xf3\x9f\x17^4z\xca pC\xf4A\
\x9f\xd7\xf3u\xe0i#\x17xu\xef^n\xbc\xf9\x16\
\x9a\x93\xf0Le;\xfb\xf6\x1d\xe03\xb7|\x8e\xaf|\
\xf3[)]\xe7\x0fO<\xc9\xdf\x9e|2M\xb3J\
\x1f\xbb\xf7\xec\xa1\xaf\xafO\x7f`\x0atuu\xd1\xd1\
\xd5\xa97\xec\xac\xcf\xebI\xb8\xb3\xa5\x11\x8f\x87,<\
\x22\xd2\xa7+\x81F\x82v\xa8h\x1fU\xe6F\xc8x\
\x81[\x81\xb7\x02\xff\x05\xbc\x80\x88\xdb\xef\x04\xba\x11\x8d\
\x0b\x8f\x83\xf0z\xd0\x1b\x8c\x5c\xd0lZF\xa9\xde\xdc\
\x1b\xed\x8d\xf9\x11\xf01\xd4\x95\xab\xe4>\x11\x8b\x81\x9f\
\xa3\xf8 (\xaf\xacb\xc9\xca\xf3),\xd2nrl\
\x0b&.\xa12Qn\xd7\xacs\x12\xa1\xb3\xb3\x9d\xe7\
\x9e\xfeg\xb4\xe8\xf8\x05b}\xf7\x11Y\xfb9\x88\xd7\
\xe5#\xf2\xa0\xf2\xca*\xd6^x)9Z\x8d\x01S\
$'7\x87\xbc<UG\xeaJ&F\x82yV\xc4\
\xa8\xef?d\xc8\x16\xce\xd6\x9dz\xb0\xd61%$\x97\
\xbb\x18\x88\x1bKSQVNyy\x99\xa9\xf3h\xf6\
\x19\x12\x1e\x86\x93\xb4\xe7\xcfK>\x9c\xc3(g\x1a\x13\
\xf2r\xe9\xce\xd9=M7j0eN\x9d1\x14\x1f\
\x1e\xa6\xac\xa4\xd8\xf4^(\x8d\x8d\xcd|\xe3;\xdf\xe3\
\x94\xb1\xd8\xf5\x8c\xd0\xd4\xd4\xcc\xa7o\xbd\x8dg^\xdc\
\x98\xc8i7\xf8\xbc\x9eX\xbf\xe37\x00\xfdF.r\
\xf0\xe81\xae\xfb\xe4\x0d\xecNS\xc9\xde\xf1\xe6\xc0\x81\
C|\xf1\xde\xfb\xf8\xd0'?\xc9\xd6W_K\xcb5\
\xef\x7f\xe8[l\xdd\xbe]\x7f`\x86\xd8\xfe\xca+|\
\xe1\xcb\xf7PTT\xa4?8\x05\x0c\x161I\xaad\
{\xbc\xaaV\xf2Cn$\x18y\x93w'`z\xe6\
\xdb\xe9,V\xdd\xe6\xb7\x08C\xf1FD\xb5\xac\xd3@\
\x8f\xe2\xd1\x1bz\xf4\xa1*\xe3\x9bB\xfdiCaZ\
!\x8f\x8ag\x98\xca\xed\xaa\xcaU\x9d\xc0g\x80\xdf\xa0\
\x9dD\x9e\x0f|\x01E\x18FUU5K\x96\xac$\
'\xa1Xo\xfd\x04\xf3L`V\xfe\x87\x8a8\xd7\xea\
\xee\xead\xcbK/F\x97\xcb\xfd\x05\xf0+\x84\xe0\x0b\
\x12)U|+\x8a\x8aau\xf5\x93Y}\xc1z\xf2\
\xf3\x15\xe2@\xf3^\xc9%\x98\xe7\xe6\xe6QPX\xa0\
<T\xcf\xc4(\xa7\xabk\x88\xd4\xd7f]xK6\
b\xadcj\xe8Z\xe8\x8b\xe6\x9b\xdf\xd4\xee\xcciC\
F\xbca\xef\x81\xdbe\xbe\x11\x7f\xfa\x94\xa19\xcbF\
\x80\x81<\x9a\x0c$\xf0\xeb\x97|V\xb1xA\x83I\
3\x89p\xa6\xf1\x0c}\x03\x03\xdcu\xcf\xbdY\x11f\
\xb4m\xc7\x0e\xae\xbd\xfe\x13\xec\xd9\x7f \x91\xd3~\xe0\
\xf3z~\x11\xeb\x87>\xaf\xe7(\x1a\xde\x90X\xb4\xb4\
\xb6\xf1\xb1O}\x86\xdf>\xf2\xe8\x84\xec\xda\xed\xf7\xfb\
y\xe5\xd5W\xb9\xe5\xf3_\xe0\x83\xd7_\xcf?\x9fy\
6\x91\xd3\x07u\xaf\x1f\x0cr\xf3\xedwfE\xb2\xf9\
?\xfe\xf5/>u\xeb\xe7\x997S\xd7q\x9c2\x8d\
\x8d\x86<aIy\xd6\xe3\xb9\x0f\xa2C\xad\xc2\xc1r\
\x95\x9d\x09x<\x80\xe04\xd5\xee\xf3\xd5\x08c~@\
\xf1\xe8\x0f=\x94\xc7\x06\x81\xff\xc8'\x15v\xfaCi\
\xc4&\x99\xe4\x01\x1b\xec\x1c@\xda;\xa0\xf4\xce\xb4 \
Bx\xb6\x11\x11\x1d\x10\x11\x1dK\x10\x95\xab\x84Ab\
\xb7\xe3\x9a1\x9bE\xcbV\xe1\xc8\xc9\x89q#}\x0b\
\xde\x8c*R\x99j$\x98J\x82ygg\x07\x9b\x9e\
\x7f\x96\xe1\xc1\xf0g\xc1\x08p/b\x8d\x95\xa2c>\
\xa2w\xca|\x10\x15\xc3f\xcd\x99?Ft\x18]F\
y\x9c\x22\x8fD\x13\x9b\xcd\x16]R\xb7>4\x1f\x03\
^\x8fq-\x09\xad\x9f\x1ckr\x8cz\x22\xe1-Y\
\x8c\xb5\x8e\xa9\xa1\xbb~32\xd0\xd4\xce`\xa5\x16\xc3\
\xd5\xa1\xa6L6\xdf\xcbe\xb0a\xa4a\xb1TWg\
\xee\xfb4\x18\x0c\xb2;1c\x1a\xf7\xf4\xcc\x09\xb8\xfd\
\x87\x8f\xf0\xa5\xfb\xbeB\xf78%\x0f\xf7\xf6\xf6\xf2\x83\
\x1f\xff\x84\x1bn\xb9\x95\xd6\x8e\x8eDN}\xd4\xe7\xf5\
|Vo\x90\xcf\xeb\xf9\x15\xf0\x03\xa3\x17\xf5\x07\x83|\
\xe7\xe1\x9f\xf2\x89O\xdf\xc4\xde}\x86\xaa\xa7\x8d;\x8d\
MM<\xfa\xf8\xe3\xbc\xfb\x83\x1f\xe2\xfa\x9bn\xe6\xc5\
-\x86\x8azE\xf3\x13#\x83\x86GG\xb8\xe9\xb6\xdb\
y\xf2\x1f\xff\xd0\x1fl\x02CCC\xfc\xf0'?\xe1\
K_\xfb:~\xbf\x1f\xb7\xdb\xfc\xdf\x95\xb3\xc6\x9a\x7f\
&\xf5\xb7&\x9eu\x1c\x9d\xeb\x11\xde\x1e\xd0\xc8\xd1\x88\
\xcfd'}G\x86)\xea\x0f\x80\x88\x97\xad\x00|\x08\
cR~\x8c\x121\xd8rB\xdf\x87\x1b6\xe4\xfa\x83\
\xf4\x8f\x06\xc1i\xc2\xa6\xb2\x1fQ\xb9\xaaY\xe5U9\
\x06|\x13Q\xb9J\x19Z%\x8b\x8e\xcb\x10\xe5\x5c\xc3\
\x15\x94\xe6\xcdo`\xd2$u9@[\x90\xb4\xef\x83\
\xcb\xdd\x09\x8d`\x0b\x8ec\xff\xc5\xf0D\xf5\x17\xe1\xf8\
\x91C\x1c\xd8\xbf\x07\xbf?,j\x83\x88\x0aU\xdb\x88\
T\x0d\xb3#\xde;_AQ1l\xc6\xac\xb9\x91\xc6\
\x80\x9a\xb7\x8a\x1c\x0c\xa2~Mz\xbb{h\xf55\xd3\
\xdc\xdcH0\x10d\xcd\xfa\x0b\xa3\xceR_\xb0R\xaa\
\xc5{\xe2\xb8\xfc\xedb\xe0\x0f\x98\x19j\x95:\x131\
\xbc%\xeb\x98\xa0aB\xd9FV\xf4\xc38v\xfc\xb8\
\xfe\xa0\x04\xc2\x96\xcc\xee\x87\xe1\xf7\xfb\xd9\x7f\xc8P\xe4\
\x9c\xdc\xe8C?\x81\xdf\xe4R\xba\xed\x1d\x1d\xf4\x0d\x0c\
\xe8\x0fT0m\xaa\xf9\xaf\xbdR\xc0\xbd\xb4}\x077\
\x7f\xfev\x1e\xb8\xf7^\xea\xea\xcc]\x0f\x19\xbf\xdf\xcf\
\x0b\x1b7\xf2\xbd\x1f\xfd8\xe1R\xc3\x88\x8d\xd8k\x8d\
\x0e\xf6y=\x9f\x95\x5c\xee\xb2D\xceym\xdf>\xae\
\xfd\xe4\x8d\xbc\xf9\x8a\xcb\xb9\xe6\x03\xefgf\x96\xf5U\
ini\xe1\x95\x9d;y\xee\xc5\x8d\x89$\xe1\xc7b\
\x8b\xcf\xeb\xb9Ur\xb9K\x10\x0d\xa0\xe3\xe2\x0f\x06\xb9\
\xe7\xeb\x0f\xb2g\xef>>\xf5\xc9OPZZ\x9a\xea\
\xfd\x0dq\xe0\xe0A\x1e\xf8\xe6\xb7\xd8\x7f8\xf2\xb1\x9e\
\x89\x92\xe3\x06\x8b\x98$\xf5\xb7FKx\x04\x15_\xa3\
\xcb\xeaz\x91KJ\xf6\x05\xa0\xc8x\xbeE\x7f\xb9C\
\x16\x1e \xc2\x92\x0e\xa1\x16726\xc5#\xfc\xc9\xe5\
\x18\x01\xba\x83\x90o\x03[\x22\xa6\xb7\xde\xc4\x82\xb0k\
\x10\xa9U\xe5b\xfc\x15\x22\xb9]\xf6r(\x13\x99s\
\x81\xb7\x00w\x86'l\xb33\x7f\xe1b\xea\xea\x12\xdb\
\xf9\xb2\x05\x85\xa3E\xff\x99\xc42\xdc#\xc7e\x81!\
VF\x7f|Z\x8f\x87\xbfMNe\x1d=r\x90\x03\
{TM\x8dF\x10\x05\x06v\xa1\xf625 \xc4H\
\x0d\x88u\x9f1s6\x0d\x8b\x97\x1a\x9c\xb7\xd8\x89\xeb\
lo\xa3\xa9\xb9\x89\xf6V\x1f\x1d\xedm\x8c\x8c\x0c\x1b\
\x9ekTe+7\xea\xcaVa\x01\x22\xfd\xba\xd9\xe6\
\xbb\xa66\x1b\xca\xa7\xe8\xfad\x17\xcd3?\xbc\xe5\xb4\
\xb1\x0f\xb1l\xdd\xa9\x07k\x1d\xd3\x81\xee\x1a\xd6\x99l\
\xc4\x07\x02\x01\xf6\x1e4\xb4<\xb2\x85\xaa\xdf\x0f\xc3d\
/Wkk+\xc3\xa3\xba\xa1\xc6\x07}^\xcf\xa8\xe4\
r\xe7!>\x97bRTP@eee\xda\xe6\xa7\
E2\x09\xcb\xf5\x19\x10p\x07\x0e\xab\xed\xa4]\xfb\xf6\
\xf3\xc1\x8f]\xcf\x97\xbfp\x1b\x1b\xd6\xaf7\xed\xde\xa3\
\xa3\xa3l~\xf9e~\xf1\xdbG\x12)\x95\xab\xe4\x19\
\xe0\x9d>\xaf'\xa1\x98s\x9f\xd7s\x9d\xe4r\xe7\x03\
\xefI\xe4\xbc'\xfe\xf3\x14O\xfc\xe7).\xdd\xb0\x9e\
\xb7\xbd\xf9\xcd\xac\x5c\xbe\x8c\xdc\xdc\x5c\xfd\x13\xd3\xcc\xf0\
\xf00\xc7\x8ey\xd8\xbbo/O?\xff<;v\xed\
N\xe7\xe5\xe5p\xb4\xdb\x81+\x81iFN\xfa\xc3\x13\
O\xf2\xf2\xb6m|\xf6\xc6Oq\xd1\x85\xebM+\x9f\
\xde\xe2\xf3\xf1\xd8\xef\x7f\xcf/\x1e}l\xcc\xcf\xea\xea\
\xcd\x0d\xe9\x058t\xe4\xa8\x91a\x09w-\x07c\x1e\
\x0fe\xb8\xd5\x01d\xe1\xd1\xe9OHxP\xe9\x80\xb3\
\xe1\xdf\x99\xf7\x02O\x22\x0c\xb6\x1cD\xbc\xbe\x8dH\xec\
\xbe\xfc\xf0\x03\x1e\xc0m\x0f\x04\xa1e\x04j\xf2H\x9b\
\xe8h\x0bP\xb9\xad?\xda\x83\xf33\xe0\xffP\xe7s\
(\xcb\xe5^\x87\xe8!\x01@~a\x11\x0b\x16,\xa6\
|LR\x5c\xc4\xf85.\x93\xf4\x0dw3<\x18\xd1\
\xf3\x8bu\x0f\xe5\xf1\x94\xa5_\xe8\xa9\x1e9\xb4\x9fC\
\xfb\xf7*\x7fr\x14Q\xb9j/\xear\xb9\xeb\x11\xb9\
4a\x0f\xd3\xea\x0b\xd6QS[\x8f\xb6o\x22\xc2\xc8\
\xf00>_\x0b\xbe\xa6&:\xbb:\xe8\xe8h\x87\x18\
aUM\x8dg\xa8S\xd6\x92\x8f\xbah\x95\xba9\xdc\
B\xc4\xfbB\x0e\xb7R\x8a\xe6\xd8O:\xb3\xe8\x1a{\
\x99p\xdb\x9e6\x16W\x9fu\x09\xd1\x0a\xacuL\x1d\
]eVo\xf2\xces\x87\xb1\x9dx\x8f\xcf\xeb\x19\x92\
\x5cny\xb3#&\x0e\x87\xc3\xf4~\x18\xcd\xcd\x09u\
\xaa\xd7m\xfb\xbeh\xfe<l6s?\x87\x9a\x9a\x0c\
U\xe1RQg\xb2\x80kkkcHc\x93\xa9\xa3\
\xab\x93[\xee\xfa\x22\x97nX\xcf\xc7\xae\xbb\x969\xb3\
\xd3\x17?\x7f\xea\xf4i6\xbe\xf4\x12\x8f\xfd\xe1\xcf\x9c\
n2\xd4\x7fG\x8b\xa7\x80w$S=\x08\xc0\xe7\xf5\
\xbcWr\xb9\x07I\xc0\xf3!\xf3\xcc\x8b\x1by\xe6\xc5\
\x8d\x94\x95\x14\xf3\x967\xbc\x81\xd5\xe7\xadb\xfe\xdc\xb9\
\x94\x97\x97'3\x95\xb8\x04\x83A\xda\xda\xda9s\xf6\
\x0cG\x8e\x1c\xe5\x95W_\xe5\x85\xcd[4_\xb3\x14\
\xd9\x82H\xce\x7f\x0d\xc0\xe7\xf5tJ.\xf7\x0d\xc0\xdf\
\x8d^\xe0Ls\x0b\xb7\xdfs\x0f\x0b\xe6\xcc\xe6\xba\x0f\
|\x905kVSXP\xa0\x7f\xa2\x01N\x9c8\xc1\
\xbf\x9f~\x9a_>\xf2X\xcc\xe7nv\x11\x93\xd1\xd1\
Q\xa3^\xd6\x13\xc9\x5c?\x96\xf0\x00\xed\xcaV{\x81\
\xab\x00!<&'P9\xa8\xd2\xce\xa8\xd3&W\x8a\
\x9a\x0aH\xa8C\x98\xfc\x08\x03.\x17(\x08=\xf2\x11\
I\xdd_\x02\xb0u\x07B\xae\x91$\xcc\xde\xa0M\x9d\
\xd8\xd0\xe4\xa7zG\x7ft\xae\xc3\xf7\x80\xdf\x11i\x0a\
(\xe7\x14\xe4 \xfe\x00}\x01E2sqI\x19K\
\x96\xaf\xc4\xe9\xccKl.\x06I\xa3_'\xa3\xa8\xcc\
\xeb\x18Obdx\x84\xdd\xbb^\xe1\xec\xe9\x93\xca\xc3\
\x07\x81O16\xb4\xed\x12\xe0\xcb\xf2 \xbb\xdd\xce\x8a\
U\x17 \xd5\xc6\xde!\xeb\xeb\xeb\xa3\xb5\xb9\x89\xe6\xa6\
F:\xbb\xda\x19\x88_z\xae\x91P\x87\xf9C\xfb\xf6\
\x22\xd5\xd4\xc5\xdd\xc5p:s\x95^\x92\x0aDQ\x04\
e\xb8U\x0cl\xe3\xa1=tK\xa5\xfc\xf1oO\xf0\
\xd4\xb3\x09%\xe4%L[\x87\xa1D\xce\x84\xca\xbad\
\x18k\x1dSg#\xb0\x22\xde\x80O\xdc\xf4Yr\xec\
\xe6}\xea\x8d\x8c\x1a\xcaO\x94\xd7O\xdfc\x19\x08\xf0\
\xf6\xf7\xbc7\x95)\xe9\xd2?h\xc8\xf0\x92\xe7\xack\
-\xbc\xbag\x1fo~\xe7\xbbR\x9a\x93\x1e}}\x86\
\x8a*\xa9\xa819\xfcK\xaf\xa1\xa1ld\xaf;o\
\x15W\x5cz)\xcb\x96-M8\x8c\xae\xad\xbd\x9d\xa3\
G\x8e\xb2k\xef^6\xbd\xbc\x85}\xc6*\xd0\xc5\xe3\
\x11\xe0\xbaD=\x1d\xd1\x84<\x1f\xdd\x88B9\x09\xd3\
\xd5\xd3\xcb\xaf\x1f\xff=\xbf~\xfc\xf7\x00\xcc\x9f=\x8b\
\x15K\x972c\xfat\xea'\xd5S]YEii\
)EE\x858\x9dNr\xa2r\x5c\x03\x81\x00\xc3\xc3\
\xc3\x8c\x8c\x8c\xd0\xdd\xd3Cgg'\x1d\x9d\x9d\xb4\xb7\
\xb7\xd3\xdc\xd2\xc2\xe1\xa3\xc7\xd8\xb9k\x0f\x9d\xdd\xa6'\
\xfc\x7f\xc7\xe7\xf5\xdc\xaaq\xfcU\xe0\xaf\x88*\xab\x86\
\xd9\x7f\xf8\x08\xb7\xdfs\x0f\xc5\x85\x85\xbc\xf1\xaa+X\
s\xdey\xcc\x9b3'\xa1\xcd\x88@ \x80\xe7\xc4\x09\
\xf6\xee\xdd\xc73\xcf?\xcfK\xdbw\xc4\x1d_TP\
`zx\xe7\xe93g\x8c\x08\xbem\xc9\xbe/\x8d\xe6\
x\xc8\x95\xad\xc25\xd7\x9c\xed\x81\xc4\xfa\x08\xe6\xdb\xe9\
\xcf\xb3Q\x1a)Q[\x87\xc8\x1b\x91\xc5\x86\xbc\xbb\x9d\
\x0b\x94 v\xc7j\x81\xf7\xcb'\x94\xf7\x06\xe8\x88\x16\
\x10\xc9\xb0k\x88\xeaS\xc3\xca\xcb\xb4#\x0c\xdb\xed\xa8\
;\x91\xcb\x1e\x18\xb9rUXtTUK\xcc_\xb0\
\x88\x9c\x90\xe8\x08\x04\xc1n\xd8\xa0L\xdd\xb3\x91L\x9e\
\x87Q\xcfF\xb2\xf71B\x10\xf0\x8f\x8c\xb0}\xeb&\
\xdaZU;y\x07\xd1\xee\xd1q\x11\x0a\xd1QXX\
\xc4\xb2U\xab\xa9\xac\x8a\xff\x8b\xbd\xf5\xa5\x17\xe8\x89\xff\
!v\x04\xf1\xa1~\x12!r\x7f\x04\xd0\xdd\xddM_\
__\xdc\xf8M\xa9\xb6N)\x98V\x01g\xd0N0\
\x8fz\xa3\x8e\x8b\xc7\xa3\x11\x116\x12\xb3p\x7fo\x7f\
?\xbd\xfd\x89\x1b\x0ai\xe6\xa0\xcf\xeb\xd1-\xd74^\
\xf8\xbc\x9eF\xc9\xe5\xb6\xd6156\x017\xc7\x1b\xd0\
\xd2\xda\x96\x99\x99\xc4g\x13\x80\xcf\xeb\x09H.\xf7K\
\xc0\xdaX\x03\xfd\xc1 g\x93h\x94g\x02\xf2\x9cG\
$\x97{\x0bp~\xac\x81C#\xc3\xd92\xe70S\
\xeb'\xa5m\xc78\x16\x06=Gl\xda\xb6\x9dM\xdb\
D\xf9\xd4\xc9\xb55,]\xbc\x88\x19\xae\xe9\x94\x94\x94\
PP\x90O^^\x01}\xfd\xbd\x0c\x0e\x0d144\
Dkk+\x9e\x13^\xf6\x1e<h\xa4\xbb|\x22|\
\xdf\xe7\xf5\xdc\x9c\xae\x8b\xf9\xbc\x9e\x9b$\x97\xbb\x07\x83\
M\x06\xe3q\xe0\xc8Q\x0e\xe8\x84\xe2\xd4J\xd5\x04\xfc\
\x01|\xed\xed\xa9\xde.\x1d\xbc\x04\xdc\xe6\xf3z\xc6d\
\xa0K.w=\xa2}C\xf5\x98\xb3\x0c\xd2\xdb\xdf\xcf\
c\x7f\xfa\x0b\x8f\xfd\xe9/\x80x\xeeK\x16.d\xea\
\xe4I\x94\x97\x97S\x90\x9fOA~>\x0e\x87\x93\x81\
\xc1~\xfa\xfb\xfa\xf1\xb5\xb5r\xec\xf8\x09v\xef\xddK\
W\x02=9.\xd9\xb0~\x8c\xb0K7'O\x9e\xd4\
\x1f$\xc4ZR\xe8\xcd>:\xd4*\xfc\x0e\xca\x1bI\
Px8l\x0c\x15\xda\xa17\x1c\xe2\xb2\x18a\x149\
\x11\xc6Z=B\x8c|\x90\x18\xc9q9#Ah\x1e\
\x85\xfa$c\xea\xfc\xc0\xab\x83H\x8d\xaa\x99\x9fE\xe4\
\x0d\xecC\x88\x0ey\x82\x8e\xd0\xdcV\x00\x9f\x07f\x80\
\xa8l4\xcd=\x0b\xf7\x0c]\x8fv\x98\xf4$\x98\x1b\
\xcf\xf30:>\xd5\xe3\x01l\x11Q\xa2\x9b\xe7!\x8e\
\xf7\xf6\xf4\xb0{\xe76\xda\xdbU\x06\xc6#\xc0\xff\x12\
\x11\x1d\xb2\x97\xe9\xdd\x88\xb2\xcb\x00\x14\x17\x97\xb2v\xc3\
\xc5\xe4\xe6\xebx\x98\x82PPP\x18-<:\x10;\
\x1a{\x10!\x83CD\xfa\xb0\x84\xbb\x7f\x8d\x8c\x0c1\
<4\x00\x94*f\xad~N55*\xe1\xb1\x14\x11\
6\xa8\x14\x1dv\xc0\x9fEy\x1e\x9b\x88c0g\x09\
)g\x0af\x00k\x1dS#\x9b\xe7\xa6dS\xd4\xff\
c\x0a\x8f,a4\xca\xa0\xdaD\x1c\xe1\x91\x8d,\x98\
\xaf\x9b\x0f\x9f2\xa7\xce\x9cJ\xf8\x9c3\xcd-\x9cy\
\xea\x19\x13f\x13\x97vD(\xd0\xe3\xe9\xbe\xb0\xcf\xeb\
\xb9;$\xa6\x1f\xc6`NC\xb2\x18(\xfb\x9d\x09\xb6\
\x00\xf7\xfb\xbc\x9exaT\x0f\x93\x82\xe8\xd0\xa2\xd9\xd7\
\xca\x7f\x9e{>\x9d\x97\x0c\xb3a\x9d\xf9\x1fGG\x8d\
\x15\xe0\xd8\x99\xec\xf5\xf5\xca\xe9F\x87[\x85\xb7\xf3\x9c\
~D7q\xa3\xd8\x80:\x95\xceY\x09\xbc\x0d\xf81\
\xc2p\xfb\x19\xf0U4DG\xc0\x0e\xfd\x05v\xda\xca\
\x1c\xe2:\x81$\xac\xf8\x91 \xbc2Ft\xecG\xa8\
\xff=\xa8=\x1dr\xe5\xaa\xb5\x887e\xb8\xb4\xc3\x8c\
Ys\xa3D\x87\xb1\x02\xb2\xb1Vj\x227\x12L\x94\
\xb6V\x1f\x9b\x9e\x7f:Zt\xfc\x08\xf1\xda\xcb\xa2O\
\xf62\xdd\x8cBt\x14\x15\x15s\xde\xda\x0d\xe4\xe6\xe5\
\x85\x96U\xb1\x08\x8a\xef\xe5\xa3\xe5\x15\xaa\xe4\xc9S\xc0\
\xa7\x81?\x22~Y:\x10\xe1Q\xdd\x8a\xaf\xe1$\xa9\
\x8e\xb6\xf8\xbb\xae\xd5\xea\xce\xcak\x88$\x98gkO\
\x8f\x89`\xf0YsL\x0fY;G\x9f\xd7\xd3L\xf6\
V\xdc\x92i\xf3y=\xca:\xb0Y\xbb\x9e\x0a\xa2\xe7\
8\x11\xe6\xac\xc2\xed2\xd5\x06\x06\xe0\xe4\xc9\xc4\x85\xc7\
8\xf0$\xb0\xc4\x0c\xd1!\xe3\xf3z\xfe\x81h\x05\xf0\
%\xb3\xee\x91\x05\xfc\x1b\xb8\xd8\xe7\xf5\xac\x89':$\
\x97\xfbv\x12\x0c\xaf\x1aO\xcaJ\x8aY}\xdey\xa6\
\xdfg\xdb\x8eW\x8c\x0cK:\xa47^\xe7r\xf9\xab\
,>\xfc(\x9a\xad\xd8\x02\x18h\xbd\x12\x85\xa4\xf2T\
,\x07\xaeA\xa3\x02G\xc0\x0e\x1d\xa5\x0e|\xd59\xf8\
f\xe4\xd2v^\x01}\xeb\x0b\x09\xac-\x84ZG\xe2\
\xa1V\xed~\x8a^\xec\x8b.\x97\xfbKD'r\xb9\
\x5c\xae\x1c\xea%'\x91_\x8c\x08\xfd\x01D\x12\xe1\xac\
9\x0b\x98\xea\x8a[0$\x0d\xa8\x9f\xdbx5\x12\x8c\
E\xb2Qn\xedm\xadl\xd9\xf4<\xa3\xea\xea,\xdf\
E\x94\xa3\x8dn\x0cx#\x8a\x0f\x83j\xa9\x865\x1b\
.\xa1\xb0\xb0\x10\xa3\xd4\xd6\xd7\xe3p\x84s\x90\xa6\x86\
\xae\xab\xec\x1b\xd3\x17\xf5\xf5Qy\xb0\xe7X\x94\x0b9\
\xea9\x17\x14\x15QP\x10\x9eK=B,\x1b\xec`\
>.\x0e\x90\xbf\x01\x89g{f\x8e3\x88?\xb8\xd9\
\x8e\xb5\x8e\xa9c\xb8\xb1\xd98\x11=\xbfM\x88p\xcc\
le\x18\xed9\x1b\xaaB\x90-L\xc9@CC\x83\
\xbdP\xc6\x8ba\xe0\xe3>\xaf\xe7\xcd>\xaf\xc7\xf4\xb6\
\xea>\xaf\xa7\xd3\xe7\xf5\xdc\x8f\x88\xe8\x98pB5\x06\
\xa7\x11\xa5\xf6g\xfb\xbc\x9e\xab|^\xcf\xf3\xf1\x06K\
.w\x03\xf0`&&\x96.>v\xed\x87(J\xc0\
\x0eJ\x86\xb6\xf6v\xb6\xbf\xb6KwX\xd4\x06MB\
$\xea\xf1\x08\x97\x03\xb1\x07\x820\x90\xa0Y\x9cg\xc7\
\xef\x18k\x8f\x05\xec6!4j\x9dBh\xac)d\
\xf4\x82\x02X\x9d\x0f\xf3s\xa1\xca\x11\xaa{\xa54\xda\
\x0c\xde\xdb\xe7\xa7r[?\x85\xea\xb9\xfe\x0f\xf0S\x84\
tR\xe6\x148\x11\xa2\xe3=\xc07\xe4\xc1Ng\x1e\
+V]\xc0\xe4\xa9\xf1\xab\xd6$\xb6\x1a\xfa\x06\xe8x\
6\x12T\x1eO\xb5\x91`\xe3\xe9\xd3l\xdb\xfc\x12\xc1\
`\xf8h\x0f\xc2\xa3\xf1\x17\x22\x95\xc3\xec\x88\x1c\x9a\x87\
\x81p\xe6\xa3k\xfa\x0c\xce;\x7f=\xf9\xa1\xf0\xaa\xe8\
\xe9\xc6Z\xa2\xca\xaajj\xd4]\xa4g#>\xdc\xe5\
\xc7P\xd4#\xac\xde{{\xbb\xe3>7\xa7\xd3\x89T\
\xa3J\x84\xfc\x02c\xcb\xea\xc6\x16\x1f\x99\xd7\x1e-d\
\xb7\xc1w\x83\xcf\xeb\xc9\x8a\xe0\xfex\xf8\xbc\x1ek\x1d\
S\xc4\xe7\xf5<\x83\x22g+\xcb\xf8\x9e\xcf\xeb\xf9\xbd\
\xf2\x80\xcf\xeb\xe9$\xfb_sUI\xcb\xd0{ \x9b\
\xe7<\x86z\x93\xcb\x83\x0e\x0d\x0dq\xe8\x98\xa1\xf0\x91\
\xf1\xe0W\xc0\x5c\x9f\xd7\xf3\xbf\x99\xbe\xb1\xcf\xeb\xd9\xe9\
\xf3z\xd6#\xa2O\xf6\xe8\x0c\xcfF\x1a\x11M\x00/\
\xf7y=S}^\xcf=\xa1\xce\xedF\xb8\xce\xbci\
\xa5\x9f\x99\xd3\xa6\xf1\xf6\xb7\xbc\xc5\xf4\xfb\xec\xd9c\xe8\
m\x90\x92X\xd5\xcb\x1b\x8e.\xab;\x82\xa8l%\x0c\
\xd3\xee\xc4:\x98\x03\xb4\xd7\x8bp+_\xa5\x03\xdft\
'\xbe9\xb9\xb4\xad)`tm>\xac\xcc\x13B\xa3\
\xdc.L\xb8Ti\x1a\xa5z[\x9f\xb2\x5cn7\xa2\
f\xf3\xcf\x11\xa2Ci\xf4\xca\xa2\xe3.\xe0\x16\xf9\x84\
\xfc\xfc\x02V\xac>\x9f\x82\xa2bt\xc9\xb0A\x99\x88\
 0C\xc4\x18a\xff\xde]\xbc\xb2\xfdeFG\xc3\
\x15\x12\xfa\x10=:v\x12Y\x7f\x07\xa2\x98\xc0\x97P\
\x84\xdaM\x9d6\x9d\x85KV`O\xb2\xcaM\xa5\xba\
\xf4m\x03\x91B\x09r\xb1\x04\xf9\xab\xfc\x08\xd7;\xec\
\x8b\x93$h\xb3\xd9\xa8\xaa\xaeQ\x96\xa4\x5cD$W\
)\x1bC\xad@\x88\xbco\x8d\xf7$4x\xd0\xe7\xf5\
<1\xde\x930\x8a\xcf\xeb\xf9\x0b\xd6:\xa6\x84\xcf\xeb\
\xf9*\xf0\xc3\xf1\x9eG\x14?\xf0y=\xb7h\xfd \
\x14\x9a\xf2@\x86\xe7c\x84\xef\xfa\xbc\x9e\xff\xa7\xf5\x83\
\xd0{a\xc2\xec\xe6f\xa2\x17J\x16\xf2(\xb0\xdc\xe7\
\xf5\x5c\xeb\xf3zN\x8c\xe7D|^\xcf_}^\xcf\
b\xe0\x0a\xe0O\xe39\x17\x03l\x01\xbe\x06\xac\xf6y\
=\x93|^\xcf\xa7|^\xcf\xd3\x89\x5c@r\xb9\xcb\
\x81\x0f\x9b193\xc8\xcdq\xf2\x95/\x7f\x91\x02\x93\
\x0b0\x00l\xdbn(\xcc\xca4\xe1\x11-:d\x83\
\xed\xc7\xf2\x80\xfc\xa6Q\xed3\xe31'\x17\xdfy\x85\
\xb0\xba\x10\x1a\xf2`vHh\x18/\x09\x15\x99]<\
\xd3{\xd7 \xd5\xaf\xa8\xca\xe5\xb6!:\x8d?\x8f\xba\
G\x87,:\x8a\x80{\x807\xcb'\x94\x97U\xb0d\
\xf9*\xf2\xf2R\x7f\xb1\x93\xc9\xe5\x18K,\xf5\x109\
.?\xdf\x80\xc1\xf1i=\x1e\x8c\xfc'\x10\x0c\xb2\x7f\
\xef.<\xc7U!\xdd'\x11\xc2\xee\x00\xea|\x9a\x85\
\xa1\xe3S@4\x06\x9c9k.\x0dK\x96G\xce\x0c\
\xc4\x9b\x87\xf6\xd4\xaa\xaaU\x95\xafV\x12\xe9\xb7\xe1P\
\xfc_\xd9\xf8/\xec:<|h\xbf\xf2Rc\xee]\
RR\x12}G'\x1a\x1e\x0f\xe9\xd7\xcd\xd9$@>\
\x0f\xbc\x9d\xec\x08\x17:\x03\xbc\xc5\xe7\xf5\xdc1\xde\x13\
I\x14\x9f\xd7c\xadc\x8a\xf8\xbc\x9e\x9b\x10\xfd\x9c:\
\xc6y*\xed\xc0{|^\xcfg\xe3\x0d\xf2y=w\
\x03o$;\xc2\xae|\xc0\xbb|^\xcf\xe7\xe2\x0e\x12\
\xef\x89\xb7\x90\xe5aW\x99\xe9\x85\x92p\x97p\xb38\
\x06\xdc\x0b\xcc\xf0y=\xef\xf7y=IW\x062\x03\
\x9f\xd7\xf3\x94\xcf\xeby'\x22\x84\xf8\xa3\xc0\x9f\x11\x1b\
\xb6\xe3\xc9\x16\xc4f\xcf\xdb\x80\xeaP\xde\xc6\x17}^\
\xcf\xb6\x14\xaey!P\xa57\xe8\xd3\x1f\xff\x18\x8b\x16\
\xccO\xe16\xa9\x93\x9b\xe3\xe4\x07\xdfz\x90ys\xcd\
/\xc0\xd0\xd7\xdf\xcf_\xff\xfdo#CS*\xd9\x9e\
HU+\xf9\xb1\x13\xe1-\xc8/\xe9\x0b0\xe8\x0f\x82\
F\xf8TL\xf2\xed\xa28mZ\xb6\xe05t\x93?\
(*W5\xa9r\x09N!v\xd3\xf7\x11\xc9\xe7\x80\
H\xe5\xaa5\x08\xa3l\xaa|\xc2\x94\xa9.f\xceQ\
\xbe\xe1B\xf5\x8d\x820\xb6\xf7R\xbc\xb2U\xc6J\xe7\
\xaa;\x98\xa7^n7\x19\x8c\x96\xce\xd5k$\x18\x08\
\x068\xb8wO\xb4\xe88\x00\xdc\x84x\xef(+\x87\
-Dx\xa1\xa6\x83\xf0&,_y>u\xf5\x93\xe2\
/A\x10u\xb90\xc5\xf7\xf2\xd1\x8a\xcaJ\xf2\xf2\xf2\
\x19\x1a\x1a\x04!j&\x03\xc7\x89\xf4\x8c\x01\xf1\xfa\xe7\
\x86\xbe>\x8d\xe8\x19B\xe3\x99S,[\x19;\x89\xab\
\xb4\xa2\x02\x9b\xcd\xa6\x0c\x1fS\x0a\x8fl\xf4x\xc8\xfc\
\x05\xd8\x0c\xacS<Ve\xe8\xde[\x10;%\x9b\x80\
M\xd9\x1e\x16\x14\x0f\x9f\xd7\xf3\x17\xc9\xe5\xb6\xd61\x05\
|^\xcfc\x1ak\xb88\x03\xb7\xde\x85z\xfd\x0c\xc5\
\xd4\xfb\xbc\x9e\x7fH.\xf7\x12\xd4\xf3\xcdT\xc5\xab\x9d\
\xa8\xe7l\xa8\x1b\x9d\xcf\xebyBc\x8d3U\xf1j\
\x07\x06J(\xcf\x9f=\xdb\xf4\xf2\xa0g\x1b\xcf\x1a\x19\
v\x92\xf4Wzj\x07^Dlx>\xe7\xf3z\xd2\
\xdaz\xdb,|^O\x13\xf0\xffB\x0f$\x97{1\
\x91\xf7\xcfzB\x9b\x84&p\x0c\x11U\xb3\x05a\xdc\
&\xdd+B\x87\x8f\xe8\x0d\x987k&\xd7]\xf3A\
\xae\xbb\xe6\x83\xec\xda\xbd\x9b'\xff\xf1O\xfe\xf6\xef\xff\
\xe0\xf7'\x1e\xe9\x93,\x93kkx\xe0\xbe{Y\xd8\
\x10\xb7\x8fi\xda\xd8\xbam\x1b\x83\x83\xba\xc9\xdb\xed>\
\xafgk*\xf71\xf2\xdb\x1e]R\xd7\x8f\xa8\x06%\
\xb6\xa3;\x03\x22\x07c\x5c\x882{\x87\x83\xf0\xda\x00\
R\x8b\xca\x13\xb3\x1f\xe1r\x96E\x87\xd2\xe8\xcdE$\
W=\x84\x90C\x00Lq\xb9\x999+\xb9\xee\xa5f\
4\xfd\x1b\xafF\x82\xc9\x88\x9b\xa1\xc1A\xb6o\xdbL\
W\x87\xaav\xf7\x01\xe0\xdb\x08\xd1\xa1L\xe2\x97\x1b\x03\
\xda@4\x06\x5c\xb4l\x95\x10\x1d\x09\x10O\xa6\xd5\xd4\
\xd6q\xea\xe4\x09\xf9\xdb\x15\x88]j;\xe2\xbd \xcf\
CnX\x19\x9e\xf4\xe8\xa8\x9f\xc1\xfe\x01\xf2\x0b\x0b4\
o\x92\x97\x97\x8f\xc3\x91C \x10\x0e!+$\x91\xca\
V\xe3\xd2\xd2#L\x0b\xc2\x9d.\xbb\xd4\xf3\x11\xcf\xdf\
LzM\xfa\x032n\x84r>\xc2\xeb(\xb9\xdc\xd6\
:&\x88\xcf\xeb9\x85\x089y\x14@r\xb9\xcb0\
\xf7\xe3\xce\xef\xf3z\x92\xde\xc1\x0d\xe5|<\x19z \
\xb9\xdcv\xa0,=S\x8b\xc9\x90\xcf\xebI\xbaAL\
H\x98\xfe5\xf4@r\xb9\x9d\x80\x81\xd8\xe1\x94\x18\xf4\
y=\x03\x92\xcb}%:\xc2c\xce\xcc\x19\xf1~\x9c\
\x16N\x9f5$<\xbe\x84\x10\x09J\x91\x96\xa8\xc5w\
\x02a0\xcb\x02q\x7f\xfc\xe1\x13\x83\x90`\xda\x8d\xc8\
\xa7@r\xb9\xa7!6Z\x16\x02s\x10\x1b\x87\xb5\x88\
\xb2\xb4\xf9\x88\xb0u%~\xa0\x17\x11m\xd2\x84hc\
p:\xf4\xd5\x8b\x10\x1b{Sy\x9f\x1bEr\xb9\xa7\
\x22<\x81qy\xd7\xdb\xde\x1a\x0e\xa7^\xbad\x09K\
\x97,\xe1\xc6O~\x82\xcd/\xbf\xcc\x7f\x9e~F\xb7\
\xd1_*8\x1c\x0e\xae{\xdf{\xf8\xe0\xfb\xdfO\xe9\
\xd8\xe8\x0a\xd3\xf8\xc3\x9f\xfeld\xd8?R\xbd\x8f^\
\xe7\xf2\xe8p+Y|\xecC\x16\x1e\x1d\xfeq\x14\x1e\
\x0a\xda\xfd\x94\xed\x1c W]\xe2\xf7\xe7\xa1\xc7\x10c\
\x1b\xd3\xc9\xe5r\x1f\x0a}\x8f\xd3\x99\xcb\xac\xb9\xf3\xa9\
\x89\xd3\x11;\xbdd\x87g#]\x8d\x04GF\x86y\
y\xd3\xf3\xf4\xf5\xa9\xf2#\xfe\x01|\x93\xb1\xeb\xbf\x06\
\x11\xda\x06\x08\xd1\xb1d\xd9*\xea&Go\xa4\x8c]\
\xa3Dl\xf6\x8a\xcaj\xa5\xf0X\x8a\xf8\xc3\xe2D\x84\
\xda\x11\xfa\xff\xba\xd0\xcfV\xcb\x03\x03\x81QZ\xdbZ\
\x98R\x18\xbb\xa0@eU5\xcdM\xe1?h\x0b\x11\
9\x22\xca\xd0\xad8\x95\xad\xb2\xc7!\xe2\xf3z\x06I\
\xbcF\x9dE\x14\xd6:\xa6\x8e\xcf\xeb1\xbduq:\
\xf1y=\x01\xc6?\x5c,!B\xc25Ss\xd6\x8d\
\x0f\x99>\xcd\xfcR\xba\xc7Ox\x8d\x0c;\x14\xca\xb5\
8\x01\xfc\x06@r\xb9+\x119|\xf3\x80JDs\
\xe3\x22\xa0\x13Q\x0d\xb1\x1f\x11\xcav\x048\x96\x09\xc3\
9\x1b\xf0y='\x11\x1e\xa2?\xc6\x1a\x13\xdaD\x08\
\xa6\x22\xf4M\xe2}z\x03\x1c6\x1b\x1b\xd6\xad\x1bs\
\xbc\xb2\xa2\x827]}5o\xba\xfajZ|>\xf6\
\xee\xdd\xcb\x8eW^\xe5\xf9\xcd/\xa5\xa5o\xc9\xac\xe9\
.\xde\xf2\xc6\xab\xb9\xfc\x92K\xa819\xef)\x9a\xfd\
\x07\x0e\xb0\xf5\xd5\xd7\x8c\x0c\xfdg\xaa\xf7J\xd6\xe3\x11\
q\x17v$\xe9vJG\x07r\x99\x96Q*w\x0e\
(\x93\xc8ATG\xfa%\xa2\x82\xd1(\xea\xc6ty\
\x08W\xdb\xc7\xe5\xc1\x0e\x87\x83\x86%+(-Mq\
\xf3*\x8eM\x99\x9eF\x82j\x22\x82 Q\x11\x13k\
|r\x93\xf4\xb54\xb3g\xcfN\x06\xd4\x1d8\xbf\x85\
\xd8\x19\x8c^\xffkQ$v\x15\x15\x17\xb3b\xe5\xf9\
\x14\x97\x94\x85\xdflv\xc5TRY\xb6\xa8\xeaS\xeb\
\x11\xef\x89b`\x03\x22\xces\x9e\xd6y\x81@\x80\xa6\
3\xa7\x99<e\x9a2\x89\x5cEe\xb5Jx\x9c\x07\
<\xcb\xd8\x04s\x8d\x0e\xe6\x16\x16\x16\x16\xaf\x0b\xe6\xe8\
\x0d\x98\x94\x81R\xba\x07\x0f\x1d22lL\x8f\x19\x9f\
\xd7\xd3\x0e\xbc\x10zX$@\x16o\x22\xe8\x86Y]\
}\xf9eTU\xc5O\x01\xa9\x91$.\xb9\xf8b.\
\xb9\xf8bn\xe7s\xb4\xb6\xb6r\xf2\xd4)\x9a\x9a\x9a\
8\xdb\xd4L\x8b\xaf\x85\x8e\xce.\xda\xda\xdb\xe9\xe8\xe8\
R\x16\xd8\xc1n\xcf\xa1\xaeV\xa2\xb6Fb\xda\xd4i\
\xccpOg\xf6\xcc\x99L\x992%\xa6\xbda6\xbf\
\xfe\xed#F\x86\x8d\x02\xffI\xf5^Fr<\xb4<\
\x1e\xe1\x22\xbf\x95\x1d~\xda\xb5\xcf5\x1f\x7f\x10\x8e\x0d\
Q}dH\xa9a:\x11\x8d\x087\x11\x11\x1d\xd1\x95\
\xabn@\xf4\x10\x01\xc0\x99\x97\xc7\xe2\xc5\xcb)\x0a\xb9\
\xb4\xf4<\x00\xda?O]U\x18\x0b\xa92.0\xc4\
\xf5\xd2\xa5vb\x0b\x95\xa6\xc6F^\xd9\xbe9\xfa\x07\
\xf7\x02\xcf1v\xfd?\x81H*\x05 7?\x9f\x95\
\xab\xd7QTX\xa4?\x85\x00`\x8f\xce\xeb\x883\xc5\
 \x14\x14\x15RQQI\x87\x08\xfd\xcaE\xbc7b\
\xba1\xf2\x0a\x0a\x98<i*\xb5\x93&S^V\x11\
\xf5!\xa0\xbeAm\xddd\x0e\xec\x0dk\xf0\xc5h\x97\
\xd4\xb5\xb0\xb0\xb0x\xbd\xa2+<\xea\xea\xcc\xdd\xd9\xed\
\xeb\xeb\xe3\x8c~rykHdX\x9c\xc3H.\xf7\
Z\x0cx\xe1\xdep\xd5\x95\x09_\xbb\xba\xba\x9aju\
%\xcd\x09\xc3\xde\xbd\xfb\xf9\xcf\x0b/\x1a\x19\xfa\x88\xcf\
\xebI\xd9\xb5c4\xa3+:\xc9\xbc;\xf4\xd5\xee\x18\
\x0d\x8e_\xe4\xc8\xaea\xa4\xb3\xaap\xe7\x16D\xf8\xce\
\x0e\x22I\xe4r\xb9VYt\xdc\x0c\xbc[>\xa1\xaa\
Zb\xf6\xbc\x06rss\x0d\xdcP<Q9^\xc8\
8\x91\x05\x8a%.\xc6\x8a\x19\xf5\xa2j\x9d7\x9ea\
X\xf2\xf1\xa6\xc63\xbc\xb6CU\x5c\xa2\x1d\xf8\x1e\x22\
\x99N^\x7fM\xd1QW;\x89y\x8b\x96\x90?\xa6\
D\x5c\x22o(m\xf5!\x1f\xb5\xdb\xed\x14\x15\x97\xc8\
\xc2\x03\xa2D\x87\xcdf\xa3\xa8\xa8\x04\xf7\xccYTT\
UST\x5cBA~\xfe\x98\x0a\x02Z3*-S\
y\xc7\xa6\xa3\xdd\xc7\xc3&\xfd\xba\xd9\xe6\xbb\xa6V\xa3\
\x04\x98\xa5K,,,\xceit\x85\x87\xd9\xa5t\x0d\
V\xb4:l\xea$,\xb2\x05]oGMu\x15\xcb\
\x97.\xcd\xc0T\xb2\x03\xbf\xdf\xcf\x0f\x7f\xfa\xb0\xd1\xe1\
\x86\x07\xc6\xc3h\xa8\x95VY\xdd\x93\x84*\x11\xd1\xe7\
\x87\xe2\x0c\xe6y\xf8\x81W\x87\xa2;\x91\x1f@\xe4k\
(;\x91C$\x89|9\xa2z\xd2L\xf9\x04\xa9\xa6\
\x9e\xf9\x0b\x17\x8d\xb9|\xe2\xc2b\xec\xf9\xe3\x91\x0c\x9e\
\x0a\x89\x8a\x98`0\xc8\xb1#\x878z\xf8\x00\xc1`\
8\xaf\xe6\x0c\xf0iD\xe9b9\x87\xc2\x8e\x08g\xfa\
\x1c\xa2A \x00\x93\xa6Le\xc9RQ\x04(\x1dq\
H\xb1\xccx\x9b\xcdFqT\xf8\x9c\xddn\xa7\xa2\xb2\
\x0a\xf7\xcc9\x94\x96\x94RXR\x8c\xd3\x19-<5\
\xae\x18u\xc8\xe9t\x92\x97\x97\xc7\xd0\xd0\x10\x88\xb8\xdf\
JD\x02\x9d\x81~\x1e)\xc6\x90YXXXd1\
\xa1b\x0b\xb1\x93\xe4\x80\xe2\xc2B***L\x9dG\
\xb3\xcf\x90\xf0\x18\x13feqn!\xb9\xdc\x12\x8aH\
\x97X\xfc\xd7\xdb\xdf\x8e\xd3\xe9\xcc\xc0\x8c\xb2\x83\x7f\xfe\
\xfb\xdf\xec\xd8e\xa8\xd8\xda\xcb>\xafgK:\xee\x99\
H\xa8U\xb4\xd7\xe34a\xe1\x114\xbfF\x86LW\
\x00\xe7\xae!\xca{T\xb9%\xbfAT[P&\x91\
C$\x89|1p?\x10.\x16^W?\x99Ys\
M\xaa\xcf\x9c\x90A\x99z\x82y\x22BG\x1d\x86\x95\
\x18\xf29\x81@\x80\xdd\xbb^\xe1\xeciUI\xfbS\
\x885nE-\xfa\x1a\x10\xa2#\xbc\xf3U?e*\
\x0b\x97\xac\xd0\xbc\xb6\xd10\xb6D\x96\xb8\xae~2\xc7\
\x0e\x1fb\xd2\xe4\xc9L\x9a2\x8d\xa2\x92R\x0a\x0b\x0b\
\xb1\xdb\xed\xe2\x1a)\x18\xffe\xe5U\xb44\x87\xf3<\
\xe6!\xc4\x97\x01\xe1a\xa9\x0e\x0b\x0b\x8bs\x1a\xdd\xd2\
\x90K\x1a\x16\x98\x1e\xd3~\xe6\xff\xb7w\xdeQr\x5c\
\xd7\x9d\xfezr\xc4\x04`\x00\x10i\x80!\x91Ab\
@PZ*\xad,\x09\xa4H\x914\x15\x0c\xda\xa6\xd7\
\xf1\xec\x92\xf6z\xd7>\xb6e\x03\x03\xad\xb4\xb6\x8f\x84\
!\x1c\xb4\x96\xac]\x8bpXGZ\x22\x94|\x9c\xd6\
&\xbc+[\x81$\xc8\x01\x86\xc8\x04\x01\x0c\x06yb\
\xe74\x1dj\xffx]\xd3U\xdd\xd5]\xaf\xba\xab\xbb\
g\xc0\xf7\x9d3\xc4twu\xd5\xab\xea\x06q\x7fu\
\xef\xef^\xb9\x8eV*\xe3q\xe7\xf38\xa2\xf2\xa2(\
\x1f|\xff\xfb\xab\xb0\x94\x85\xc1\xcd\x9b7\xf9\xed/H\
\xcfr\xfd\x0d\xb7\x8e[j\xa9U\x0a1\x0fA\xd8\xfe\
\x83i\xd1H\xcd)N\x0d\xe63)z_\x8bQ\x9f\
2\xbd\xe7\x8f0w\xae\xd2#\xbazDi\xd5C\x88\
\xc1\x81\x1d L\xe4\x1b\x066\xb1j\xedZ\x8aQ\x89\
2&}\xbf\xe6\x99\x1d\xa5`o\x0c/\xcfH^\xfc\
y\x0b\xd1q\x01\xf8<\xa2\xdb\x99\xde.W\xcf4\xfd\
\x0a\x86\x7f\x80\xee\xbeg3\x1b6n\xb6\xf8\xc7\xa6@\
i\x99\xa5\xc1\xdcY\xd0\xde\xd5\xdd\xcd\x07\x1e~\x94\xd6\
\xd6V\x83\xd0p\xa7\xd3mwO\x8fQxlB\x94\
\x98Y\x95\x5c)\x83\xb9B\xa1x;a[f\xb5a\
\xfd\xfa\x8a/\xe2\xfau\xa9\xf9\x89Jx\xdc\xf9\xd8\x96\
Y\xbd\xfb\x81\xdd\xf4\xf7W\xbe\xcb\xdaB`nn\x8e\
\x83\xbf\xf5\xdb\x84\x22R\x8d\xd8\xbe35>&5Y\
P\x06\x99\xf8\xb7P\xd6#\xfb\xb79Z\x85\x98j2\
Ot\xc4\x10F\xe1?\xcc\xfc\x9e\xdb\xae\xb5\x05\xd16\
\xed\xb3dD\x87\xc7S\xc7\xb6\x1d;Y\xbd\xa6\xd8\x17\
Kn\xbe\xb8\xb5^*\xef:\x942\xdd\xdcN\xb7\x95\
2-\xbd\xd0{b\xb1(\xc7_\x7f%Wt|\x15\
\xe1\xdd8\x8dYt\xdc\x8f\x10\x84\x1b!3\xa3c\xe7\
\xfdl\xdc\xbc\x8d\x86\xba2\xca\xf2r\x17\xa7\xcd\xff\xc7\
\xf08\xf7uh\xcd\xf3\x91X\xbf\xbd\xe0~\xe6\x9f2\
\xbf\xb0\xa4\xab\xdb\xf8p\x0f\xd6\xa2\x83\x056\xc1\x5c\xa1\
P(*\x8d\xad\x89w\xed\xdaJ\xcd\xa1\xcbryl\
Lf3\xa9\xb6W\x8a\xc5I_\xff\x86\xad\xe87\xca\
\x8b\xf0\xe4\xe3\x8fUa5\x0b\x83\xe7\xff\xe8\x8fyy\
\xe4\xb8\xec\xe6\x9ft\xf3\xd8N2\x1e\xb9\x9d\xad\xb2\x93\
S\xa3\xe9\xca\x19\x1bR\xc0\xc59\x96]\x9a3\x06\xd9\
^`\x081\xcd\xb5P\xe7\xaa\x9f@t\xaf\x02\xa0\xb5\
\xb5\x8d\x8d[w\xd0e6\x04\x97@\xf9\x06\xf3R\xdf\
SK\xefH4\x1a\xe6\x95\xef\xfc\xab>\x05\x5c\xe7+\
\xc0\x97\xc9\x17}\xef\x01\x86\x8d\x1bn\xb5\x15|\xb9\x94\
S\x8ad6\x98\x97\xb2\xafD\x22A8\x14\x22\xadi\
\xf4\x16i\xab\xd7\xd6.J\xb6\xd2\xe94\x88\x7fh[\
\xb1\xf6y\xa8\x8c\x87BQ\x0aC\x83{\x80\x97l\xb6\
:\xca\xf0\xe8C\x92\xfb\xb3\xff\xbb8<\xaan\x14\x94\
\x8fm\xc6c\xf5*g\xc3b\x9d\xa2i\x1a\xa7\xcf\x9f\
\x97\xd9\xf4RE\x17\xa2\xa85?i\xb7A{k+\
\xefz\xf0\xc1j\xac\xa5\xe6|\xf3[\x7f\xc3\x9f\xfe\xf5\
Wd7\xff\xfd\xa9\xf1\xb1c\xf6\x9b\xc9#+< \
_|\xdc\xd6_h\x89\xa6\x89\xa55\xa8s\xf9\xff\xd5\
\x9a\x07\xde\x88\xd1w\xcbd\x22\xbf\x8d\xe8\x5c5B\xe1\
\xceU\x9f\x04>\xae\xbf\xa1\xbb\xab\x87\xad\xf7\x0d\xd2\xd0\
\x90=]\x8f\xe6A+\x92.\xa8\xae\xc1\xbc|\x9fG\
)\xc8v\xb0\x8a\x04\x03\x1c{\xe5\xbb\xb9\xa2\xe3\xcf\x80\
?!;\xa3C\x17\x1d\xef\xc6 :\x1a\x1a\x1a\xd9\xb2\
u;\xab\xd6\xf6[\x5c\x13q\xde\x95*ks\x82\xa6\
\xa5\x99\x8b\xcd\x11\x0a\x07\xb9y\xfd\x1a7\xae\x8d\x13\x8d\
Fh\xef\xe8\xe0\xc3\x8f}\xd4\xb0!\xa6\x8f\xaa\xbdM\
\x18\xd3\x0d\xd7\xa6\x13\xd1\xd9K\xce\xe7\xa1y\x94\xd5C\
\xa1(\xcen\xfbM\xb8,\xb5\xa7\xa1A\xf7\xf6\xa5\xb0\
\xc3\xd6\xe3\xb1\xa2\xaf\xb2\x1d\xad|>\x1f\xfe`\xc8n\
\xb3\xabo\x97\xc1\x7foG\xfa\xfa7t#Qf\xf5\
\xb1\xc7\x1f\xa3\xbd]\xa2\xad\xff\x22\xe7\xff\xfc\xd3?\xf1\
\xd9\xdf\xfd\xbc\xec\xe6\xb7\x11UC\xaeRj\xc6#\x8d\
\x18u\x0f@{4M\xac\x94\x9a\x1e(\xec\xf3\x88h\
p:F\xdfT\xd2\xf8\xec9\xe0\x10\x85;W\xdd\x07\
\xec\xc3\x90\xe2\xed\xed]\xc6\xb6\xfbv\xe2\xf1dC\xde\
\xaad\x0e\x8ah\x89\xca\x0e\x12\xb4\xc7I\xa0\x7f\xf5\xea\
\x18\xe7\xcf\x9c$\x952\x99\xf9\x7f\x0dx\x85l\xa6\xc9\
\x83\x10}\xff\x11C\xd7\x88\x96\x96V\xde\xf1\xef\xdeM\
[{\xa7\xe5\xed\xfe\xdc5\xdb\x19\xcc5<vc;\
l/\xabF\xf6\xfa\xa7\xd3i\x22\xa1\x10\xb1h\x98\x8b\
\x17\xdfbfj\x8aD\x22n\xda>\x1c*\xfe\x8fV\
sk+\x0d\x8d\x0d\xc4\xb3o\xeb\xc4z\x9e\x87\xcaz\
(\x14\xa5!\xd3\xf6HV,\x0cHl3\x22\xb9/\
Eq,\x87\xb3\x1aY\xb1\xb2\x14s\xa8<\x93SS\
2\x9b]\xac\xe8\x22\x14\xb5\xe6}\x18\x1a\x0b\x15\xe2\xa1\
\x0f}\xb0\x0aK\xa9-\xff\xf4\xcf/\xf1\x99\xcf\x0d\xdb\
o\x98\xe5\xe7\xa6\xc6\xc7\xa4\xda\xc29\xc1i;]c\
K\xdd(B|\xac\xaaK#\x86\xf9\xb9\x15M\xfb\xd2\
\xf4\xbe\x9a7\x89\xfcO\x81\xe71w\xae2\x9a\x98;\
\x80\xff\x86\xe1\x1f\x96\x95\xab\xd60p\xcfF\x93\xe8\x90\
C\x84\xc0\xa5\xdd\x89\x97\xbb\x0e\xe5\x8b\x1fy\x83y\xf1\
A\x82\x85\x9f\x1f\x1f\x1f\xe3\xec\xa9\xd1\xdc\x17\xf6\x01/\
cn\x97\xdb\x88\xb8\xa3`\x10\x1d-\xbc\xe3]\xef\xa5\
\xad\xb5\xcd\xb4\x16'\xe7\x94k07\xbfP\xda\xf7-\
\x11\x9f#\x16\x8b\xe2\xf3\xcer\xf9\xf2[\x04|^\xbd\
L\xaa ~\xaf\x97\xaeL\xcb\xc7\xdc\xa3\xd6\xd7\xd7\xd3\
\xbb\xac\xcf(P\xde\x8b0*Jd<\x14\xd2\x88r\
\x1b\xfdn\xf53\x14\x0f \x0f!\xca1\xbd\x0c\x8f\x1e\
\xae\xf4\xd2\x14\x15GF,\xb8)<T\xc6\xa3L\xfa\
\xfa7\xf4\x22\xda\x8b\x17d\xf5\x8a\xe5\xb4\xb7\xb5Ut\
\x1d\xb7nM\xc8l\xa6\xfc\x1dw6\xb6\xde\x8eM\x03\
\x1b\xd8\xbem\x9b\xddf\x8b\x16M\xd3\xf8\xeb\x17_\xe4\
w\xbf\xf4\xbf\x9c\xbc\xedw\xa6\xc6\xc7\xbeU\x89\xf58\
-\xb5\xca\xedlu\x01\x10E\x9a\xfe4\xb4\xba\x90G\
\x98N\xd3\xfbz4\xb7s\xd5\xff\x02\xfe\x1c!:r\
K{\x9a\x10\x8a\xf6W\x81\x95 L\xe4\x9b6me\
y\xc1\xfa\xd1r\xc3\xfe\x8c\x87@\xcb\x9b3'\xf5\xbe\
b\xe4w\xbd\xaaM\x19\x96\x85\xe8\xb8\x04\xfc\x0f\xc4\xd4\
z=\xd3\xa1\x97\xb7\xfd4\xc2S\x03\x88\x89\xde\x9b\xb6\
n\xa3\xa5\xd5\xea\x1f\x95J\x95W\x19\xae\x93e*D\
\xe3\xfc\xd93\x5c\x1d\xbfL4\x1c.\xb6\xa3\x1b\x88s\
l\x03~\x00\xe0\xda\xd5+\xf3\xc2\xc3\xea\x00\xabV\xaf\
\xe5\xda\x95y\x03\xe3\x87\x10ehy\x19\x0f5H\xd0\
!C\x83{\x11\x86\xfdg\x1c\xbes\x9fa\x1f\xcf\x03\
G\x81#J\x84,Z\xdc,\x8f\x92\x11\x1e^\xc9}\
)\x0ack,\xdf\xbe\xc56!R67n\xa9\x8e\
V\x0a{\xe1\xf1\x89\x8f>Y\xf1\xb6\xce\xb5\x22\x12\x89\
\xf0{_\xfa\x12_\xff\xdb\xbfw\xf2\xb6oM\x8d\x8f\
\xfdj\xa5\xd6T\x8a\xc7\xc3\x98\xf58E&8\xc3\x9b\
\xce\x84\xfde0\x9e\xa4\xf7|\xdc(:\xc2\x88 \xe2\
\x18f\x13\xb9.:\x9a\x81G\x81_7\xeef\xcb\xd6\
\xed,[Q|1\xe2\xa6ye}\x1e\x95\xa0\xd2e\
b\xc9d\x927\xcf\x9d\xe2\xfa\xf8\x15\xe3\xd3\xa7\x80_\
D|\x06FO\xcdVD\xbb\xdc\xf9\x81(+V\xae\
b\xe7\xae\xdd\xe8\xe6\xee\xf2\x90\x0c\xca-7\xcb5\x98\
\xc3\xb5+\x97\x89F,E\xc7[\x88\xd2\xb1\xbfG|\
\xe7\x9a\x80\x07\xc9|\xb7\x03~\x1f\xe9t\x9a\xba:\xeb\
+\xbffm?\xaff\x1f\xee@|7u\xe1a\x93\
\xf1P\x83\x04\xf3\x10\x82\xe39\xe4\x82D\x19\xf6\x00{\
\x18\x1a\xdc\x07\xecgx\xf4\x88K\xfbUT\x07\xfb\xef\
\xc1\xf0\xa8ly\x94*\xb5\xaa\x0e\xb6\xc2c}5Z\
\xe9^\x93\x12\x1ejx\xe0\x1dJ_\xff\x86:\x84\xef\
\xb4 \xf5\x1e\x0f?\xf0\xbe\xf7UiE\xd5\xe5\xad\x8b\
\x17\xf9\xf5\xcf\x1d\xe4\xfcEG\xbd\x13.\x02?U\x99\
\x15\x09\x9cz<\x8c\xa2#\x8dh\xa1*\xf0'\x11\xf1\
Z\x09\xa458\x1d\xa7\xef\x9a\xc9\xcf1\x83\xe8\x5cu\
\x82\xac\xe8\x00\x11\xcc\xe9\xa2\xe3\xc9\xcc6\x00477\
\xb3\xe1\x9e-\xf4\xf5-_\x10\xc5\xf4\xd56\x98\x973\
\x14\x10D:\xee\x8d\x91W\x996Oz=\x0d\xfc\x02\
Y\xd1\x01\x22\xa8\xdeB\x8e\xe8X\xbe\xe2.\xb6\xdd\xb7\
\xcb\xb4\xde\xdc\x99%\xe5\x19\xcc\xcb\x8b\xd0;\x97t\x11\
\xc9\x0a\x8f\xcb\x88;\xe1\xff\x0c\xf8\xc9\x9e_\x1d\xe2\xbb\
5\xdf38\x12\x89\x90J\xa5\xb2\xc2\xc3b\x19\x9dK\
\xba\x09\x06|\xfa\xc3\xcd\x88\xe0EB|(\xd51\xcf\
\xd0\xe0\x00\xa2\x9crO\x85\x8e0\x00\xbc\xc8\xd0\xe0Q\
\xe0)\x86G\xd5\x9d\xed\x85\x8e\xfbfpe.\xaf\x0e\
\xb6\xc6\xf25\x15\xeeh\x05p\xe1\x92T\xc0%\xd5\xf6\
J\xb1(\xb1U\x14\x8f\xec\xf9 \xcb\x96-\xab\xc6Z\
\xaaF<\x1e\xe7\xab_\xfb:_z\xfe0)\xcdq\
4\xfc\xf1\xa9\xf11\x7f%\xd6\xa5\xe34N\xcdm\xa9\
;\xaa\xbf\xd07\x9b*\xf0\x16\x89=\x9e\x98\xcb\x15\x1d\
\x97\x81O!\xda\xe5\xea\xe5U\xfaz\x1b\x11-K\x0f\
a\x10\x1dmm\xed\x0c>\xf0 \xcb\xfa\x84\x87\xc8\xc9\
\x5c\xc2b\x94\xb5\x9f\x22\xefug}\x85v\x92}\xbe\
\xd0q\xcc\xcfk\xa4\xd3)F\x8e}?Wt|\x13\
\xf8/\x88\xcf@\xff\x80u\xd17/:<\x1e\x0f\xfd\
\xeb\xef\xe6\xde\x9d\xbb\xa9\xaf\xb7\x9a\xd1Q<\xabd\xf5\
X_\x9f\xe5\xd8\x0e\x07\x8f\x8d\xe4\xcc\xdc\xa8#+:\
\xc2\x88\x16\xb8\xc6\x9f\xf9\xba\xdf`\xc0\x87\xcf;Sd\
\xcf\xb0\xdc\x9ca\xdb\x85\xb9\xd4Jy=\xec\x10Y\x8e\
KTNt\x18\xd9\x03\xbc\x9e\x11:\x8a\x85\x8d{\x19\
\x8a\xa1\xc1\x1e\xec\x8d\xea^\x86G\x95\xf0(\x1f\xdb\x8c\
\xc7\xaa\xbb*+<R\xa9\x14\xe7.H%3\xae\xda\
o\xa2X\xa4\xd8\xf6\xc7\xdd\xb1}{5\xd6Q\x15\xd2\
\xe94/\xbf\xfa*?\xf9\x9f\x9e\xe1\x0b_~\xbe\x14\
\xd1\xf1\xd8\xd4\xf8\xd8\xa9J\xac\xcdH\xb9\x1e\x8f\x140\
\x81>\xb7<\x96\x86\x16\x07Z&\x9c\x863q\xfa\xa6\
M\xa2\xe3\xab\xc0\x170\x0f\x05\x84\xac\x9f\xa0\x05\xf8\x1d\
\xe0]\xfa\x1b::\x96p\xef\xaeBAo\xa9\xc8\xe5\
\x0f\x0au`*\xd7`\xeevIU1\x83y0\xe0\
\xe3\xf4\x1b\xa3\xf8\xb3w\xecA\xcc\xe7\xf8k\xcc\x9fA\
\x03\xe2/\xf2/\x01\xab\xf5\x0d7o\xde\xce\x9a\xfe\xf5\
x<uE\x03\xff\xb2\xb2\x1aE\xca\xa9\xa4\xd0`\xd9\
\xf2\x15\x5cz\xeb\xbcn&_\x8f\xf8\xfe\xc6\x0c?z\
\xc6C\xaf\xb2;\x0fl\xd14\x8d\xd3'G\xf9\xc0\x9e\
G\x0a\x1e\xb5\xa7\xc7\xe4\xa3\xdc\x8c\xb9\xb3\x95\x12\x1d\xc5\
\x18\x1a|\x06\x91\xe9\xa8&\x03\xc0K\x0c\x0d>TR\
\xa0)\xee\xc4\xbfn\xb3\x95\xfcl\x09E!\xdc3\x83\
\x8b\x0c\x97\xfa{X\x1dlgx\xacXa\xdbh\xa8\
,fff\x88'\xe6\xec6\xbb05>\x96\xb0\xdb\
H\xb1h\xf9\x8e\xdd\x06\x87~\xef\x8b\xbc\xfc\xca1~\
\xfc\xe9\x1fa\xd7\xe0\xe0\xa2\xf4zh\x9a\xc6k##\
\x1c\xfe\xe3\xff\xcd\x89\xd3\xa7\xed\xdf`\xcd\xc1\xa9\xf1\xb1\
\x7fps]\x85(\xa5\xd4\xcaXn\x95\x04N\x02\xe2\
\x1f\xd7\xf1\x04ln\x96\xdb\xa3/I\xef\xb1Xn\xe7\
\xaa?\x01\x0eS\xb8s\xd5zD&d\xbe\x9e\xa7\x7f\
\xfd\x00\xab\xd7\xad/X\x7f_\x18\xbdsUq\x9fG\
aD\xf8Y\x89A\x82\xf9\x01z\x81nOE\xdf#\
G\xc0\xef\xe5\xb5\x97\xbf\x9b\xdb.\xf7\x0c\xf0\x02\xf9\x83\
\x01\xdf\x81\x10}\xf3l\xd9\xb2\x83\xb5\xeb78<\xaa\
\x0b\x06\xf3\xdc\x8b`\xec\x93\x9b=\x84\x89\xee\xaen\x9a\
\x9a\x9a\x89\xc5\xa2\xfaS-\x88\xefp\x82l{f=\
C\x91D\x98\xe9\x9f\x07\xf0\xceL[\x9e\xc3\xfc\xbe\xcd\
\xc2c\x07\x8e2\x1eo\xe3r+\x91\xe9\xa8\xb6\xe8\xd0\
\x11\xa5W\xf0@\x09\xefU%;\xd5A\xa6\x95\xae*\
\x99[@d\xea\xea\xef-\xb6M\xbd\xc7C__e\
\x85\xc7\xed\x09\xd5\xd1\xea\xed\xce\xd4\xf8\xd8\xf7\xfb\xfa7\
\xd8\xde\xc7\xfd\xb7W^\xe1\xdf^y\x85\x1d[\xb6\xf0\
\xc3\x9f\xf8\x18\xef{\xcf{\xe8\xec\xec\xac\xd2*K'\
\x12\x8d\xf2\xf2\xcb\xafr\xe4\x9b\xdf\xe0\xb5\xd17J\xdd\
M\x18x\xaaZ\xa2\x03\x9ce< \xbf\xd4*\x89(\
\xc7\x11\xc2\xc3'1\xccC\x03\xa6\x92,=\x1e\xa3.\
m\x0a\xf8\xbf\x04\xfc\x05\x85;W}\x0018p~\
\xc2K\xff\xc0F\xd6\xae\xebwx\x0aYd\xb2\x0a\x0b\
m\x90\xa0\x9bLMNp\xfa\xe4q+\xd1\xf1[d\
E\x87\xee\xa9y\x0f\xf09}\xa3\xc6\xe6f6m\xdc\
\xc2]\xab\xd7\x99\xce1\xeb\xeb\xc8\x9e\x8b\xec5('\
{d\x8d\xd9`\xde\xd4\xd2L}\x83)+\xb6\x02\xb8\
b\xf1&\xfd\xe7\x12\x99\xac\x07\xc0\xcc\xf44K\x0b\xd4\
\x82666\xd1\xdc\xdcL\x5c\x0c\xf4\xe8G\x04L\xfa\
\x04\xf3y\xd1a\xdd\xd9\x8a\xb7\xa7\xf6\x10\xa5N/:\
|\xd7a\xf4\x80~x\xf4Pf?\xfb\x0c\xaf?\xe7\
p\x7f\xbb\x19\x1a\xdc7\xbf/y\xdc\x9c-\xa1(\x8c\
\x8c\xc0Sf\xf0\x85\xc5\x1a\xbb\x0d6o\xbc\x87\xc6\xc6\
\xc6\x8a.bbB\xcd\xf0P\x00\xf0]\xe0\xdf\xcbl\
x\xfa\xfcyN\x7fn\x98\x96\x96\x16\x9e\xfc\xc8#\xec\
y\xff\x0f\xb0c\xc7v\x9a\x9aJ\xf4/W\x80t:\
\xcd\xc5\x8b\x97\xf8\xf6w\xbe\xc3W\xbf\xf1-|\x81\xb2\
\xec\x18#\x08\xd1Q\xd5\x7f\xab\xca\xedj\x95\x04\xe6o\
\x057\xc7\xd3\xc4\x93\x1a4\x14\x89\xa0\xce\xc4\xe9\xbbj\
J\x7f\x86\x11\xadp_\xc3\xbas\x95.:~\xcb\xf8\
\xa6\xbb\xef\xd9\xc2]k\xac\xff\xff\x96F\xa3n\x81L\
\xc4v;\xa0t\xcb`~\xe9\xe2\x9b\x5c\xbcp\xce\xf8\
T\x0c\xf19\x9c \xfb\x19\xe8\x9e\x9a\x87\x81\xfd\x88\xbb\
\xf8446\xf1\xc0;\x1e\xa4\xbd}II\xeb\xcd\x1f\
\x1c(>\xafR\xb1\xec\x9e[`\xdb\xe5+V1\x16\
\x9a\xef\x9e\xf8\x04\xe2/^C\xe6\xc7CVh\xe9\x9d\
\xa9\xde$#<.\xbfu\x9e\xa5\xcb\xdeky\x90\xc6\
\xe6F\x9a[\xdat\xe1\x01B\xd4\xdc@y<\x8a\xe1\
$\xd3\xb1\xbf\xa080?\x7f\xa8\x84\xaeX\xfb\x10\x9e\
1'\xa8\x8cGuPs7\x16\x1f\xb6eV\x1b\xef\
\xae\xbc\xbd\xea\xda\x8dk2\x9b)c\xf9\x9d\x8f\xb4\xf0\
\xd0\x89\xc5b|\xf5\x1b\xdf\xe2\xab\xdf\xf8\x16]\x9d\x1d\
<\xfe\xe1\x0f\xf3\xc0\xfd\xbb\xd9\xb1c\x1b\xbd=2\xf7\
\x9c\xdc%\x1c\x89p\xe1\xad\xb7x\xe5\xd5c\xfc\xe3?\
\xff37&\x5c\x99\xe9\xf7g\xc0\xcfN\x8d\x8f\xc5\xdc\
\xd8\x99\x13\x9cf<\xc0\x9c\xf5H\x02\xb3\xfa\x0bM\x09\
\x8dx\xa2\x80\xf0Hip*N\xdfMS9\xe5-\
\xe03\x98;W\xe9\x01\xafnb~\x18\xc3\xc8\xf6\x96\
\x96V6o\xddAgWW\x09KwJ9\x83\x04\
\xed\xb1\xea\xfa\xe4\x9cBav\xf6y\xf3\xfa5.^\
x\x93K\x17M\xff\xbf\x9d@\x04^V\xa2\xe3\xc7\x80\
g\xf5\x0d\x9bZZ\xd8\xb9\xfb\x9d\xb4\xb7w\x169v\
\xe1u\xca\x5c\xcb\xdc\x09\xe6f\xa1\x92?\xc1\xdc\x09\xf7\
l\xdc\xc2\xd8\xa5y\xe1\xb1\x9dl\xb9\x95'\xf3g\x1d\
B\xec6g~^AtO#\xe0+\xdcV\xb7\xa1\
\xa1\x91\xb6\xb66\x02\xfe\xf9\xaa\x8f\x95XO/W\x80\
>\x10P\xc6H>\x82\xe8@%\x1f\x5c\x8av\xb9G\
\x18\x1a|I\xf2\x18=\x0c\x0d\xeeu\xd8fW\x05\xc4\
\x95F\x98\xc1\xed\xae\xb32\x83/<l\xe7b\xbcu\
\xe92\x9f\xff\xc2\x17+\xba\x88c#R\x890[\x0f\
\x80bq35>\xf6\xa9\xbe\xfe\x0d\xefF\x1f\xfd\xe0\
\x10\x7f0\xc4_}\xed\xeb\xfc\xd5\xd7\xbe\x0e\xc0\x03;\
\xef\xe3\x1d\xbb\xefg\xcb\xe6\xcd\xdc=0\xc0\x8a\xe5\xcb\
K(\xf5/L,\x16cbb\x92\xeb7op\xee\
\xfcy^\x1b9\xce\x89\x93\xa7J1\x8a\x17\xe3\xe0\xd4\
\xf8\xd8\xa7\xdc\xdc\xa1\x13\xdc(\xb5\x9a\xcfg6\xcfi\
\x04\x13\x9a\xe89e$\xa9\xc1\x1bq\xfa&L\xa2\xe3\
\xeb\x88\xc1\x80>\xcc\xf3!\x8c\xa2\xe3\xd7\x80\x1f\xd2\xdf\
\xd0\xd4\xd2\xc2\x8e\xfb\xee\xa7\xa5-\xf7\x00\xb5\xc5z\x90\
`y\xa9\x8eRD\x89]P\x9f\xd24\xc6.\xbe\xc9\
\xa5\x8b\xa6\xb2\xd6\xb3\x88L\x87\x0fs\xf7\xb0&\xe0\x13\
\x18DG{G\x07\xdbw\xec\xa2\xa3\xa3P\xa6\xc3\xad\
\xf4N\xe5\x0c\xe6m\x1d\xed\xc6gV\x02\xf7#\xba\xa7\
5\x92\x15\x1e\x8d\x88\x92\xbeu\xc0Z}\xe3\xb9D\x9c\
x4Fk{[\xdeQ=\x1e\x0fmm\xa6}\xaf\
\xc0Ztx(\xde|\xeb\xed\x82\xccP\xc0\xcb\xc0C\
%\xb7\xbd\x1d\x1e}\xc8\x81\xf8\xd8\x0d\xb8+<\xe4g\
K(\xacQ\xe2n\x1125>v\xb5\xaf\x7f\xc3U\
\xc4\xff?-9{\xe1-\xce\xcau\x9c\xaa$3S\
\xe3c\xe7\xec7S\xdc\x01\xfc\x1c\xc2\x8f\x5cv}\xdf\
\xebo\x9c\xe4\xf57N\xce?nome\xe7\xf6m\
l\xbc\xe7\x1eV\xad\x5cI\xef\xd2^\xba\xbb\xbaX\xd2\
\xd9I}}=M\xcd\xc2\xf7\x9cN\xa5\xe6+\x22\x22\
\x91\x18\x91X\x04\xbf\xcfO \x10`zv\x96\x89\x89\
\x09\xce\x9e\x7f\x93KW+\xdad\xed*\xf0s\xd5\xf4\
sX\xe1F\xa9U\x141`\xee^\x8f\x86\x90\x10F\
|I\xdaO\xc4i\x8b\x9a\xfc\x1f/\x00\xbfO\xb6s\
\x95n20\x8a\x8e_\x07>\xa2\xbf\xa1\xa5\xad\x8d\x9d\
\x83\x0f\xd0\xd4\xd8\xe4b\xd4&W\x98T\xd8\xe7Qj\
\xa0]\xca\xfb\xec\x0d\xe6\xc5H%\x12\x1c\x1fy\x15\xdf\
\xac\xa9-\xecY\x84Y\xdc\x8byF\xc7v\xe0\x93\x18\
Z\x22.]\xd6\xc7\xbd\xf7\xed\xa2\xbe\xa1)o\xf9\x9e\
\x92.Cm\x0c\xe6\xa0\xd1\xbf~\x80\xf1+\xf3\xf1\xca\
\xcf#\xbat\xc53[\xaf\x03\xfe+\x99\xf2*#\xd1\
h\x94\xd9\xd9iV\xb7\xaf\x9b\xdf\x97\xf1\x00K\x97\xf5\
q9\x9bM\xb9\x97\xac\xe00\xfe,8\xfa\xfa\x9d6\
\x07(\x8f\xa9\xa7\xbbz\x80\xbd\x12\x9b>\xeb\xc2\xac\x8d\
g\x11\xdd\xa7\xec\xf2\xe32\xa5S\x02\xe1M\xb1\xdb\x9f\
\x0a\x88\xcb\xe7m+<\xaa\xfdw\xb2\x02|\x17x\xba\
\xd6\x8b\xb0\xe1\xbbw\xc0uV\xc8q\x1e\xb8\x0f\xf8\x03\
J\xcc|\x14\x22\x1c\x8d\xf2\xfd\xd7G\xf8\xfe\xeb\x0b\xfe\
>\xd3\xa7\xc8\xdc\xec\xaf\xf5\xf7\xbe\x94\xfcP\xae\xf0H\
\x80aps\xc0`T\x9eM\xd2\xfbj,Wt\xfc\
\x11\xa2]n\x14\xf3P:\xfdN\xf3\xfd\xc0_b\x10\
\x1d+\xefZ\xc3\xae\xfb\xdfISce\x0c>\x9e\x9a\
\x1bA\x8c\xd8\xcb*\xa7M\xb8\x92\x89\x04\xc7^\xf9^\
\xae\xe8\xf8W\xc4]\x80\xf3\x98EG\x139\xa2\xa3\xab\
\xa7\x97{\x07\x1f\xa0\xbe\xa1\xf0\xcd\x02\xe3'\xec\xd1\xf4\
\xc7\x9a\xe5\xeb\xc5\xb0>\xb7r\xa4\xa6\x96\xb7\x87\xf5w\
o\xa2.{.\xeb\x80\x9d\x88\xef\xe4\xdf\x02\xff\x13\x0b\
\xd1\xd1\xd0\xd0H\xd7\x92n<u\x85\xbf+\x1d\xe69\
!\xeb3\x7f\xca\xa7c\xde>y\x10\xb9\x12\xab\xe1\xd1\
\xa3e\x1fI\x94\xe1\x1c\x96\xd8\xd2I\xd1\xb9\x9a~]\
\x1d\xd4u^\xbc|\xb7\xd6\x0b\x90`1\xacQ\xe1\x1e\
\xe7\x11~\xe1\x83\xb5^H\x95\xf9&b\xe6\xdaAD\
eK\xcd)\xa5\xd4*Wx\xcc!2\x1e\x82@&\
\xc4\xbc\x9dd\xe9h\x94\xbal\xc4\x19B\xf89\xfe5\
\xf3>\xbds\x15dgt<\x88ha\xda\xa2\xbfi\
\xcd\xda~\xfa\x07\xee)a\x22\xb7\x9ca\xd9\xedy\x19\
\x96\xc7\xd0\xa0P\xbcZZ\xb6\xc0\xe6xd\xcf)\x16\
\x8fsr\xe4UBAS\xe7\x83\xdf\x03\xbeA6\xdb\
\xa4\xb7,nFx=\x84\xe8\xa8\xab\xa3\x7f\xddz6\
\x0cl\xc23_\xc3\x98m#,{\xdd\xdc7\x98\xe7\
_4'\x06\xf3\x8e\x8e\x0e:\xdb\xda\x8dsK>\x93\
\xb7f\x8f\x87\x96\xb66\xdaZ\xdbX\xbd\xa6\x9f\xbb\xd6\
\xac\xa1\xb5\xb5\xcd\x5c\xcb\x99s\x90\xde^SK\xdd\xad\
\x98YH\xea\xb6\xd6\xc8\x04\x94\xe5\x8b\x8e,n\x07\xa7\
\xcaX^\x1dd\xbe'\xaa\x95\xee\xc2\xe4\xbb,\xec^\
}s\xc0\xdf\xd5z\x11\x8a\x9a\xf0)\xe0%\xc4\x00\xea\
\x87k\xbc\x96J\xf2w\x88\xca\xa1\x05ws\xa6Ts\
\xb9.>\xf4\x9a\xf83\xfa\x8b\x8d\xc14\x89\xb31\xfa\
\xae\x98\xfc\x1c~D\xf9\xca\x09\xb2\x1e\x110\xcf\xe8x\
\x10q\xd7\xb9\x01\xa0\xae\xae\x8e\x0dwobEf\xba\
\xa9]\xa0\x9bJ%\x09\xf8\xfd\x84\x83\x01\xd2\xe94k\
\xd7\x0f\x80\xc7\x8d\xceV\xe5\x18\xcc\xab\xe5\xf3\xb0>\xce\
\xd4\xf4\x04\xa7G\x8f\x930\x0fQ:\x08\xfc#\xf93\
:\x1e\x00~\x19\xd1\x0a\x16\x80\x8d\x1b\xb7\xb0v\xddz\
\xf4\x96\xb4N\x8e]l\xdb\xf2\x0d\xe6\xe5]\xd9\x86\xc6\
F\x9aZ\x9a!\x90\xf3B]\x1d]\x1dKh\xeb\xe8\
`\xdd\x86\x01V\xac\xbc\x8b\xfaz\xf1WDxx\xec\
\x8f\xd8\xd0\xd8D2{\xbdW\x90\x7f\x14E\xf5Kh\
\xdc\xfe\x1f\xaf\x9a-\xe1\x04a\x12\xb7\xf2\xf4\xd8e\xb5\
\xee\x9cV\xba\xe6\x96\xcff\x9c\xb7r^\x0c\x9cBd\
\xd4\xbf\x5c\xeb\x85\x14@\xcf\xf6+\xde\x9e|;\xf3\xb3\
\x13\xf1\xff\xa6\x9f\xc1p\xc3{\x11\x93\x06\xfe\x1c\xf1\xf7\
\xeeU\x9bmkF9]\xad\xf4;\xe5\x09\x84i'\
\x00,\xe9\x0e\xa6 h\x9a\x0bq\x19a\x12?E\xb6\
\x98D7\xdd6\x00\xdb\x10\x0at~\xe0PCC\x13\
\xdb\xef\x1d\xa4cI\xee\x00\x17s\xe0\x9aN\xa7\x89\x86\
\xc3\x84BAn\x5c\x1b'\x12\x09\x03\xd0\xde\xb1\x84\xd5\
\xeb\xfa\xa9\xaf\x97\xb9'_n\xce#3+\xc2\xd2`\
n\xff>g+\xb0\x0f\xb7\xf5k3=5\xc9\xc9\x13\
\xaf\xe5\xce\xe8\xf8\x1d\xe0\x1f\xc8\x9f\x93\xf2ND\xbb\xe2\
\xf9\xfa\xa3{\xe6E\x87S\x16\xbe\xc1\x1c\x0f,\xed[\
\xce\xd4\xe4\x04\x8d\x8d\xcdtt\xb4\xd3\xb3\xb4\x8f5\xeb\
\xfa\xe9\xe9]J\x9d\xc7\x93\xffaZ\x1c\x22\xf3\xc9\x9b\
^\xb8k\xf5j\xae]\x19\xd3\x1f\x0e\x22:\xbc\xe8b\
]\xf0\xd9W\xe4\xd6z\xe7R\xf9^\x9aF\x86G/\
34h\xb7U\xbe\xd0\x19\x1a|\x1d'\xde\x0f3\xcf\
14Xh\xa6H\xe1\xd6\xc0\x22@\xb5\x9bER\xf8\
\xfd2\x0c\x0d\xbe\x88\xbd\xc7\xe6)\x87]\xber\x8f\xb1\
\x17QRW\xbc\x89\x80\xf8\x5c\x0e\x03\x87,\xbaS\xb9\
'P\xabq\xce\xe6\xe3\xedC|w\xec\xbdL\xd9\xef\
\xc9~\xc4\xb4\xfb\xc5!\xa6\xecy\x1e1\xff\xe9\xc7k\
\xbd\x90\x1c\xfe$\xf3\xa3P\xbc\x81\xf0y\xfew\xe0\x11\
D\x17\xcfGj\xba\xa2\xd2\x18A\xcc\xc1{\x11\xd1-\
vAS\x8a\xf0\x00\xb3\xf8\xd0\xf9$\x22\xb05\xb6<\
z\x01\xf1\x81\xea\xe9\x0f]p\xd4\x935\x91\xe7\x8b\x8e\
\x9d\xbb\xe8\xe8\xe8(x\xf0x|\x0e\x9fo\x96[7\
\xaf\x13\xcc\x96\xcb\xcc3\x17\x8f\x91L$i\xac\x97o\
``7\xc1\xbc\xdcA\x82\x95\xa0\x90`\xb96>\xc6\
\x85s\xa7\xd1\xb2\xed\xd7\xa6\x11\x99\x8ec\x88\xcfB\x8f\
\x96\x1b\x11S\xe0\x873\xbf\xd3\xd0\xd0\xc8\xa6\xad\xdbY\
\xbe\xe2.\xd3>sK\xc2\xec\x1e\xcb\xe1\xc4`^\xe0\
\x00%\x1a\xcc\xd7\xf6\x0f\xa0%\xd3\xf4\x0f\xdcMk{\
\x1b\x1e\x8f;\x05w\xbd=\xcb\x8c\xc2\xe3=\xc0Wx\
;\xb97\xdc\xc3\xbdf\xe9\xc2\x0cn\x87U\x00[\xaa\
\xe8(\xe5X:\xd5(/\xaa\x5c\xc6\xc9\xf9\x0c\x15\x10\
\xe2\xe4\x19\x86\x06\xf7\x1b\x86B\xf6`\xff\x1d\xf0:h\
>P\xf9,\x9b\xf8\x9e=\x83\x98\x0bS\x0a\xcfe\xf6\
st\x0a\xf6\xf7\xbd\xe0\xbf\x13\x04\xc8O\x00\xdfC\x98\
zk\xfdO\xe8\x1c\x22\xd3\xa1D\x87\x22\x97i\x84\xb7\
\xf8/\x11\xdd.?\x8c\x10 \x8f\x00\xdd\xb5[VA\
\x92\x88\x8c\xcd\xb7\x80\xbf'\x7f\x10\xf2\x82\xa6\x14\x8f\x87\
\xfe\xa7.>\xf4\xc7_E\xb4\xa3\x1cD\x94M\xbd\x06\
\x9c&\xdb\xcdG\xcfp\xd4\x93\xf5\x13\xfc2\x06\xd1\xd1\
\xd1\xd9\xc5\xe6-\xdb\x0b\xb6\xcb\x9d\x9e\x99\xe6\xf6\x8d\xeb\
\x84B!\x12\x89\xb8\xd5&a\xa0=\x91\x98\xc37;\
K\xf3\xaa\xd5R\x99\x84\xf2&k\xcbQ\xcc\xe7\x91\x8f\
|f#\x97s\xe7Nq\xe3\xea\x15\xa3\xe8\x98\x02~\
\x83\xfc\x19\x1d\x0d\x88;\x92\xfb\xc9\xa4\x18\x1b\x1a\x9b\x18\
\xdc\xf5\x0e:\x96t\xc9.\xd4De'\x98\x97C~\
n\xa2\xad\xad\x8d-\xf7\xdeG\xe1\x0a*I%\x95\xb3\
\xd9\xaa\xd5kx\xe3\xc4k\xfa\xc3\xfb\xc9\xb6\x89V\xe2\
\xc3\x19{p>\xd4\xcf\x1aq'\xdd\xd97JN\xac\
\x94J\xb9\xc2\xa3\xdc\x80\xb42\x1e\x15\xb9\xacB1\x9e\
chp\x80\xe1\xd1gq\xbf\xcc\xaa\xb2\xbe\x1c\xb9L\
\x95,{\x80\xd7\xa7\x9e\xee\xda\xdf\xf7\x82\xffN(\xc3\
z\x1e\xf8>\xf0^\xc3O\xc1V\xbb.s\x09\xe17\
\xd1\x7fTy\x95\xc2\x8e\xdb\x88\xe1z\x7f\x96y\xfcN\
\xcc\xdf\xdd\xbe\x1a\xad\xeb{\x98\xbf\xcb\xbe\x1a\xad\xa3l\
\xca\xcdx\xe8\xbf\xeb\x8f\xeb\x10\xad+\x8f\x93\x15\x1bz\
\x86C\x17 \xf5\x88\xb6f\x9f\xc6`\xc0\xed[~\x17\
\xf7l\xdeb2\xefj\x9a\x86\xdf\xe7e\xf2\xf6M\xa2\
\x91(\xa1P\xc1r\xf9\x0b\x08\xd3z\x03\xf0\xd3\x00\xb3\
\xb3S\xacX\xb5\x8a\xb2[\xb6V\x01w\x0c\xe6\x1a\xe7\
\xce\x9c\xe4\xfa\xb5q\xe3\x93\xe7\x11Y\xa8\xb3\x98gt\
4\x02O!|7\x00\xd4\xd7\xd7\xb3sp7\x1dK\
\xacft\xe4\x1a\xca\xabk0/4H\xb0\x1c\x83y\
\xd17:\xdc0\x91H\x10\x0e\x87\x99\x9a\xbc\xcd\xd4\xed\
\xdb\xc6\x97^C\x08\x0f%>\xcc\xc8\x04x{\x18\x1a\
\xdc]\xc3\xb2\x93Z\x09\x8fJ\x07\xc8r\x19\x15'm\
\x8c\xc5>_\xc4\x9d\x0c\xd13\x0c\x0dz\x91;G\xd9\
2+\xb9lG)\xad\x9b\xdd=\xf7\x5c\x9e\x9bz\xba\
k\xa0\xef\x05\xff\xb3\xf6\x9b.xNe~\xfe \xf3\
x\x1d\x95\xcb(\xea\xbc\xc2\x22(;Q,x\x8ee\
~>\x9fy\xbc\x05Q\xcd\xf0 \xf0n\x84]\xc0M\
\xfc\x88\x98\xf6\x14B\xb0\x7f/\xf3X\xb69\xe8\x82\xa7\
\x1c\xe1\x01\xd9\x0a$=\x22\xd3\x1f\x1bE\x86.:@\
\xc4\x8d\xbb\x11&\xf2e\xfa\xce\x96\xafX\xc5\xc6-\xb9\
M\x80 \x12\x0as\xfe\xcc\xc9\x5c\x9f\x82\xceMD\x86\
\xe5\x1f3\xfbo\x02\xd6\x90\x11\x1e\xc1P\xb0\xc4S\xb3\
B.\xc4\xb6\x168\xc5\xa2Z\xfbl\x80\x8c\xc1<>\
\x17\xe7\xc2\xb93\xdc\xbeu\xc3\xf8\xb4>\xa3\xe3\x1c\xe6\
\x96\xc5M\x88\xbb\x92\xf3\xa2\xa3\xad\xad\x9d-\xdb\xee\xa3\
s\xbe\x1d\xacS%TY\x83y\xa1\xc3\xb9\xa1\xd7d\
\xf7a\xdc.\x99L\x12\x0e\x06\xf1\xf9\xbc\xdc\xbc~\x95\
\x80\xdfG8\x1c\xb2z\xdb\x9f\x92\xf5\xd3\xa4Q\xc2C\
G6p~\x91\xa1\xc1\x87j4\x99\xbaR\xc2\xa3p\
P\xef~y\x91\x15\xeef\x12D\xe0\xfd\x12\xee^\xaf\
}\x92k\x90\xfd^T*\xc3\xb3\x1bq\xee\xee\x95\x05\
\xe6\xf3\xcc\xd4\xd3]\x97\xef\x90\xcc\x87\x91\xab\x99\x1f\x85\
b\xb1q>\xf3\xf3\xc7\x99\xc7\xcd\xc0&\xc4\x8d\xf4\x01\
`5\xa2\x5ck9\xd9a\xc4 b\x01=P\xf0!\
\x04\xc6\x04\xa2*\xe5\x16p\x1d\x11\xaf\x99\xee^\xde\x89\
\x94j.\xd7\xc5\x86\xf119\x7f\xd6\xe5<W\x87P\
\x89\x9f'#:<\x1e\x0f\xeb\xfa7\xb0j\xed|#\
%\x13\x9e\xfa:<\x9ez\xccV\x12\xde\x04\xbe\x88\x08\
\xac\xf5\xceLz@=\x8e\xa8\xd5[6\x17\x8b1y\
\xfb6+W\x9a\xbd\x0a\xd6\xb8c0\xaf\x8e\x0f\xc4\x1c\
*\xc7\xe21^{\xf5{\xc4\x22\x11\xe3F\xdfD\xb4\
%6\x0eg\xd4[\x16\xff,\x86\xc1N]=\xbd\xec\
\xb8o\x90\x86\x86f\xc7+)\x9c\xa9q.\x09\x9c\x8b\
6\x03i\xa0\xce\xb9\xc1\xbc\xd0\x93\xb96\x91d2A\
4\x1cavz\x8a\xe9\xe9I&'n177G\
:]\xf4\x06\xc40\xa2\xabD\x92l\xc6C!\x90m\
\x95;\x00\x5cbh\xf0Y\x86Gefq\xb8I\xa5\
\x82\xc9b\x01u5\xca\xac\xdc4l\xf7\xe0\xbe\xe8\xd0\
qS,\xb8\x7f]\x85\xe8x\xdd\xd1{J\xe7\xb9\x8c\
\xf8p\xc7\xf8\xaeP(\xdc$N6\xa3\xa7\x90\xa0\x9c\
\x8c\x87\x95\xf8\xd0\x1f\x1b\xc5\x86\xfe\xb8\x0e\xe15\x10\xa2\
\xa3\xbe\x9em\xdb\xef\xa3\xbb\xc74\xfb\xc0Dss3\
\x0dM\x0d$\x93\xf3\xedI?\x85\xf0\x8d\x04\x11S\xcf\
\xe3dU\x83\xdee\xebE\xe0?\x03\xdc\xb8~\x85\xe5\
\xcb\x97SWW/uR\x956\x98;\x937\xf6\x81\
t<\x12\xe1\xc4\xc8\xab\xb9\xa2\xe3\x05D+5}8\
\xa3\x9eyjB\x18\xcc\xdf\xa3o\xd8\xd5\xd3\xcb\xce]\
\x0f\x144V\xe7\xae\xd7\xae$\xac\x1c\x83\xb9\xab\xdbZ\
\x1a\xccs}\x1e\x85\xf7\x95N\xa7\x08x\xbdx\xbd^\
\xa6\xa6&\xf0{g\x0be4\x8cL\x02\xff\x82H\x8b\
~\x1b!\x80u\xe1g\xccx\xbc\xed\x05H\xdf\x0b\xfe\
\x91\xa9\xa7\xbbF\x90/\xb5x\x9e\xa1\xc1g\x10\x9d\x8f\
\xaa\x15|\xd5\xc2X^\x8d\xf9 2\x82J\xf6\x18\xcf\
S\x9a\xe88\x82\x08\xf4\xcb\xf5D\xc8\xae\xd3\xdd\xf6\xc7\
\xd9L\x87S\xf4a\x96{q\xfe\xfdzn\xea\xe9\xae\
\xa3}/\xf8\xcbm,\xa0P(\x145\xa5T\xe1\x01\
\x99\x00jj\x5ct\xf0\xb1\x18\xc1n\x14!u\x88\xb4\
\xd3\x06\x80\xc6\xc6&6m\xdd^Tt\x80\xf0\x1d\xf4\
t/\xe5V6\xb0~'0Jvb\xba1\xe3Q\
\x97y\xfe\x18\x19\xe1\x91L$I$\x9347\xd5\xdb\
\x96\xf6Tc\x90\xa0\x9b\xe3\x94\x82A?o\x8c\xbe\x9e\
+:>\x8d\x08z\xe7\xc8\xea\xa4zD\x0a\xf0\x93\x18\
j\x11Ey\xdb\x96\xe2\xdd\x9c$\xd6\x9b\xef\xd3(\xd7\
`\xee\xa4\xd3\x95;\xcc{\x89&&\x08\x05\xfc\xccL\
O\x11\x89\x84\x8d\x06\xfdB\x9c\x05\xbe\x8e\xa8%\x1eC\
\x5cw\xe3\x8f\x9e\xedX0\xa2c\xf2\xca\xc2\x98k\xe7\
9\xb0\xeb0\x22p\x95e7\xa2\xf4J\x04o\x95\x9e\
}0<\xfa\x94\xe5\xf3\x95m\xcb\xea\xa6((\x84;\
\xe2F\x98\xa9\x9d\x18\xc9\xf7#>7c\xe0\xacw\xb0\
\x12]\xad\x9c\x06\xe3\xf2\xfe\x1f\xf7\x04\x9d\xc8\xf2\xbc\x88\
|F\xec0\xe2\xbc\x8dk\xd5\xcf\xdbI\x17\xac\x01\xe0\
\x99\xc9+\x97\xef\xb4\x92+\x85B\xf16\xa3\x1c\xe1a\
bj|l>\xa8\xca\x11!\xba\xf0X\xa9?\xd1\xd4\
\xdcd+:\xe6\xf7\xb5|\x05\xb7n^\xd3\x1fn6\
\xbc\xa4a\x1d\xcc\xcd;\xd0\x13\x899B\xa1 \xcd\xbd\
\xce\xcb\x88\xf2)g\x90\xa0=\xf2\xc3\x02\xe1\xd6\xad\xeb\
\x9c;\xfdFn\xa9\xcfo\x00\xff\x0f\xeb\xc1\x80\x9f\xc4\
\xd0E\xa4\x7f`#\x1b\xd6\xdf\xed\xf0<J\xb6n\xcf\
#g0\xb7~,[\x8a%\xb3\xcaT2I8\x1a\
az\xe26\x13\x93\x13\xc4\xc3a\xe3\x14\xf3b\x9cF\
\x94\xb1\xbd\x86\xa8\xcd\x8c\x92\x15\xc0\x09\xcc\x828E\xd6\
\xdf\xb1 D\xc7BB;x\xe2\xb0\xe7\xc0\xae=8\
\xef\x824@vF\xc6a\xc4\xdc\x83j\x96\xa0T\xb2\
\x1c\xaa\x1a\x19\x8f\xf2K\xadD\xf0-\xdb2\xf6(B\
\x88\x15\xbeS/\xca\xe8\x0e34\xf8<vs?d\
\xd7h\xc6\xcd\xcfL\xb6U\xf0e\xc4y\x17\xde\xaf\xf0\
.\xedgh\xf0(rbf\x1fnuzS(\x14\
\x8a\x1a\xe1\x9a\xf0(\x82.<\xe6\xdb-E\xcdw\xe9\
\x8b\x92\xd3ei\x0b\xa2\x95Y\x04\xb1v\xfdn\xb2>\
\x17\xa4\x01\x11\xe0\x8d\x01\x1b\xd2\xe94\xb3\xb3\xd3,\xed\
]F\xe5\xc9\x94\xf2h\xf9\xb3\xe7d\x0d\xe6\x850\x8a\
\x92\xdb7\xafs\xe6\xd4\xa8\xf1\xe5$bV\xca\xb71\
\xcf\xe8h@t]\xf8M`~(\xca\xfa\x0dw\xb3\
\xb6\x7f\xbde\xd9\x98y\xed\xd6\xeb*\x9c\xb1\xa8\x8c\xc1\
<w\xbf\xf3\xc7w`0O%\x92\xf8\x83>\x02\x81\
 3\xd3\x13x\xa7\xa7\x89\xc4\xa2P\xdc\xa3\x01\x22\xa3\
\xf1\x15\xe0\x0cp\x8d\xac\xb80\xfe\xa4,~\xd7\xbf\x97\
\xba\xb7c^|\x18\x05\xba\x82g\x11A\x5c\xa9eM\
\xfa\xfc\x07\x10w\xd4\xed&a\xbb\x81\xfdZK7\xc3\
Wv\xd6\x84\x10\x0cn\x1c\xe39\xe4\xee\xf8\x1fex\
\xf4!\x89\xed\x04\xc3\xa3\xcff\xd6(#F\xe5\x84\x82\
\xec9\xcb|fC\x83\xf6\x03\x11\x05#\xc0C\xd2M\
\x00\x86G\x8f24\xf8,B|\x14\xa3\xc7s`\xd7\
^\xed\xe0\x09\xe5\xf5P(\x14\x8b\x96J\x0b\x0f\xa3\xd9\
|>\xca\xd34\x8dP(TtH\xe0\xfc\x0e<\x1e\
\x96\xf5-gzjR\x7f\xea\x1d\x88\xbb\xcdz\x0c\xaa\
\x0b\x8ff\xc4<\x8af\xe0\xaf\x81\x03\x00A\x9f_r\
\xa9i\xd2\xd4Q\xb7\xa0|\x1e\x86\xf7\xa5\xd3\x5c8\x7f\
&\xb7]\xeee\xc4\x1d\xb0Sdgtx\x10&\xf2\
{3\xaf\xcd\x0f\x06\xdc\xb8e\x1b}\xcbW\x148\x82\
\x8bu`\x8e\xf7\xe7By\x95\xc1`\x9eL$\x09\x85\
\x03\x04|~\xa62B#\x1a\xb5\x15\xbb!\xe0\x9f\x10\
bc\x14\xb8\x81\xf0\x10\xe5\x0a\x8aB?i\xcc~\x0e\
c\xa6Ce<,\xd0\x0e\x9e\xf0z\x0e\xecz\x08Q\
/_\xae\xa7B\x1f\xbeV\xb9R,\xb9\xb6\xac\xe5\x98\
\xbf+=\xe4\xae\xfc\xb6\xb2\xd9\xf2 ;F\x1c\x89\x8e\
,\xcf\x22\xe6X\xd8\x09\x9bZ\x18\xcbeJ\x03\xf5L\
\x873/\xc6\xf0\xe8\x91L\xe6c\x8f\xcd\x96{\x11\x1e\
\x19\x85B\xa1X\x94T+\xe3aB\xd34b\xd1\xb0\
\x94\xf0\x00\xe8\xeeYj\x14\x1e\x1fC\xdc\xdd\xafC\xdc\
\x81\xf6 \xee\xe8\x7f\x10\x11lo\xc3\xd0\xaa7\x14\x0a\
0\x97L\xd2\xd4`\x7f\xaa\x15\xf7x8&\x1b\xbc\x9f\
=9\xca\xe4\xc4M\xe3\x8bo\x01\xff\x89lp\xac\x91\
\x9d\xd1\xf1\x04\xf0K\x99\xdfillb\xfb\xbd\x83,\
\xe9\xeev\xbc\x82\xdc\xc1\x87N'\x98\x973\xa3D\xba\
\xbcJK\xe3\xf3\xfb\x08\x06\x03\xccNM2=3E\
<\x1a\x95\xf1h\x9c\x03\xfe\x0a\x91!\xbb\x80u\x06C\
F`\xe8\x22\xc3Jl\xcc/Be;\xf2\xd1\x0e\x9e\
\xf0\x02\x0fx\x0e\xec*w\xf8\x9c\x8e\xb1\x14\xeb\x10\xc2\
\x90\xee\x96!\xb7r\xa5P\x22\xa0\xb7\x0f\xb6\xcb;\x17\
7\x84\x8dl)Ti\xb3'\x86G\xbd\x0c\x0d\x1e\x91\
8\x8e\xecupG\xcc\x09\x1f\x8a\xcc\xbe\x9e-#\xe3\
u\x18{\xe1a\xf7\xbaB\xa1P,h\xaa!<\xf4\
`+\x8d\xb83\x7f/@(\x14bY_\xa1\xbb\xef\
f\x96,\xe9\xa6\xa1\xa1\x91d2\x01\xb0\x0a1\x80\xd0\
\x83\x18\x82\xb7\xc9\xee\xfd\x01\xbf\x97eK\xed\x87M\xd6\
\xda`n\x15\xa4'S)\xce\x9d\x1eer\xc24\x07\
\xe9o\x10m\x89\xe3d\xcby\xf4v\xb9?\x08\xfc\x9a\
\xbea]]\x1d\xf7\xee\xdcM\xc7\x92N\xcb\xe3\xb9\xe1\
W\x91\xf3i\x146\x98\xe7_\xf7\xe2j%\x9dJ\x11\
\x8d\x86\xb9=q\x9bp8\xc4\xcc\xe4\x04\xd1h\xc4N\
hL \x1a\x0f\x8c\x22\xeepN :\xa3\xc9\x08\x8d\
\x5c\xb1\xa1Y\xfci\xec\xf0\xa6\xc4\x86C\xb4\x83'\x9e\
\xf2\x1c\xd8\xb5\x17qW\xd9\xadV\xb6\xfb\x80}\x0c\x0d\
\x1ebxt\xbf\x0b\xfb\xabdF\xa2\xd2\xd9\x0e\xd9c\
\xd8\xdd\xfd\x97\x11\x1e\x87\xca\x1c\xfc\xe8f\x96\xc2\xad\xeb\
*s\xde\x87\xcb,\xf5\x93yo\x8f\xe7\xc0\xae\x9e\x8c\
`W(\x14\x8aEG\xa5\x85Gn0\xf6\x17\xc0o\
\x01\xc42]\x83<\xf9\x86\x88<Z\xdb\xdbX\xbe\xf2\
.n^\x9f\x9f7\xf4\xe9b\xdb77\xb7\xd0\xbb\xb4\
\x8f\xee\xde^Z\x9a[hm\x17\xf3[\xca\x0f\xb4\xe5\
\x0c\xe6e\xcd\xa40\x10\x89\x8695z\x82P\xd0T\
.\xf6\xe7\xc0\x1f\x92m\x97\x0bY\xd1\xf1Q\x84\x91\x1c\
\x80\x8e\xce%l\xdc\xb4\x95\xf6\xce\x0e\x8bV\xc122\
\xcb\xda\xaa\x9d;\xc1\xdc\x09\xa5\x0c\x0eLii\x22\xc1\
\x00\xb3\xdeY\xa6&&\x08\x87CD\xc2A\x99\x8c\xc6\
\x19\xe0\x1b\x88~\xfb7\x91\xcfh\x94,4>\xf1#\
?\xae}\xf9\xd0o\xda\xadKaA\xa6v\xfd\x88\xe7\
\xc0\xae\xe7\x907/\xcb\xb0\x8f\xa1\xc1\xbd\x88\xbb\xd1\xe5\
\x04\x86\x95\xec:\xe5\xee`?k\xe4\xa6\x96\x17B\x5c\
C\x99kPn\x99\x9b\x9b\x22\xcc\x0d3\xfdn\xe4>\
\x9f\xf2\xce[d{d\xdaL\xefF~\x16\x8eB\xa1\
P,(*)<\xacJNL\x06s-\x9d\xc6S\
/7c\xa3\xab\xbb\xc7(<\xe6\xf1x<\xd4\xd77\
\xb0dI\x17\xcb\x97\xaf\xa4\xb9\xbd\x9d\xd6\xd6V\x1a$\
J\xab\xf2\xd1\x85Eq\x9fGa\xb2\x81\xb9\xb3p<\
?\x1b\x10\x0a\x059q\xfc\x18s\xb1\x98q\xc3?C\
\x88\x8e\xdc\xc1\x80M\x88\x89\xed?\xa3o\xd8\xd1\xd9\xc5\
}\xbbvS_\xe4\xfa\xda\x1b\xcc\x9d\xe2\x8e\xaf#\x99\
L\x12\x8fE\x99\x9d\x99\xc6\xeb\x9d\xc1?;K,\x16\
\xb5\x1b\xd8\x07\xc2\x9f\xf17\x88\xc1}\xb7\xc8\x8a\xb3\x8a\
\x09\x8d\x8f\xff\xf0\x7f\xd0\xd0\xcf\xba\xf4\x0b\xa70\xa0\x1d\
<\xb1\xdfs`\xd7!\xc4]\xe6rg=\xe8\x88\x09\
\xdb\xe5e?*\xd9u\xca\xddY\x13\xd6\x94\x1b\x84\xcb\
\x94\xc2\xe5\xb6\xccu\x86\x9c\x19\xdc\xeb\xa0\x9c\xc9\x8d\xcf\
L\xf6\xbc\xdd\xe8U-s\xed*5\xdcR\xa1P(\
*N\xb5J\xad\xf4\x00\xee2b\xf8_g$\x12&\
\xadi\xd2\xa5MK\x96t\x01Bh467\xd3\xdc\
\xd8LO\xefR\x96\xf5\xad\xa0\xa1\xa9\x91\xa6\xa6\xa6\x8a\
,\xde\x8aJ\x1b\xcc\xc3\x91\x10\xc7G^%\x11\x8f\x1b\
\x9f\x1e\x06\xfe\x9e\xec\x8c\x0e\x10\xa2c\x1b\xf0\xab\x18f\
ttvv\xb1cpWQ\xd1aMi\x86\x8cr\
'\x98\xa7\xd3)\x82\xc1\x00\xe1`\x90\xa9\xa9)\xfc\xbe\
Y\x22\x91\xb0\xcc\xa1\xcf\x02\x7f\x07\x9c@\xf84\xf4\xd2\
\xb3\x8a\x09\x8d\x8f=\xf5c\x9a\x95\xc8\xc8\xf44\x93:\
_\x85\x04\x22x\x15\x1e\x8d\xec\xcc\x087\x86\xfa\xedc\
hpw\x89\xc6\xe7J\x9a\xcb\xabQjUnVE\
\xc6_P\xae\xf1\xd9\xed\xeb\xe0\xc6g&#<\xdc2\
|\xcb\x9c\x9b\x12\x1e\x0a\x85b\xd1R\x8d\x8c\x871\xd0\
K!&:w\x02\xc4\xe3q\xe9\xccDCc#\xeb\
7\xdcMk{\x07]]\xdd4\xd4\xd7\x9b\x86\xdf\xd9\
\xe5'\xd2h\xd4\xc9\x04\xc1\xd4\xd0\xe7\xa1iLN\xdc\
\xe2\xcd\xb3g\x8c\xd3\xda5D\xd9\xc9\xf7\xc8f:\xf4\
v\xb9M\xe4\x88\x8e\xa5\xcb\xfa\xd8\xb8y\x1b\x0d\x0d\x8d\
\xae-\xd7\xce`\x9eKa\x83y&#\x94N\x11\x0a\
\x85\x98\x99\x9e\x22\x1a\x09359A<\x1e\x93)\x9d\
z\x13\xf8*Bp\x8ca\xceh\x14\xea<U\xb6\xd0\
\xb0[\x94\xa2\xc2\x88\x0eU\x872\x06\xec\xbd\x88\xbf\x0f\
\xe5\x04_{\x18\x1a|\xb1\xe0\x90@+\xe4\xef\xc4\x97\
z\xb7\xbf\xb2\xa5Vb\xfd\xf6\xd7\xac\xd0]{Qn\
d\xf7~\xaf\x0b\xed\x8c\xdd\x1e\xf6'\xb3\xe6b\xe5e\
\xbb\x91\xfb\xdcU\xe9\x93B\xa1PHP\x11\xe115\
>\xa6\xf5\xf5o\xf0`->N\x92\x99`\xee\x9d\x9e\
\xa4\xbd}C\xc1\xfd\xe4\xb2z\xdd\xfa\xf9\xdf\x8d\xb1\xad\
\x13\xdf\x86[\x86\xeaJ\x0c\x12\xbcv\xf5\x0ao]8\
\x9b\xfb\xf4\xaf &c\xe7\x0e\x06\xdc\x81\xf0sl\xd1\
7\x5c\xd7\xbf\x81u\x1b\xee\xa6.s\xef\xdd\x88\xe86\
\x9b_B\xe6\xfc<\xacUG1\xc3x:\x9d&\x1c\
\x09\xe2\xf7y\x99\x99\x9a&\x1c\x0a\x10\x0e\x87\xec\x0e4\
\x0d\xbc\x8c\x08\xb6N\x01\xb7\x11\xf3[\x8a\x09\x8d\xb4\xc5\
\x9f\x8e\x84\xc6G\xf7>\x9d\xbd\x1cEg\x9aX<\xa7\
\x12\x1e\x95E\x04\xc5\xba\x08\xd9\x8d\xb8\x03_j)\xd6\
^\x86\x06\xf79h\xbb[\xfbV\xb7\xe5\x95\xf2\x94\xbb\
~\x99l\x87\x1b\xc1\xb7\x8c\xa0tsb\xb9\xdd\xbed\
\xf6\xe1\xa6\xe8\xa8F\xc9\x9dB\xa1P\xd4\x8cj\x98\xcb\
\x8d\xd9\x8e$b\xba\xf6\x93\x00\xfe\x80\x9f5e\xef\xbe\
\xcc\xf9\x0f\x8e\x91\xcb\x8981\x98\xa7\xd2i\xae\x8d\x8f\
q\xf9\xe2\x9b\xc6\xa7\xc7\x81\xdfEL\xc9\xd6'`\xd7\
!>\xb3{\x81\xcf\x02\xcb\xf5\x8dW\xaf[\xcf\xba\x0d\
w;\x5cw)\x06\xf3\xdcw\xe6\xbf\x9e\xcct\x9d\xf2\
\xfbf\xf1\xcdz\x09\xf8\xbdN<\x1a\x7f\x8b8\xe7q\
\xf2\x05F)B\xc3\xf8;\xe4\x09\x8d\x1f\xd5\x94ZX\
\x84\x88\xaeI#\x08\x11\x22\x06\x09:/\xc5\xda\xc7\xd0\
\xa0\xac'\xa1reVBDUf\xdfY\xca=F\
5\xd6({\x1c\xd9\xc0\xdb\x0d\xb1X\xe9\xd9-\xb9(\
\xe1\xa1P(\xeeh\xaae.7\x8a\x8f\xe3\xfa\x06\xbe\
\xd9\x99\x0a\x1e\x1e\xe6\xe6\xe6\x08\x05\xfd\xcc\xce\xcc\xb0b\
\xc5]tuuK\xbc\xab\xdcb+g\x06\xf3\xb4\xa6\
q\xf2\xf81\xbc\xdeY\xe3\xd3#\x88LG\x0c\xf3`\
\xc0\x06D+\xe1\xcf\x22&\xb8\xe3\xf1xX\xb3\xb6\x9f\
\xfe\x81{JZ\xad\x1b\x06\xf3d*E,\x16\xc1\xef\
\x9bevz\x9a@\xd0O\xcc~:\xbd\x1f\xf8\x17\xe0\
\x22\xe2;q\x05\xb3GCVh\x183j\xb6B\xe3\
\xc9\x1f\xfa\xd1\xac\x19\xbc\x00v\x89\x0b\x95\xd8X`\x0c\
\x8f\x1e\x06\x0eg\xba.=\x87\x5c\xb0\x08\x22\xc8{\x06\
\xb9nD\x8b\xbd\x95n\xb9\x1d\xb9d\xd6\xe8\xc6\x9d\xff\
\x85\xd6J\xb7Z\x82K\xa7\x1a\xdf\x05\x85B\xa1\xa8\x19\
\xd5\xcax\x18K\xad\x22\xc0iD\xa9\x10>\xdf,\xdd\
\xdd\xbd\xee\x1d0\x95\x22\x14\x8909q\x93\xa9\x89\x09\
\x92\x09\xe1\x95ho\xeb\x90\x14\x1e\x02\xbb\xceVn\x18\
\xccS\xc9\x04\xa7\xde8\x8e\xcf,:\xbe\x0f\xec\xc7z\
0\xe0\xc3\xc0\xa7\x10\xde\x0e<\x1e\x0f\xdb\xee\xddIO\
\xef2\xdc\xc3\xbe\x94*\xadi\x04}>\xa2\xb103\
S\xd3\xf8\xfc\xb3\xcc\xc5\x1c{4.\xe1nF\x03\xcc\
b\x17\x80'?\xf1#Z\xa6\xe5\x94\xf4\x15\xc8\xc3Q\
\xa5\x95\xb2\x84\xd4\x8c\xe1\xd1#\xc0\x91\xcc\xf0@\xd9v\
\xbc{\x91\x13\x1e\x95\xech\xb5P\x8c\xe5\xc5\xee\xa4W\
\xf2\xfc+u\x9cj\x09\x0fw\x84\x80\xa4\x8fH;x\
B\x09\x0f\x85B\xb1h\xa9\x86\xf0\xd0\x7f\x8c\xe5V\xaf\
\x93\x11\x1e\xb7o\x5cwExD#\x11n\xdf\xbe\x89\
\x7fv\x96P(\x90\xf7\xba\xdf?\xcb\x8aU\xabh\xa8\
\xab\xb7-\xcd\xaa\x86\xc1<1\x17\xe7\xcc\xa9\xd1\xdc\xac\
\xcf\x17\x81\x17\x11\xa6i\xa3\xe8\xa8\x07\x1eG\x88\x0e@\
\x0c\x06\xdc\xb6}'\xdd\xbdK-\xf7ou\x8e\x85\xc4\
\x92\xed\xf5H\xa7\x89\x84C\x04}^\x82\xe1\x00^\xaf\
\x97\xa8\xbdG\x03\x84\xc0\xfc\x1aBh\xdc\xc0\x1d\x8fF\
\xd1\x8c\xc6\x0f~\xe2G\xe6\x7f/;+\xa1R\x1b\x8b\
\x93\xe1\xd1\xfd\x0c\x0d^F\x0c#\xb4c7C\x83=\
\x12\xe5V\x8b=\xe3Qz&A\x98\xfa\xed(w\xaa\
\xba\xecq\x9c\x18\xf8\xcb\xbb\xae\xe5\x1a\xf2\x9d\xa3\xb2\x1d\
\x0a\x85\xe2\x8e\xa7b\xc2#\xc7`\x9e\xdb\xd9\xea;\xc0\
O\x01\xc4cqR\xa9T\x09\xad_a.\x99\xe4\xd6\
\xf5k\xf8|^\xc2\xa1\x00\xa9T\xaa\xe0\xb6\xd3S\x93\
\xac\xb8\xcb\xcbRW\xb2\x03\xfa\xbc\x8fR\xbc%\x1a\x01\
\x9f\x8fSo\x8c\x90H\xcc\x19_\xf8\x22\xf0\x15\xf23\
\x1d\x1e\xe01\x0c\xa2\xa3\xad\xad\x9dM[\xb6\xd3\xd9\xb9\
\xc4\xf2\xfe\xbal\x07\xaf\x82+\xd44\xc2\xa1 \x01\xbf\
\x0f\x9fw\x96p((c\x06\x07!0\xbe\x86h \
p\x95l\x17\xaer\xbaN\x15\x17\x1a\x1f\xffa\xf1{\
\xc5\x04\x82\xf1\xb0\x92i\x0fE\xed\x19\x1e=\x9c\xf1N\
\xc8L\x9c\x96\x19\xc8\xf6v\x10\x1e\x85\x8eQ\xad\x80\xd8\
\xed\xb2&\xfb\xfd\x15\x9f\xb0^\xc9\x81\x91VT\xcb\xc0\
\xafP(\x145\xa3Z\x19\x0fcp\x99\x04\xa6\xf4\x0d\
\x12\x899R\xc9\xa4\xb4\xf0H&\x12\xccNO\xe3\xf3\
\xcd\xe0\x0f\xf8s\x07\xec\x19\xb9\x00\xfc%\xf0\x0e\xe0\x09\
\x80\xd9\xe9)I\xe1\xe1\x8e\xcf\xc3\xca+\x11\xf0y9\
9z\xdc\xd8.\x17\xe0\x0b\xc0\x0b\x98E\x87\x07\x91\xe9\
\xf8\x8f\xc0\xcf\xea\x1bvt,a\xfb\xce]%\x0fH\
\xf4huy\x13\xcc\x13\xa94\x89D\x1c\xef\xcc,~\
\xdf,\xfe\x80\x8f\xb9X\x1cM+j\x06\xf7#\xbam\
\xbd\x81\xe8>u\x8b\xd2<\x1a\x8e\x84\xc6\x13\x1f\x7f\xaa\
D3\xb8Y$\x94\x9b\xccP\xc9\x90E\xc1a\xe4\x84\
G\xf1\x00S\xdc\x89\xb7\x0bB\xcb\xb9\xe3_\xe9V\xba\
2\xeb/6\x94\xaf\xbc\x89\xe7\xf2\xb8'pd\xb34\
\xc5\xa9\xd6y\xebT\xdbO\xa2P(\x14U\xa7\xda\x03\
\x04\xf5\x80\xf3\x16\xa2=\xea\xcax<F2\x91\xa0\xa9\
\xb9Yjg\xe3W.s\xfb\xe6\xf5B/\x8f\x01\xbf\
\x0f\x9cC(\x87&\xc4]\xf7'\x00\x02\x01\x9f\xf4\xa2\
\x0b\xb5\x9f\xcd\xdd\xc6I\xf0\xe9\xf3y9y\xfc\x98\xb1\
\xbbS\x18\xf84\xf0odE\x87\xb1e\xee\x7f\x07>\
\xaao\xdc\xde\xb1\x84\xad;v\x96(:\x0c\xebN\xa7\
\x89E\x22\x84\xc2!\xa6'o\x13\x0e\x85\x88\xc5\xa22\
\x1e\x8d\xd3\x88!\x86'\x10\x1e\x8d\xdca}\xae\x0b\x8d\
\xc7?\xf6\x94ER\xc9\xc5V\xb6\x1a\x96\x83I\xca\xd9\
\x9d\xc2\x8c\xe7\xc0\xae\xdd\x88\xf2\xcab\xec\xd7\x0e\x9e\x90\
mm+\xc7\xf0\xe8H\xa6\xe4\xca.\x80\xb4\x0b\xca+\
w\xc7\xdf\x8dY\x13\xf6T#c\xe1F\x00\xeef\x86\
\xa1ZA\xbc\x9b\xc2Ce<\x14\x0a\xc5\x1dO\xad\x84\
G\x0a\xd1\xcdh%@,\x1e\xa5\xad\xa3Cjg\x0d\
\x8dyK\x9eA\xdc\xd9\x1c\xc9\xfc\xae\xcf\xbb\xa8\x07Z\
\x10\x86f\x00\x22\xe10\xd1X\x8c\xd6\x96\x96\xd2\xcf\xa6\
D\xc6._\xe4\xea\xd8%c\x16!\x8c\x18\xfe\xf72\
Bt\xe8\xeb\x06\xf1\xb9\xfc7\x0c\xa2c\xe9\xb2>\xee\
\xd9\xbc5o0\xa0L\xb9W:\x9d&\x1a\x8e\xe0\xf3\
\xcd\x12\x0e\x85\xf0\xf9gI\xc4\xe32\xedm\xcf#<\
'\xe7\x11B#A\xa5\x85\xc6\x93{\xc5\xefu\xa0\x87\
\xfeeg\x17\xca\xdcA\x01m\xa2\xd2\x1e\xf2T\xfb\xce\
\xb1\x11\x19\xe1aw\xecJ\x06\xb1\xd5\xb86\xd53H\
\x97\xc7B3\x96\xcb\xe0\xce\x14q\xd1\x91\xcdn_#\
\xda\xc1\x13\xaa\x95\xaeB\xa1X\xd4TTx\x18|\x1e\
z\xa0\xa9\x07\xa3ID\x89\xce{\x01fff\xe8]\
\xda'\xb5\xcf\xb6\xd6\x0e<\x1e\x8f\xf1\xee\xfc/#\xfe\
a\x0e\x22\xcc\xcbs\x99c5\x90\xad\x99\xba\x00l\xd2\
4\x8d\xd9\x99)V\xaf^[\xd5A\x82W.]`\
|\xec\x92\xf1\xa9 \xf0\x0b\x886\xb21\xb2^\x08\x10\
3:>\x07\xec\xd47^\xb5f\x1d\xeb\x07\xee\xc1\x93\
\xd7\xe3\xd6:\xf2\xd54\x8d`(D0\xe0'\x10\xf0\
\x13\x0c\xf9\x89\x86\xc32\xa7\xa3{4F\x81\x09 \x8a\
s\xa1\xe1\xa8\xbd\xedcO\xfeP\xe6w\x8f\xd5\x99X\
\x9e\x9f,\xae\xe8\x02\x95\xc2p\x03\x99 \xd0\x9d\x00\xae\
4\xec\x82\xb9J\xceV\xa8\x86\x8f\xa0\x1a\xc7\x90ma\
\x5c\x0c7\x85\x87\x1b\x9f\x99\xccg\xea\xd6\xf7V\xa6$\
\xf0\x88K\xc7R(\x14\x8a\x9aQ\xcb\x8c\xc7\xab\xc0\xcf\
\x03\x84\x03~\xe9\x9d\xf5\xf4\xf6RWWg4\x92\xf7\
 \x82\xe4\xb9\xccO\xc2p\xcc\xfa\xcc\xe3\x97\x81M\x00\
\xb1xAO\x88C\xec} \xc9d\x82\x8bo\x9ec\
r\xe2\xa6\xf1\xe9\xf3\xc0A\xb2\xa2c\x0eq=4\x84\
\xd8\xf8\x0b\x0c\xff\x98\xdd\xb5j-\x1b\xee\xdeh\xbb\x9a\
P(D\xd0\xe7#\x1c\x16\xa6\xf0h4\x22\xdb\xde\xf6\
\xef\x10^\x8dkd\xbbiULh<\xfa\x83?\xa4\
\x95\xd51,GM\xb8W$U\xc2\xc1+~\xbc\xb7\
\x15\x95\x12\x1en\xcc\x85\xa8\xf6\x109\xb7)\xf7\xee\xbf\
L\x00\xeetx\xa3\x19\xf9\x0eR\xd5\x9cZ.#r\
\x06$\xbb\xa2\x15fhp\x0freVJx(\x14\
\x8aEO5\x84\x87N\xae\xf8\xb8\xa0\xbf \xd91\x09\
\x80\x86\xc6Fz\x97.gj\xf2\x96\xfe\xd4\x1e\x84\xa7\
C+\xf0\x03\x22\xd8\x07 \xe8\xf7Kv\xd1\xd2;W\
\x15\xf7y\x14\x22\x91\x88sb\xe4Xn\xdb\xd93\xc0\
O\x2223\xba\xe8\xd0}\x1d\x0f\x22&\x95\xf7@f\
0`\xff\x06\xd6\xae[\x9f\xb7\xefT*\xc5\x5c,N\
 \xe0\xc77;M,\x16\xb3l!\x9cC\x001\xb0\
\xef\x1cB\xf4\xdc\xce\xac\xc3-\xa1\x01\xf9\xd7\x9d\x8f<\
\xf1\x09\x0d\xdc\xc9.\x95O1\x83\xb9s\x09\xa3$\x87\
\xab\xc8\x04^\xce\x10]\xad\xec\xcb\xac\xec\x83\xc6Z\xcf\
\xf0(\x97r\xd7/sn=\x0c\x0d\xeev \x0cr\
\x91\xf9\xfc\x9d\x5c\xe3\xf2K\xad\x86G\xbd\x0c\x0dz\xb1\
\x17D{(O\x14<'\xb1\xcda5\xbfC\xa1P\
\xdc\x09TKx\x18\xef\x82\x1b\xe7y\x5c\x07\xd6\x00\xc4\
\x22QZ\xdaZ\xa5vv\xd7\x9a\xb5F\xe1\xf18\xf0\
\x07\x88si \x1b\xf86 \x86\xee5\x00\xe3\xfa\xc6\
\xa1\xa0\x9fh4J\x87\x84\xa7D\xa6\xb7\x95\x95\xc1<\
9\x17\xe7\xd4\xe8q+\xd1\xf1Y \x84\x10\x1d\xba\x99\
\x5cO\xdd\x1c\x026\x82\x10\x1d\xdbw\xee\xa6\xab\xabK\
\x1c#\x9d&\x12\x89\x10\x0b\x85\xf0\xfa\xbcxggH\
\xa5\x12\xb2\x1e\x8d#\x08\xb1q\x91\xac\xc8\xa8\x98\xd0x\
\xe4\x89\x8fk@I\xed|\x8b\x05\xf2R\xb2\xa0,\x83\
y\x89\x9b(\xf5!\x83L\xc0\xb4\xdbs`\xd7\x1e\xed\
\xe0\x097\xcd\xb3n\x95\xaf\xc8\x88\x97R\x83B\xb9\xa0\
\xbeT\x84w\xa0\xdc\x8c\x8d\xec\xb9\xed\xb1\xd9\x8f5B\
 \xca\xcc\x5c\x91\xdb\xb7\xe4 >\xc9\xcf\xec(b\xc8\
d1J\x17\x1eb\xd8\xa5\x8c0T\xd9\x0e\x85Bq\
GPq\xe1\x91\xf1y\xe4\x96[\xe9\x81\xedI2\xc2\
\xc3\xef\xf3J\x0b\x8f\xce\xceN\x96t\xf5\x10\xf0\xcf\xdf\
\xa8\xdc\x85(\xdd\xd2\x05\x87\xfeg\x0b\xd0\x8a\xe8nu\
\x15X\x97N\xa7\xf1\xceN\xd3\xd1\xd1\xe1\x9a\xcf\xc3H\
(\x18\xe0\xfc\x99\x93\xb9Y\x9cO#J\x9a\x22\x08\xdf\
\x84n&\xd7K\xac\xba\x81\xad\x00u\x0d\x8dl\xda\xbc\
\x85\xe6\xa6&&n\xdd$\xe0\xf7\xe3\x0fx\x89G\xa3\
2\x877v\x9d\xba\x8a\x108\x15\x15\x1a\x8f>\xfeq\
S:H\x7fPnC\xe2\xec\x0e\xec#{)\xc1\xe2\
\x86@P\x22\xa3Td\x03\xd7\xe7=\x07v=\xe4\xca\
\x9d\xdd\xa1\xc1g\x90\x13\x1e\xc5\x85\x8e\xecP\xbb\xcaR\
ZVD\x94\xf0\xbc(\xb1e\xf1\xac\x8f\xb8\xf3?\x82\
}\x80\xbc\x8f\xa1\xc1#\x8eDXv\x8dn\xfaP\xdc\
4\x96\x8f`/<\xf624x\xc8\xb1\xf8\x14\xa2p\
\x9f\xc4\x96\x87]\x16\xe4\x0a\x85BQ3jYj\x95\
B\xfcO\xfd#\x00>\xdf\x0c+V\xad\x92\xdeYw\
w\xb7Qx\xfc$\x22\xa3\xd0\x80\x08\xe8\xeb\x81\x15\xc0\
{\x80\x0f\x01\xf7\x18\xdf;9q\x8b5k\xfb-\xcc\
\xdaN\xd1\xcb\xb1\x84\x80\x99\x9d\x9e\xe4\xcc\xa9\x93\xa4\xd3\
I\xe3F\x9f\x05\xfe\x96|\xd1\xa1\x97X\x01\xcc\x22\x8c\
\xdd\xdb\xd2\xc9\x04\xe7\xcf\x9c\x92]\xc09\x84\x19\xfc\x02\
\x22\xbb\x91+0\x8a\x09\x0d\xfdwg\x19\x8d\xc7>\x96\
S:U(\x1a\x97|\xdeUeP\x19\xfe\xf0w>\
W\xeb%,j\xb4\x83'F<\x07v\xc9t\x97\x1a\
\x00^\xf2\x1c\xd8\xb5\x9fr\xee\xf0\x8a\xbb\xc82\x01\xdd\
e\x86G\xed\x8e#\x13\x10\x97\xe3O\x91-cz\x86\
\xe1\xd1\xc3\xd2{\x15A\xad\x8c\xe8\x90]\xc3\x11\xec\x85\
G\x0f\xf0\x12C\x83OI\x95\x5c\xc9\x7fN:\xb2\x02\
\xcfM\xe1q\x04\xfbR\xa8\x1eD\xc6\xe6!\xc9}:\
\xf9|\xbc\x88l\xb8B\xa1P\xdc\x11T\xb3\xd4\xca\x18\
\xd4\xea\x81\xf0\x19}\x83\x90\x03\x9f\x07@[G\xa7\xf1\
\xe1F\x84\xb8\xe8\x05>A\xc6H^\x88p8D0\
\x10`I\xa6\x94\xc9\x0d\xbc3\xd3\x9cz\xe3\xb8\xf1\xa9\
\x04\xf0\x9b\xc0\xdf\x90\xf5t\xc41\xfb:\xf4\x80\xde\x03\
\xfc\x22\xf0%`s\x91\xc3\x8cf\xf6\xf7*0\x99\xd9\
_\xae\x98sUh<\xfc\xd8G3\xa5S\xfa2\xcd\
\x94\x92\xd9(;\x1bbK\x05k\xae\x14\xa5r\x18\xb9\
Z\xf6\x01\xe0E\x86\x06\x8f\x02GJ\x08\xb6\xf7!o\
t\x96\x09\xe8\xe4\x84\xc7\xd0\xe0>\x86G\x9d\x07\x88\xc3\
\xa3\x97%}\x04\xcf14x\x99\xe1Q\xbb\x0c\xcdn\
\xc4uv\xe2\x99\x91\x15\x1e\xb2\x9f\xdf\xeb\x0c\x0d\x1e\x02\
F\xf2\x84]\xb6\xf4Kf_\xb9\xc8\x96q\xb9\xd7\x0c\
@|>G\x90)\xb7\x1a\x1a|\x09x\xb6h\xe6C\
\x94\x81=\x87\x5c6\x0e\xc4|\x1b\xe5\xedP(\x14w\
\x0c\xd5\xccx@~\xa9\xd5|;\xabT\x22\xc5\x5c<\
.=HpIg\x17M--\xc6\xc9\xe5\xbf]h\
[\x8f\xc7C[[;]\xbd\xbd,\xed]FSS\
3mm\xed\x92\xcb\xb5\x0f\x91o\xdd\xb8\xc6[o\xbd\
i|\xea6p\x00x\x0d\xb3\xe8\xd03\x1d\xba\x18\xd0\
\xa9\x03\xbe\x870\x98?\x0b\xbc\x0b\xb8\x0f8\x86\xe88\
5\x02\xdc$\x1b\x19[\x09\xb9\xb4\xc5\xef\xb9?\xb6B\
\xe3\xc3\x1fyR\xcb\xb5\x5c;\xa1P\xf9\x9a\xabem\
e\xe9\x83\x02\x96\xf2\x02\xfbt\xdeV@Q\x80\xc3\x08\
Q \x9b\x1d\x10\x9d~\x86\x06\x9fG\x04\xbd\xd9@Q\
\x0f\xf0\x87\x06\x8dw\xcb\x9d\x06\xb2#\x92\xa2F6\xe8\
{.\x13\xf4\x1b\x03\xda\x1e\xe0\xb0D\x09\x8e\x8c\x8f@\
\xcf&\xe8\xd7Bdk\xcc\x1e\x8eg(\xad,\xcb>\
\x08\x17\x01\xb8\xec$x\xd03\x19C\x83%,\xa7 \
n\x96Z9)\x8f;\x84\xfd\xe7\x03\xe2;{)s\
\x9d.\x93\xff\x19\x0d \x7f\xfd@\x94X\xc9\x0bo\x85\
B\xa1X\x04T\xbb\xd4*\xb7\xdcj>\xcd\x91N'\
I\xcc\xcdI\x0b\x8f\xc6\xe6&\x9a\x9bL\xc2c\x1e\x8f\
\xc7Css\x0bK\xba\xba\xe9]\xb6\x8c\x8e\xf6%4\
\xb54SW\x97\x15\x11VS#\x0aQ\xac\xb3\xd5\x9b\
gO1q\xfb\x86\xf1\xa9\x09\xe0i\xb2s0\x0a\x89\
\x0ec\xb6C\x17\x02q\xe0\x7f\x22\xcc\xf2\xf5\x99\x9f\xba\
\xcc6\xfa\x0f\xe4_\xcb\x5cq\x91+4\xac:}i\
\x00\x0f?\xfa\xa4T\xd7\xa9\x5c\x09&5\xb8\x10\xe7\x99\
\x8d\x8a\x1a\xccUB\xa3fh\x07Ox=\x07v=\
\x8b|\xf9\x8f\x91\xbd\x18\x03?Q\xa2S\x0e^\xe0)\
\xa9-E\xc0-\xbb_\xf3:\x052\x81\xa3\xcc\x1d\xf5\
\xfcc\xc8\xadK&\x9b\x22\x1b\x84\xeb\x01x%Z\x1f\
\xdb\xad\xd3\x89\x81\xdf\xdd\x81\x8f\xc3\xa3#\x99\x0c\x8el\
YXV\x5c\x94.\xbc\x8ej\x07O<[\xea\x9b\x15\
\x0a\x85b\xa1R\x15\xe1aa0\xd7K\x81\x82\x88n\
K\xf7\xa4R)\xa2\xb1\x08\xed\x9d\x9dE\xf6d\xa6\xab\
\xab\x8b`\xc0\x87\xc7\xe3\xa1\xa9\xa5\x85\xb6\x966\xba\xba\
{\xe9Y\xb6\x8c\x96\x96\x96\xa2-s\xd3hR\x9d\x97\
r\x83\xe7t:M \x10 \x14\xf0339\x81?\
\xe03n~\x01\xe1\xe9\xb8E\xd6\xcf\xa1\xcf\x17\xd1\xcb\
\xab\xf4\x1f\xabC\xe9\xe8\xd7*Ea\xd1a\xbc\x9e\xc6\
?\x8b\x0a\x8d=\x8f\xfe`\xd1\xd2\xa9\x5c*a\xc0\x97\
\xc6\x81\xc1\xbc\x18Jo,\x0c\xb4\x83'\x8ed\xfc\x1b\
\xe5\x0a\x87r\xf0\x02\x0f94\x02\xcb\x18\xabKG\xdc\
\x15\x97\xf1\xc08\xc5\x0b\xec\xc7\xbec\x94\x93\xb2\xa3R\
\xc5c1\x0eg\xd6Pl\x9d\xd5m\xa5\x9b\xcf!D\
F\xa3r\xdf\x83,G\xb5\x83'\xe4\xfd\x22\x0a\x85B\
\xb1\x88\xa8v\xa9U\xae\xf8H\x22<\x0b\xbf\x020=\
9\xc9\xb2\xbe\x15\xd2;\xbbk\xf5Z\xd2h,\xed]\
F{\xe7\x12\x1a\xeb\xc5\xe98\x09\x94e\x02\xebh4\
\x8a?0K8\x18dzj\x92x<f5\x9c\xef\
$\xf0\xe3\xe4g9\xac2\x1d\x85*x\x8c\x22\x22W\
p\xe8\x18\x85D\xa1\xd2\xa9\xf9\xed\x1ez\xe4\x89\xccc\
\x8f\xe9\xcd\xd9M\xc4\xf3\xfau\x10\xb1~\x99\x86q\xa7\
\xcf\xbb`0\x97\xca\x86(j\x8ev\xf0\xc4\xa1\x8c\xd1\
\xdc\xed\xe0U\x86\xcb\x80\x9c\xf1\xd9\xcca\xe4\xda\xbd\x96\
\xc3~\xdc\xbd&B`\xb9=\xb5\x5c\x88$7\xc5\xe3\
!\x86G\xf7g\xba\x90\x15Cn\x8dr\x83\x08ef\
\xb7\x98\x11\x9d\xbd\x9e\x02^\xa2\xb2\xb3W\x8e0<\xfa\
\x14\x07+x\x04\x85B\xa1\xa8!\x95\xf5\xf8\x9a\xb1*\
\xb5J!\xfeG\x0e\xc0\xcc\xf4\xa4\xa3\x1d657\xb3\
a`#K\xba{2\xd9\x0d\x11V\x970\xef\xcfD\
:\x9d&\xe0\xf3q\xf3\xda5N\x9f\x1c\xe1\xf5c\xdf\
\xe7\xcd\xb3\xa7\xb9~m\x9cX,j%:F\x81\xcf\
 J\xc7\x8c\xc3\x01\xf5LG1\xd1aU6e\x9c\
u\x92$+`r\x7f\xf4\xd7\xe7\xbd\x1d{>\xfcD\
z\xcf\x87\x9fH\x7f\xe8\x91'\xb4\xac\xe8\xc8R\xee\xb5\
\xb1\x227}S\xe8\x18\xc6\xe7m'\x90\xd8Q\xd6y\
\xe4\xcb/\x97v\xac\x90@;x\xe2\x08p7\xd5\x9d\
Mp\x98\xe1\xd1\xbbK\x1ap'\xbc \x95\x9dL.\
L\xd8\xfb]\xda\xdbeDVg\x04w\x06(\x9a\x11\
\x1e\x9br\xd7\xaa\xafQ\xdf\x8f\xdd\x1a\xaa9\xb1\xdc\x1a\
\x91%{\x88\xd2\x87E\xda\xf1,\xc3\xa3r%\x80\x0a\
\x85B\xb1H\xa9u\xc6#\x05L#\xe6O\xec\x00\x08\
\xf8\xbc,\xe9\xaeD\x09qq\xe2\xd1\x18\xfe\x80\x17\xbf\
\xcf\x87\xdf;[H`\x189\x0d\xfc\x09B8\x19\x85\
\x86U\x96c^t\xfc\xc0\x9eG\xe7w\xfa\xed\xa3\xff\
h,\x9f\xc2\xe2\xf7B\xcco\xf3\xc1\x0f?\xae\x15R\
\x8f\x95\xef\x1eU\x19L\xb9\x0a\xdb\x93p\xe8\xf3p\xb8\
+Ee\xc8t\xeay\xcas`\xd7\x1eD\xed\xbc\xfb\
\x93\xcb\x05G\x10w\xd5\xcb\x15\x0e\x95\xbf\xdb=<z\
(\xe3\x09('\x9bp\x04\x11\xc0\xca\x8a\x89R\x83\xf0\
C\x99\xcec\xfb\x90\xf7\xa7\x80\xde\x1e6\xbf\x03\x98\xdd\
ze\xcf\xa7\x12eVYD\xb9\xd9\x03\x88\x0c\x98\x93\
\xf3.\x86\x10\x9d\xa5\x0f\xa1T(\x14\x8aEC-\x84\
\x87\xf1\xce\xbe~\xc7~\x84\x8c\xf0\xf0\xbb$<\xecJ\
\xa8\xd2\xe94\xc1`\x08\x9fw\x1a\xbf\xd7K0\x14\x22\
\x95J\x14\xdb\xe5[\xc0?d\xd6z\x06!6\x12\x98\
\xc5\x86Qp\xe4f9L\xa2\x03@<\xce.\xb2\xce\
\x83\xf6\x7f_\xfa\x07\xcbU\x7f\xe8\xe1\xc7r\x04\x89U\
\xe9\x94\xe1U\xbb\xf3G^\x94\x98\xcb\xb0\xe4\x8f\xe1\xf4\
82\x94\xad\x0d\x94\xb8XPd\x06\xa3\x1d\xf5\x1c\xd8\
5\x80\x08\xe4\x9ct\xbe*\x84\x08nE\xd9\x8a;\xc1\
\x5c\xe9\x01\xa7\xf3l\x82\x18\xd6';\xd1Z\xe7(\x22\
\xa0w:h\xae\x9c |\x04x*3dQ\xef\xdc\
dU25\x82\x08\xae\x8b\xcdMq+\xe3QY\xe1\
\x01dD\xddS\x99\xe1\x87\xcfP\xba\x00\x11\xf3j\x94\
\xe0P(\x14o#<\x9a\xa6\xb1|}\xe97\xf1\xa6\
\xc6\xc7\xa4\xb7\xed\xeb\xdfP\x87\xe8\xd4\xd4\x84\x98*\xde\
\x0et\x02\x1f\x00~\x1f\xa0\xbd\xbd\x83\xc1\x07\xfe]\xc9\
\xeb\xd1\x0d\xe3V\x01q<\x16\xc3\xef\xcbd5\x02^\
b\x91\x88\xdd\xee\xce\x00/ Z\xdd\x060\x8b\x8b\xdc\
r'\xbd4*w^\x86\x06\xf0\xfe\x0f=\xaaY\xcf\
+4\x09\x8f\x82\xaf\xe5\xbf7{\x9eu\x16\xcf\x17{\
M\xbf6u\xb6\xef1?\x9f}\x8f\xfc\xf3\xe25\xeb\
\xe7\xc1c^\x9f'\xfb\x8bi\xb3:\xf3\x06\x1e\x8b\xed\
\xad\x9f2_\xb4R_[\xc8\x03\x04\xfb\xfa78\xda\
~\xf2\xca\xe2\x88q<\x07v\xe9\x1d\x84z\xb0\xef&\
\xa4\xb7/\xc5\xe2N\xba\xfb\x88\xb6\xb9z\xd0\x99\xfb?\
\xcf\xcb\x99\xf5x\x1d\xcd \xb1>\x8enf\xde\x8b\xb5\
\x089\x84\x08\xd8\x0f\x17\xccp\x08\xefD1\x7f\xca\xfe\
\xaa\x5c\xb3;\x9dlk\xe7b\xc2Y/+\x1b\xb1\x13\
\x886\xd9v\x85B\xa1X\xb4T[xx\xc8\x0a\x8f\
f\xa0\x0d\xe8\x00\x96\x01\xdf\x05\xa8\xab\xab\xe3]\xef\xfb\
@\xc9\xeb1\x06\xc0\xc9t\x8ap8\x8cwv\x1a\xef\
\xcc\x0c\xd1H\xc4.\xabq\x19\xf8:p<\xf3\xbb\x9e\
\xcdHZ\xfc\x18}\x18\xb9\xf33L\x1d\xa5\xde\xff\xa1\
G\xe7;IYg\x08\xc4\x93\xf9\xc2#\xfb\x9a\xbc\xc0\
\xb0\x17\x1ev\xef\xd1\xd7\xea\x96\xc0\xa8\x98\xf0\x98\x7fP\
Hx\x14{\xad\x98\xf00\xbf\xae\x84\x87B\xa1P(\
\x14\x0aE\xf9T\xbb\xd4\x0a\xf2\x0d\xe6\x09D\xd9\x92x\
Q\xd3\x88\x86#\xb4\xb6\xb7\x95\xb4\xf3x<\x8e\xdf\xeb\
c\xd6;C0\xe0%f1\xe7#\x873\x88;\x82\
\xa7\x11\x03\x0d\xf5l\x861\x8ba\xfc\xd3j\x22\xb8\xa5\
\xe0\x00x\xff\x87\x1e\xd1\xf4\xfa\x1e\xbdUUe1\xd7\
\x12-4\x9fGM\xdb\xf3\x9a0_'\x17\x1ak)\
\x14\x0a\x85B\xa1P(\x8aP\x0b\xe1\x01\xf9-u\xe7\
\x8c/Fcai\xe1\x91L$\x88Ecxg\xa7\
\x98\x9d\x9d%\x16\x8d\x92L\xce\x15{\xcb\x18\xa2m\xe5\
\x89\xcc\xef\xc6\xac\x86\xb1\x93T\x8a\xe2B\xa3\xd0\xec\x0c\
@\x17\x1c\xcep&\x12\xec#\xe4J\x04\xf9\xb2>\x0f\
\xe3\xf3\x0bn\x90\xa0B\xa1P(\x14\x0a\x85\xa2\xeaT\
Ux\x18\x06\x09\x1a3\x1eI\xc4\xec\x8b\x93\xc0}\x9a\
\xa6\x11\x0e\x06\xe9]\xdaWp?\xb1h\x94` \x80\
wv\x0a\xaf\xd7K2QTh\x80\xc8j|\x198\
\x0b\xf8\xb0\xf6f\xa4(.6\x0a\x09\x8dy\x81\xf1\xef\
?\xf8H\x01\x1f\x87$U\x0e\x96K1\x98\xd7\x04\x07\
\x83\x04\xa5\x04\x8b\x12%\x0a\x85B\xa1P(\x14Ug\
\xa1d<\x12\xc0\x9f\x02\x9f\x07\x88F#h\x9a\x86'\
\x13\xc5'\x13\x09\xe2\xb1\x18\xd33\x93\xf8fg\x89F\
\xc2\xa4R\xa9b\xfb\xbf\x0a|\x05x\x19\xb8\x89\x18\xe6\
\x97\xeb\xcf(5\xab\x01&\xb1\xf1\xb0)\xb3Q\xa9\x00\
\xdd\xa3A:\xcf\xb3\xe1\x14\xfb\x81~\x8b}\x90\xa0B\
\xa1P(\x14\x0a\x85baR+\x8f\x87U\xa9\xd5\x19\
}\x83P8D8\x18$\x12\x09\xe3\xf3\xce\xe0\xf3\xfa\
H$\xe2\xc5\xf6y\x0d!2\xfe\x0d\xb8\x00\xcc\x90o\
\x0a\xcf\xcdh\x18\x05\x87L\xf9\x94\x06\xf9B\xc3\xd9i\
{\xd04\xab\x0eU\xce\x0a\x8br\xc9\x17%\x0b\xa3\x0c\
K\xe6\xd8e{PlOU\xfe\xda*\xb9\xa3P(\
\x14\x0a\x85BQ9\xca\xeejU\xca1\x11\xb1f\x1d\
B\xf84\x22\xba\x5c5!\xc4G\xb7\xe4~.\x02\xdf\
\x02\xbe\x83\xc8jX\x09\x0dW\xb2\x1a9\xbf+\x14\x8b\
\x16\xd5\xd5J\xa1P(\x14\x0aE\xad\xa8e\xa9\x951\
\xeb\xa1\xf7\xb8\xdd\x0f\xfc.b\xbeG.\xd7\x11\x22\xe3\
\xdb\xc0y \x88\x5c\x8b[\xd9\xac\x86\x12\x1a\x0a\x85B\
\xa1P(\x14\x0aE\x85\xa8U\xa9\x95\xfe\xa7.\x0et\
\xbe\x86\xe86\xf5\xd3\xc0;\x11\xb34\x8e\x03\xdf\x07&\
1\x0b\x16}\xf2\xb9\x9d)\x5ce5\x14\x0a\x85B\xa1\
P(\x14\x8a\x1aS\xab\x8c\x07\x98E\x84\xf1\xb9\xb7\x80\
\xcf \x06\x0d\xea%Y\xb9\xef3v\xc5\x92\x99\xa9\xa1\
\xb2\x1a\x0a\x85B\xa1P(\x14\x0aE\x0dYH\xc2#\
WP\xd4!\xfc \xfaOn\xa6\xc4\xb8\xbd\xcaj(\
\x14\x0a\x85B\xa1P(\x14\x0b\x98Zz<\x8cb\x22\
mx\xac7:\xd2\x05G\xee\xfbd~\x8c\xdb+\x14\
\x0a\x85B\xa1P(\x14\x8a\x1aS\xcb\x8c\x07d\x85\x82\
Qdx0\x97_\x19\x05\x0a\x983\x19*\xab\xa1P\
(\x14\x0a\x85B\xa1P,\x02j]j\x05Yaa\
|,\xf3\xbeB\x8f\x15\x0a\x85B\xa1P(\x14\x0a\xc5\
\x02\xc3\xa3i*nW(\x14\x0a\x85B\xa1P(\x14\
\x95\xa5\xac\xa1\xd1\x0a\x85B\xa1P(\x14\x0a\x85B!\
\xc3\xff\x07\xc3#\x1b\xa8\x8e\x83\x9f!\x00\x00\x00\x00I\
END\xaeB`\x82\
\x00\x00\x87\x07\
\x89\
PNG\x0d\x0a\x1a\x0a\x00\x00\x00\x0dIHDR\x00\
\x00\x00\xfc\x00\x00\x00\xfe\x08\x06\x00\x00\x00\x1echl\
\x00\x00\x00\x04gAMA\x00\x00\xb1\x8f\x0b\xfca\x05\
\x00\x00\x0aIiCCPsRGB IEC\
61966-2.1\x00\x00H\x89\x9dSw\
X\x93\xf7\x16>\xdf\xf7e\x0fVB\xd8\xf0\xb1\x97l\
\x81\x00\x22#\xac\x08\xc8\x10Y\xa2\x10\x92\x00a\x84\x10\
\x12@\xc5\x85\x88\x0aV\x14\x15\x11\x9cHU\xc4\x82\xd5\
\x0aH\x9d\x88\xe2\xa0(\xb8gA\x8a\x88Z\x8bU\x5c\
8\xee\x1f\xdc\xa7\xb5}z\xef\xed\xed\xfb\xd7\xfb\xbc\xe7\
\x9c\xe7\xfc\xcey\xcf\x0f\x80\x11\x12&\x91\xe6\xa2j\x00\
9R\x85<:\xd8\x1f\x8fOH\xc4\xc9\xbd\x80\x02\x15\
H\xe0\x04 \x10\xe6\xcb\xc2g\x05\xc5\x00\x00\xf0\x03y\
x~t\xb0?\xfc\x01\xafo\x00\x02\x00p\xd5.$\
\x12\xc7\xe1\xff\x83\xbaP&W\x00 \x91\x00\xe0\x22\x12\
\xe7\x0b\x01\x90R\x00\xc8.T\xc8\x14\x00\xc8\x18\x00\xb0\
S\xb3d\x0a\x00\x94\x00\x00ly|B\x22\x00\xaa\x0d\
\x00\xec\xf4I>\x05\x00\xd8\xa9\x93\xdc\x17\x00\xd8\xa2\x1c\
\xa9\x08\x00\x8d\x01\x00\x99(G$\x02@\xbb\x00`U\
\x81R,\x02\xc0\xc2\x00\xa0\xac@\x22.\x04\xc0\xae\x01\
\x80Y\xb62G\x02\x80\xbd\x05\x00v\x8eX\x90\x0f@\
`\x00\x80\x99B,\xcc\x00 8\x02\x00C\x1e\x13\xcd\
\x03 L\x03\xa00\xd2\xbf\xe0\xa9_p\x85\xb8H\x01\
\x00\xc0\xcb\x95\xcd\x97K\xd23\x14\xb8\x95\xd0\x1aw\xf2\
\xf0\xe0\xe2!\xe2\xc2l\xb1Ba\x17)\x10f\x09\xe4\
\x22\x9c\x97\x9b#\x13H\xe7\x03L\xce\x0c\x00\x00\x1a\xf9\
\xd1\xc1\xfe8?\x90\xe7\xe6\xe4\xe1\xe6f\xe7l\xef\xf4\
\xc5\xa2\xfek\xf0o\x22>!\xf1\xdf\xfe\xbc\x8c\x02\x04\
\x00\x10N\xcf\xef\xda_\xe5\xe5\xd6\x03p\xc7\x01\xb0u\
\xbfk\xa9[\x00\xdaV\x00h\xdf\xf9]3\xdb\x09\xa0\
Z\x0a\xd0z\xf9\x8by8\xfc@\x1e\x9e\xa1P\xc8<\
\x1d\x1c\x0a\x0b\x0b\xed%b\xa1\xbd0\xe3\x8b>\xff3\
\xe1o\xe0\x8b~\xf6\xfc@\x1e\xfe\xdbz\xf0\x00q\x9a\
@\x99\xad\xc0\xa3\x83\xfdqanv\xaeR\x8e\xe7\xcb\
\x04B1n\xf7\xe7#\xfe\xc7\x85\x7f\xfd\x8e)\xd1\xe2\
4\xb1\x5c,\x15\x8a\xf1X\x89\xb8P\x22M\xc7y\xb9\
R\x91D!\xc9\x95\xe2\x12\xe9\x7f2\xf1\x1f\x96\xfd\x09\
\x93w\x0d\x00\xac\x86O\xc0N\xb6\x07\xb5\xcbl\xc0~\
\xee\x01\x02\x8b\x0eX\xd2v\x00@~\xf3-\x8c\x1a\x0b\
\x91\x00\x10g42y\xf7\x00\x00\x93\xbf\xf9\x8f@+\
\x01\x00\xcd\x97\xa4\xe3\x00\x00\xbc\xe8\x18\x5c\xa8\x94\x17L\
\xc6\x08\x00\x00D\xa0\x81*\xb0A\x07\x0c\xc1\x14\xac\xc0\
\x0e\x9c\xc1\x1d\xbc\xc0\x17\x02a\x06D@\x0c$\xc0<\
\x10B\x06\xe4\x80\x1c\x0a\xa1\x18\x96A\x19T\xc0:\xd8\
\x04\xb5\xb0\x03\x1a\xa0\x11\x9a\xe1\x10\xb4\xc118\x0d\xe7\
\xe0\x12\x5c\x81\xebp\x17\x06`\x18\x9e\xc2\x18\xbc\x86\x09\
\x04A\xc8\x08\x13a!:\x88\x11b\x8e\xd8\x22\xce\x08\
\x17\x99\x8e\x04\x22aH4\x92\x80\xa4 \xe9\x88\x14Q\
\x22\xc5\xc8r\xa4\x02\xa9Bj\x91]H#\xf2-r\
\x149\x8d\x5c@\xfa\x90\xdb\xc8 2\x8a\xfc\x8a\xbcG\
1\x94\x81\xb2Q\x03\xd4\x02u@\xb9\xa8\x1f\x1a\x8a\xc6\
\xa0s\xd1t4\x0f]\x80\x96\xa2k\xd1\x1a\xb4\x1e=\
\x80\xb6\xa2\xa7\xd1K\xe8ut\x00}\x8a\x8ec\x80\xd1\
1\x0ef\x8c\xd9a\x5c\x8c\x87E`\x89X\x1a&\xc7\
\x16c\xe5X5V\x8f5c\x1dX7v\x15\x1b\xc0\
\x9ea\xef\x08$\x02\x8b\x80\x13\xec\x08^\x84\x10\xc2l\
\x82\x90\x90GXLXC\xa8%\xec#\xb4\x12\xba\x08\
W\x09\x83\x841\xc2'\x22\x93\xa8O\xb4%z\x12\xf9\
\xc4xb:\xb1\x90XF\xac&\xee!\x1e!\x9e%\
^'\x0e\x13_\x93H$\x0e\xc9\x92\xe4N\x0a!%\
\x902I\x0bIkH\xdbH-\xa4S\xa4>\xd2\x10\
i\x9cL&\xeb\x90m\xc9\xde\xe4\x08\xb2\x80\xac \x97\
\x91\xb7\x90\x0f\x90O\x92\xfb\xc9\xc3\xe4\xb7\x14:\xc5\x88\
\xe2L\x09\xa2$R\xa4\x94\x12J5e?\xe5\x04\xa5\
\x9f2B\x99\xa0\xaaQ\xcd\xa9\x9e\xd4\x08\xaa\x88:\x9f\
ZIm\xa0vP/S\x87\xa9\x134u\x9a%\xcd\
\x9b\x16C\xcb\xa4-\xa3\xd5\xd0\x9aigi\xf7h/\
\xe9t\xba\x09\xdd\x83\x1eE\x97\xd0\x97\xd2k\xe8\x07\xe9\
\xe7\xe9\x83\xf4w\x0c\x0d\x86\x0d\x83\xc7Hb(\x19k\
\x19{\x19\xa7\x18\xb7\x19/\x99L\xa6\x05\xd3\x97\x99\xc8\
T0\xd72\x1b\x99g\x98\x0f\x98oUX*\xf6*\
|\x15\x91\xca\x12\x95:\x95V\x95~\x95\xe7\xaaTU\
sU?\xd5y\xaa\x0bT\xabU\x0f\xab^V}\xa6\
FU\xb3P\xe3\xa9\x09\xd4\x16\xab\xd5\xa9\x1dU\xbb\xa9\
6\xae\xceRwR\x8fP\xcfQ_\xa3\xbe_\xfd\x82\
\xfac\x0d\xb2\x86\x85F\xa0\x86H\xa3Tc\xb7\xc6\x19\
\x8d!\x16\xc62e\xf1XB\xd6rV\x03\xeb,k\
\x98Mb[\xb2\xf9\xecLv\x05\xfb\x1bv/{L\
SCs\xaaf\xacf\x91f\x9d\xe6q\xcd\x01\x0e\xc6\
\xb1\xe0\xf09\xd9\x9cJ\xce!\xce\x0d\xce{-\x03-\
?-\xb1\xd6j\xadf\xad~\xad7\xdaz\xda\xbe\xda\
b\xedr\xed\x16\xed\xeb\xda\xefup\x9d@\x9d,\x9d\
\xf5:m:\xf7u\x09\xba6\xbaQ\xba\x85\xba\xdbu\
\xcf\xea>\xd3c\xeby\xe9\x09\xf5\xca\xf5\x0e\xe9\xdd\xd1\
G\xf5m\xf4\xa3\xf5\x17\xea\xef\xd6\xef\xd1\x1f704\
\x086\x90\x19l18c\xf0\xcc\x90c\xe8k\x98i\
\xb8\xd1\xf0\x84\xe1\xa8\x11\xcbh\xba\x91\xc4h\xa3\xd1I\
\xa3'\xb8&\xee\x87g\xe35x\x17>f\xaco\x1c\
b\xac4\xdee\xdck<abi2\xdb\xa4\xc4\xa4\
\xc5\xe4\xbe)\xcd\x94k\x9af\xba\xd1\xb4\xd3t\xcc\xcc\
\xc8,\xdc\xac\xd8\xac\xc9\xec\x8e9\xd5\x9ck\x9ea\xbe\
\xd9\xbc\xdb\xfc\x8d\x85\xa5E\x9c\xc5J\x8b6\x8b\xc7\x96\
\xda\x96|\xcb\x05\x96M\x96\xf7\xac\x98V>VyV\
\xf5V\xd7\xacI\xd6\x5c\xeb,\xebm\xd6WlP\x1b\
W\x9b\x0c\x9b:\x9b\xcb\xb6\xa8\xad\x9b\xad\xc4v\x9bm\
\xdf\x14\xe2\x14\x8f)\xd2)\xf5Sn\xda1\xec\xfc\xec\
\x0a\xec\x9a\xec\x06\xed9\xf6a\xf6%\xf6m\xf6\xcf\x1d\
\xcc\x1c\x12\x1d\xd6;t;|rtu\xccvlp\
\xbc\xeb\xa4\xe14\xc3\xa9\xc4\xa9\xc3\xe9Wg\x1bg\xa1\
s\x9d\xf35\x17\xa6K\x90\xcb\x12\x97v\x97\x17Sm\
\xa7\x8a\xa7n\x9fz\xcb\x95\xe5\x1a\xee\xba\xd2\xb5\xd3\xf5\
\xa3\x9b\xbb\x9b\xdc\xad\xd9m\xd4\xdd\xcc=\xc5}\xab\xfb\
M.\x9b\x1b\xc9]\xc3=\xefA\xf4\xf0\xf7X\xe2q\
\xcc\xe3\x9d\xa7\x9b\xa7\xc2\xf3\x90\xe7/^v^Y^\
\xfb\xbd\x1eO\xb3\x9c&\x9e\xd60m\xc8\xdb\xc4[\xe0\
\xbd\xcb{`:>=e\xfa\xce\xe9\x03>\xc6>\x02\
\x9fz\x9f\x87\xbe\xa6\xbe\x22\xdf=\xbe#~\xd6~\x99\
~\x07\xfc\x9e\xfb;\xfa\xcb\xfd\x8f\xf8\xbf\xe1y\xf2\x16\
\xf1N\x05`\x01\xc1\x01\xe5\x01\xbd\x81\x1a\x81\xb3\x03k\
\x03\x1f\x04\x99\x04\xa5\x075\x05\x8d\x05\xbb\x06/\x0c>\
\x15B\x0c\x09\x0dY\x1fr\x93o\xc0\x17\xf2\x1b\xf9c\
3\xdcg,\x9a\xd1\x15\xca\x08\x9d\x15Z\x1b\xfa0\xcc\
&L\x1e\xd6\x11\x8e\x86\xcf\x08\xdf\x10~o\xa6\xf9L\
\xe9\xcc\xb6\x08\x88\xe0Gl\x88\xb8\x1fi\x19\x99\x17\xf9\
}\x14)*2\xaa.\xeaQ\xb4Stqt\xf7,\
\xd6\xac\xe4Y\xfbg\xbd\x8e\xf1\x8f\xa9\x8c\xb9;\xdbj\
\xb6rvg\xacjlRlc\xec\x9b\xb8\x80\xb8\xaa\
\xb8\x81x\x87\xf8E\xf1\x97\x12t\x13$\x09\xed\x89\xe4\
\xc4\xd8\xc4=\x89\xe3s\x02\xe7l\x9a3\x9c\xe4\x9aT\
\x96tc\xae\xe5\xdc\xa2\xb9\x17\xe6\xe9\xce\xcb\x9ew<\
Y5Y\x90|8\x85\x98\x12\x97\xb2?\xe5\x83 B\
P/\x18O\xe5\xa7nM\x1d\x13\xf2\x84\x9b\x85OE\
\xbe\xa2\x8d\xa2Q\xb1\xb7\xb8J<\x92\xe6\x9dV\x95\xf6\
8\xdd;}C\xfah\x86OFu\xc63\x09OR\
+y\x91\x19\x92\xb9#\xf3MVD\xd6\xde\xac\xcf\xd9\
q\xd9-9\x94\x9c\x94\x9c\xa3R\x0di\x96\xb4+\xd7\
0\xb7(\xb7Of++\x93\x0d\xe4y\xe6m\xca\x1b\
\x93\x87\xca\xf7\xe4#\xf9s\xf3\xdb\x15l\x85L\xd1\xa3\
\xb4R\xaeP\x0e\x16L/\xa8+x[\x18[x\xb8\
H\xbdHZ\xd43\xdff\xfe\xea\xf9#\x0b\x82\x16|\
\xbd\x90\xb0P\xb8\xb0\xb3\xd8\xb8xY\xf1\xe0\x22\xbfE\
\xbb\x16#\x8bS\x17w.1]R\xbadxi\xf0\
\xd2}\xcbh\xcb\xb2\x96\xfdP\xe2XRU\xf2jy\
\xdc\xf2\x8eR\x83\xd2\xa5\xa5C+\x82W4\x95\xa9\x94\
\xc9\xcbn\xae\xf4Z\xb9c\x15a\x95dU\xefj\x97\
\xd5[V\x7f*\x17\x95_\xacp\xac\xa8\xae\xf8\xb0F\
\xb8\xe6\xe2WN_\xd5|\xf5ym\xda\xda\xdeJ\xb7\
\xca\xed\xebH\xeb\xa4\xebn\xac\xf7Y\xbf\xafJ\xbdj\
A\xd5\xd0\x86\xf0\x0d\xad\x1b\xf1\x8d\xe5\x1b_mJ\xde\
t\xa1zj\xf5\x8e\xcd\xb4\xcd\xca\xcd\x035a5\xed\
[\xcc\xb6\xac\xdb\xf2\xa16\xa3\xf6z\x9d\x7f]\xcbV\
\xfd\xad\xab\xb7\xbe\xd9&\xda\xd6\xbf\xddw{\xf3\x0e\x83\
\x1d\x15;\xde\xef\x94\xec\xbc\xb5+xWk\xbdE}\
\xf5n\xd2\xee\x82\xdd\x8f\x1ab\x1b\xba\xbf\xe6~\xdd\xb8\
GwO\xc5\x9e\x8f{\xa5{\x07\xf6E\xef\xebjt\
ol\xdc\xaf\xbf\xbf\xb2\x09mR6\x8d\x1eH:p\
\xe5\x9b\x80o\xda\x9b\xed\x9aw\xb5pZ*\x0e\xc2A\
\xe5\xc1'\xdf\xa6|{\xe3P\xe8\xa1\xce\xc3\xdc\xc3\xcd\
\xdf\x99\x7f\xb7\xf5\x08\xebHy+\xd2:\xbfu\xac-\
\xa3m\xa0=\xa1\xbd\xef\xe8\x8c\xa3\x9d\x1d^\x1dG\xbe\
\xb7\xff~\xef1\xe3cu\xc75\x8fW\x9e\xa0\x9d(\
=\xf1\xf9\xe4\x82\x93\xe3\xa7d\xa7\x9e\x9dN?=\xd4\
\x99\xdcy\xf7L\xfc\x99k]Q]\xbdgC\xcf\x9e\
?\x17t\xeeL\xb7_\xf7\xc9\xf3\xde\xe7\x8f]\xf0\xbc\
p\xf4\x22\xf7b\xdb%\xb7K\xad=\xae=G~p\
\xfd\xe1H\xaf[o\xebe\xf7\xcb\xedW<\xaet\xf4\
M\xeb;\xd1\xef\xd3\x7f\xfaj\xc0\xd5s\xd7\xf8\xd7.\
]\x9fy\xbd\xef\xc6\xec\x1b\xb7n&\xdd\x1c\xb8%\xba\
\xf5\xf8v\xf6\xed\x17w\x0a\xeeL\xdc]z\x8fx\xaf\
\xfc\xbe\xda\xfd\xea\x07\xfa\x0f\xea\x7f\xb4\xfe\xb1e\xc0m\
\xe0\xf8`\xc0`\xcf\xc3Y\x0f\xef\x0e\x09\x87\x9e\xfe\x94\
\xff\xd3\x87\xe1\xd2G\xccG\xd5#F#\x8d\x8f\x9d\x1f\
\x1f\x1b\x0d\x1a\xbd\xf2d\xce\x93\xe1\xa7\xb2\xa7\x13\xcf\xca\
~V\xffy\xebs\xab\xe7\xdf\xfd\xe2\xfbK\xcfX\xfc\
\xd8\xf0\x0b\xf9\x8b\xcf\xbf\xaey\xa9\xf3r\xef\xab\xa9\xaf\
:\xc7#\xc7\x1f\xbc\xcey=\xf1\xa6\xfc\xad\xce\xdb}\
\xef\xb8\xef\xba\xdf\xc7\xbd\x1f\x99(\xfc@\xfeP\xf3\xd1\
\xfac\xc7\xa7\xd0O\xf7>\xe7|\xfe\xfc/\xf7\x84\xf3\
\xfb-G8\xcf\x00\x00\x00 cHRM\x00\x00z\
&\x00\x00\x80\x84\x00\x00\xfa\x00\x00\x00\x80\xe8\x00\x00u\
0\x00\x00\xea`\x00\x00:\x98\x00\x00\x17p\x9c\xbaQ\
<\x00\x00\x00\x09pHYs\x00\x00\x0b\x13\x00\x00\x0b\
\x13\x01\x00\x9a\x9c\x18\x00\x00|(IDATx\x9c\
\xed\xfdw\x98#\xdbu\xde\x0b\xff\x0a\xb9\x81\xce\xdd\x98\
\x9cs\xee\x89'\x07\xf20\x89\xa4(RT\xb6%K\
\xf2'Y\xd7\x96,\xd9\x16\xadxiI\xb6\x82}/\
\xadH\x99\xb4(\xc9\xa2\x02\x95-\xd3W\xc9\xa2D\x1d\
\xf2\xf0\x84\x89gr<\x93S\xcft\x0eH\x0d\xa0\xea\
\xfbca\x03\xbb\x0a\x05\xa0\x90\xba{\x0eg=\x0f\x1a\
\x8dB%T\xd5\xbb\xd7^\xefJ\x86eY,Y\xb7\
\x81\xc7\xf2X\x1e\xcb\xa2\x16\xc3\xc3:\x96\xdb\xc2\x877\
\xae\x15\xff\x0f\xb4\xeal\x1e\xcbcy,\x9e\xa5\x12x\
\x9d\xcb\xbd\x80\x1c*\x00\xddm\xf9c\xc0?\x96\xc7\xd2\
\xbc4\x02`\xb7\xff\x9d\xef\xd5\xf6mQ\x02\xb4\xe5x\
\xa9e\x06\x0e\xd0?\x06\xfccy,\xe5\xe2\x05\xc0\x95\
\xc0\xec\x05\xc8n\xef\x95\xfew\x8a\x13\xdc\xa6\xe3\xdd\x09\
z\x9b<\x06\xfccy\xbbK\xab\xb4\xaf\xfe\xbfW\xe0\
\xba-\xab\xf4\xb9\xd2:\xba\xe8 \xd7_\xf9\xc2\xfa\xea\
\xb3\x0et\x9b\x96\x7f\x0c\xf8\xc7\xf2\xa8I\xab\xa7\xcfn\
\xcb\xbc\x02W\xff\xbf\x12\x88\xab-\xaf\xf5R\xe2\xd4\xe8\
y\xed\x95+\xac\x9b\xd7\xd6un[\x94\xc7\x80\x7f,\
\x0b-\xed\xb2\x7f\x1b\xd1\xc2\xf5\x80\xd8+\x90}\x0d~\
\x07\x10\x01:\x80N V\xf8?\x06\xf4\x17^1`\
\x15\xf0:\xf0Y`\x84\xf2i\xbdM\x8c\xc7n\xb9\xc7\
\xd2bYL\xf6\xaf\xd7\xa9s+^N\xf0:?G\
\x80p\xe1\xbd\xb3\xf0\xeaC\x80\xdb\x05\xf4\x00\xbd\x85e\
]\x85\xd7&\xea\x93\xff\x04\xfc\x02\xa2\xed\x8b\xd3\xfb\x87\
7\xae\x15\xc1\xff\x18\xf0_=R\x09\x88nR\xc9\xcd\
Sm\x9f\x8dhZ\xe7\xbbW\xcd\xeb\xfc\xae\x95 v\
\xd3\xban`\xf6\x03Q\x04\xa8\x9d\x08@\xbb\x0b\xaf^\
\x04\xc8}\x85\xef\xe2\xc0V\xe6G\xd6\x00\x0f)\x81\xde\
\x06xOS\xfa\x91\x0fv\x96>\x18 \xbf\xb7N1\
\xbc<C\xda~\xeby<]\xd7uY\xe8\xf5\xb4\x8d\
\xb2\x7f\xea8\xae\xcb\x0a^~\x8b\x97\xdfPa?\xf1\
?\x19\xab\xa41\xdd\xb6r~\xb6*\xfc\x0f\xc0\xc8\xb7\
\xc5\xcb\x96\xc5\xffp\xa4\x16\x00\x9d\x00q~_\x0b\xd0\
\xad\x00r\xa5\xe9r%M\xac\xa6\xcb\x11\x04\xc8\x0a\xb0\
]\xc0\x00\x02\xe4.\x04\xcc\xbd\xc06\xe7ui\xb5\xe4\
\xfd\x06\xf9\xa0A:\xe4#\x13\xf6A\xc0\x80\xb0\x0f\x22\
>\x88\xfa!\x08t\x06\xe0\xad$\xf1\x9bi\xb5\xd93\
\xc0\xe7\xb5\xdf\xf7Ul\xc3\x9bx\x03\xbd\x93\xf6X`\
\x89\xff\xa9'@{\xd1\x98n\xe2t\xf3\xe8\xfe[K\
\x81{\xe4\xdb\xe2\x96\x0b\xd0u\xd0\xf8\x1c\xff\xeb\x9f\xeb\
\x19\x08j\x01\xd6\x8b&\xf6S\x9a>\xf7\x16^1\x04\
\xb4}\x88V\xeeA@\xdd\x8bh\xe1\xcdU\xaeQ\xd3\
b\xfa\x0cL\xbfA>`\x90\x09\x1adC>\xccH\
\x01\xbc\xe1\xc2+b\xc8\xe7P\xe1\x15\xf6\x81\xdf\x10\x94\
\xfa\x0d\xf7\xbbx9\xc9\xe0\xad\xb4\xbe\xe4\x8dj\xe7Q\
?\xe0-\xc0\xf0\x8a\x9c\xc7RK\xe2\x7f6\xeev\x1b\
\xdd\x80ZM\xab\xea\xffW\x02\x94S*\xf9q\x9dn\
\x1d\x0b\x8aZ\xdd\x0d`~\xed\xdd\xef\xb2\xcc9\x10\xd4\
\x03\x5c\xf5\x0aR\xd2\xc0\x9d\x88\x06\xee\x05\x06\x11\x10\xf7\
P\x9a>/\x01v\xb8\xfc\xde\x96\x8ae \xe0\x0d\xfb\
\xc8\x86|d\x83\x05\xed\xab\x80\xda\xe1\x17\x00\x87\x0c\x08\
\xfb\xe5=\xe4\x93_\x12\xf45\xafP\xb2\x16\x9cI\x10\
?=\xa3/=\x06\x8cU\xdb\xacA\x0d\xdf.\xb0/\
\xb6\x81\xa4\x86\xaa\xaf9\x13\xb0\x88\xff\xf9D+\xb4s\
\xbd\xd3[\x9f\xcb6\xfaY\xeb\xc0V\xb6\x9ezG{\
w\x8aS\x83+\x90\x07\x1c/\xbf\xe3\xe5\xdc&Tx\
uS\x9a>+[Xi\xde\xfe\xc2\xe7~`{\x85\
\xf3i\x99\xa8\xe9s6`\x90\xf5\x1bd;\xfc\x05m\
k\x08xCh\x9a\xd8W\x02o\xc0\x10\xed\xeb\xab4\
\xaeV^\xdc\xb0\xcc\x99\x04\xffv\x9c\xde\xf1\xac\xbe\xf4\
8\xf0\xc3\x85\xff+2\xf5\x0d\x02\xbe\x01`Z\x06\xde\
\xecx\xb5>\xde/\x94\xeb\xba\xed\x9f\x97\xc7\xffg\x19\
\x98\xc1\x1dd\x8dh\xe7z\x81\xed6\x85v>\x85\xce\
\xa0\x8dJ\xbe\x5c(\x0d\x08\xces\xd4\x81\x1cD\x9e\xa1\
 %-\xbc\x1eX\x8eh\xe0\x01D\x0b\xab)\xf4\x0a\
`\x97\xcb5k\xa9XFa\x0a\x1d0H\x85}d\
\xc2\x86h\xd5\x90\x06\xd8\xb0\x0f:\x0aZY\xd9\xc6A\
_a\xc8r\xb9\xad\xcd<J\xad|\x14gM\x82_\
\x18\xa3w*\xa7/\xfd_\xc0\xf7\x01\x19*\x0f\xd6\xc0\
W\x9b\x0d_\x8fX\x10\xff\x8b\xc9\x85\xd6\xce\xb5@\xed\
f+\xeb\xef \xb6l\x18\x99\x0e/G@\xd8\x07,\
\x05\xd6\x16\xde\xbb\x11\xdb\xef7\x11\x9f\xae\xa5\xedC\xfd\
\xaf\x83=\xa8\xbdB\xc0\x10\xf0\xd3\x85\xf7\x96\x8b\x9a>\
\xe7\x82>\xe6\x0a6\xb0\x00V\xb3\x7f\xc3\x0a\xb4F\xc9\
\x1e\xd6\xb5o\xf1\xce\xe9\xff\xb7\xfcLi\xab\x92y\x98\
%\xf2\xca$]36\xb0\xff[\xe0O\x91\xc1\xda-\
\xa6\xde&_}\x80/LN\x5c\xc0\x0c\xad\xd3\xce\xfa\
r/lq5\xd0\xba\x01[\x7f\x85\x10\xb7\x8f\xf2\xe3\
\xae@@\xbc\x04\xd8\x88w6y-\xf0-\xc0\xef\x02\
\xff\xb2\xb0\xcc\xc4\x1d\xec!J\x03I7\xf0\x1f\x81\xdd\
\x1e\x8fS \xb0`.$\x00\xce*\x8d\xab\x83\xb5\xa3\
\xf09\xe2\x87@\xe1\xffJ\xf6o{'r\xad\x91f\
\xc6\x02\x0b\xb8\x94 \xfe\xc6\xb4\xf3\x9b\x7f\x830\xf29\
\xeca\xb5-\x8e\xa5_d,\xb6\x9b\xc4??\xd5\xa8\
vV\xef\x8dN\xb9+\xb1\xd2\x8d\x82Y\x11U\xcb\x81\
e\x88M\x1bG\x80\xbd\x84\xd6\xbb\x87\xfe\x19\xf0[\x08\
\x01\xa4~\xbf\x8f\xd2\xd4=\x84\xb0\xdf\x11\xe0\x05\xe0'\
\x80\xd5 \x9ax\xa6+@\xa6\xa3`\xfb*\xf2J\xd9\
\xbf!\x1d\xd8\x05\x0d\xec\xa3`\xff\xba\x88Q\xf6\x8f\xbb\
\xcc\xc7\xf3\xd8\xec1\x9a\xd9\xf6l\x82\xf8q\x1b\xd8g\
\x81\x9f\x04\xfe\x1a\xc8R2\xcd\xdc@o\x93\xf9\xd5\xf0\
V\xe1W\x1b\xb5n\xb0\xb6\xc0e\xd5\xf8\xe7\xabjg\
\xfd\xffz\xb5\xb3\xdb\xb2Z,r%P{\x01t\x00\
\x99b\xabi\xf6\x12`%\x02\xe8\x0d\xb4\x80\xac2}\
BF\xcd\x05\x0d\x92\x9d\x01\x88\x16@\x18\xf5Cw\xe1\
=l\xc0\xc5$\xf1\xb3\xb3j\xb3g\x807\x91\x87F\
\x11m:\xd8;\x80g\x81\xff\xa6]7F\xb7Ga\
(\xe6\xb8g\x8e[\xb5\xe0\x8ab\x81\xb4U#\x87\xcd\
\x9ap:A\xfc\xcc\xac\xbe\xf4\x04\xf0q\xe0*0\x87\
\x00>\x87\x16hC\x95\xd8\x8a&\x00\xdf>F=\xfe\
\xbf\xdf\x16\xda9\x80\x04jt\x22\x80^]x\x8f#\
\x9az)-\x02t\xba\xc3G*\xec\xc3\x0c\xfb\xa0\xd3\
/\xc1\x18Q\xbf\x90R\xb1\xc2{\xd0'\xf6l\xd9\x0e\
,82C\xfcbB_z\x04\x01\xb9\xfa]:\xd8\
\x87\x90\x07\xae8\x85\x9f\x8b\xf8\x98:\xd4\x05\xabC\xb5\
O\xb8!\xbc\xb5\x12\xa4F\x9b1\xdf\xa2\x9d\xcf\x99\x04\
\xfef\x8c\xbe\x09\x9b\xbd\xfe*\xf0\x83@\x12H#$\
\x9d\x0e\xf8J\xa0/\xca\xbc\xdb\xf0\xf1\xbf\x9cnD;\
\xab\xf7j v[^\xcb~\xf6\xa2\x9d\xdd\xc0lP\
\xb2_\xe3\x94\xb4\xb4\xd2\xce\x9bh\xa1v\xce\x06\x0c\x12\
1\xbf\x809\xe2\x13-\xad\xb4\xb5b\x9d+\xf9v\xab\
={#Y82M|dN_\xfa9\xe04\xf2\
l\xa8\x81+\x84h\xf5\x0e\x1c`\xcf\x86}L\xbd\xb3\
\x17z\xfd\xcd\xfd\xd8y\x93G\xc0\x1e\x9d\xc9\x13\xfe\xc2\
8\xdd\xd36\xb0\xff\x0d\xf0\x7f#`O!\x80\xaf\xa5\
\xe1[\x98\x0f_!\x00\xc7\x05\xd0\x0b\xa1\x9dki\xe5\
Z\xda\xd9O)6\xba\x0f\xc9H\x1aD\xa6\xdcq\x04\
\xd8M\xdb\xce\x96!\xdaq\xb6\xc3/\xda9Z\xd0\xd0\
\xb1\xc2\xb4[\xf7\x05W\x8a\xb4RW\xa9^\xb9\x95\xa6\
\xff\xcb\x93\xf8s\xb6g\xe2\x18\xf01J`W>s\
\xa5\xd9\x7f\x12-\xa8edy\x08\x0ev\xca9?\x96\
\xda\xe2e\xac\xb9\x92\xa4\xef\xc84\x81\xac\xed\xbe\xfc\x14\
\xf0\xbf)\x81=C\x09\xecn\x9a\xbd\xa2\xff\xbb)\x0d\
\x1f\xff\xcb\xd9z4s%\x10\xbb-\xab\xa6\xa1\x9b\x9d\
j\x1b\x942\x96\xd4\x14{\x10!\xc1\x06\x91\x10\xcb\xa6\
#\xb5,\x03r!\x9fh\xe7\x88\x0f\xba4\xed\x1cS\
\xb6\xb3_\xe6\x09A\x9f}\xdc4\xca\xfei\xe2D\x5c\
vs.\xc9\xc0\xf1i|\xa6\xed\xb98\x8e\x00Z=\
\x13\x8a\xa4\x8b 6\xfd\x8f!L>\x00#[\xa2p\
 \xd6\xe0\x094q\xeem8\x8cgi'qg\x01\
\x17\x92\xc4\x8fL9\xbf\xf9\x09\xe0\xaf\xb0O\xe3\xe7\x10\
\xad\xee\xc6\xceW\x0dvi\x18\xf0\xf1\xbf\x9a\xad\x05\xd6\
jZ\xb7^\xed\x5c\xcfT[i\xe7\xde\xc2kY\xe1\
\x15G4\xf4*Z\x90\xb9d\xfa\x0cr!\x83D\x87\
\x8f\x9c\xf2\x09w\xfa\xc4\x8d\xd4\xe9/\x05v\x844\xdb\
\xd9v\xc3\xdd\x96\x15\xa4]\x0fo\xc2\x84\xa3\xd3\xc4o\
\xa4\xf4\xa57\x80\x1fE\x00oR\x8a\x94S`\x7f7\
\xf0\xff\x14O\xcd\x80\xd1\xed1\x18\x8a\xb6\xe1\x04\xdf\xe6\
R\xed\xbe\x9eI\x10?ac\xe2\xaf!\xa9\xaeo \
Z=\x85\x00]\x81]i\xf6\x9a\xbew]\x1a\x02|\
\x01\xec\xea\xd4\xdd@\xe9\x0c\xa7\xace\x1f{\xd1\xce\xea\
\xb3\xd2\xce\xfd\x88F\xd6\xc1\xbc\x89\x16Dr\xa9@\x8f\
\xb9\x90\x8fT\xd8\xc0\xd4m\xe7H\x01\xdc1\x9f\x809\
`8\x02;4qz#l7\xdc\x0b\xaa=\x22\xdf\
\xcbj\xd3y\xc2\x7f_f\x17\x9eC|\xe8\xa7\xb1\xdf\
\xbb 2\xf7x\x17\xf0\x9f\xd5\xca\xd9\xb0\x8f\xc9\x83\x9d\
\xb0&\xdc\xd4\xe9.<qg\x15\x22?[\xb4;\xb7\
\xfd{\xddy*\x0f\xafL\x11\xbf\x97\xd1\x97\x9e\x05~\
\x1e\xb9/J\xb3;\xc1\xee,g\xe5)\x8c\xb5n\xc0\
\xbbhv\xa7\xed\xab\xc7W\xbb%T\xb8\xbd\xf4\xfd(\
\xdby\x10\xd1\xd0K\x11\x86;^xo\x89v\xce\x07\
\x0dRa\x83LDc\xb3#FI;\x87\x10p\xfb\
}\xa5_\xab\x8b\xe1X\xd8\xe8\xf38\x1fS\xd1{s\
t\xbf2A8e\x8b\xba\xfc\x0c\xf0)\xc4\x0e4(\
\xd9\xedAd\xd0\xfc1`\xa7Z9\x19\xf3\x93x\xb1\
\x07z\x1e\xdb\xebM\x89~\xbf3\x85\x98x{\x98\xec\
\x97\x81\x7fGmr\xae\x08\xf6\x91\x9b\xd7\xad\xf8\xda\xf5\
\x9e\x0e\xdf\xe8\x94\xdeM\xa3\xeb\xc9\x13z\x8c\xb5\x0e\xfe\
(\xa5\xe9\xf6\x002\xbd\x1e@\xb4\xb3rUmh\xf0\
\x9c\x8a\x22YL\x06\xc9\x90\x0f\xab\xc3WrQ\xa9P\
\xcc\xa8Q\x88\xa1\xa6\xa0\x9d\x1d\x88k7\x00\x1b\x95\xaa\
\x83C\x85/\xdf\x98f\xf0r\xc2\x99\xc6\xf0\xe3\xc0\xdf\
S\x8a\xbb\xd6\xa3\xe8\xc2\x85\xef\x8b<F2\xe6'\xf1\
R\xcf\xc2\x90so7;^\x89\xfb\x8c\xeb\x93\xc0o\
\xe3N\xce\xb92\xf1#7\xaf\xd7\x91\xa0\xd2\x1a\xc0+\
@\xab\xd8\xea\xf5\x08\x8b\xadX\xed\x8dH\x94\xd8*Z\
\xc0l\x9b>\xc8\x07\x0d\x12!\x9f\x84dF5\x10G\
}\xa2\xa5\x83\x05f;h\x94kb\x97\x8fe\xe2\xf9\
\xa6.b\x17\xcf\x9c\x09\xaf\x97\xd9\xebcH\x19\xa4\xd7\
\x90\x07\xc8\x19X\xf34\xc2\xd2\xaf\x82\x82\xbd\xbe.\x02\
{cr\x8d\x1b\x96&\xae\xd3b\x98v\xb7Z.'\
\xe9?2\xed\xf4\x90|\x1c\xf8\xff(M\xe1\xd3\x08\xd0\
\x15\xd8m\xe4\x5c\xbd@W\xd2\x08\xe0\x9d\xe4\x9azX\
\xde\x0f\xfc\x17\x04\xdc\x0dK>`\x90\x0eI\x96\x93\x15\
242\xcc'\x11a\x11\xc3^\x18\xa0xJ\xe5\xff\
\x02\xed\xbb\xaf-4\xc1\xabo\xdb\xc0N&rpx\
\x8a\xf8\x03\x9b\x7f\xfd<B\xbe\x9dG\x1e\x22\x15'\xaf\
\x5co/ \xf7\xaf(\xa3\xbb\xa2\xb0\xb3Nr\xae\xd5\
v|\xdd\xbc\x87W1\xe6\x1f\xf3\x8a\x89?Z\xc6\xc4\
\xff\x18\x12&\xab\xc89\x15P\xa3\xbb\xdd\x8a\xc4\x5c\xa3\
`\x87:\x01\xaf\xd9\xef`\x8f(\xdb\x8f$]T\x15\
\xa5\x9dSA)\x1c@\xac\x00\xe2\x0e\x8d\x0c\x0bRH\
\x94\xd0\x0fU\x8b`i\xf2\xce52Unt\xc7n\
\x0fp+\x1e<\xb5\x8f\xb7\xd2\xf4\x1f.\xf3\xaf\xff\x0e\
b\xb3g(ive\xb7\x87\x80\x0f\x22.9\xa0\x10\
9\xb7;\x0a\x1b#M\x9e\xd4b\x96v\xa3\xdd\xb1\xff\
9\x13\x0e\xcf\x10\xbf\x96\xd4W\xba\x820\xf1Gq\x8f\
\x9eS\x9a\xdd*\xbc\xd7=\x85wJ3Sz}:\
\xff\xdd\xea\x8bDT\x98m+X\x98^w\x16\xdeC\
\xbeB\xdd\xce\x02\xb3]\xa4\xfe\x5c.\xbaWW\x95\xe7\
\xe8^\xc7\xc6\x8d\xdc\xebvk\xf4V\x9cGy\x92\x05\
\xc0/\x01\x7fB\x89\xe1U\xd3\xf8\x00b\xaf\xff\x0b\xe0\
;\xd5\xca\xe9\xa8\x8f\x99\x85\xb2\xd7\xdf\xae\x922\xf1}\
q\x9c\x81Q[\xc1\x8a\xb3\xc0\xcf!L\xbc\x22\xe7\x9c\
\xa1\xb2e\xe4\x5c\xb3\xa7\xd2\xec\x94^\x01\xfe\x09\xf5e\
\xf2\x89\x0ea\xbc\x9d[\xd4#e\x0fu\x1dHj\x95\
\xcbg\x11\x9b\xe7e\x92\xca\xc3\x9b\x09\x06\xaf\xda\xb4\xc7\
U\xe0\x13H\xb2\xc5\x1c\xa5\x07G1\xf1;\x81\x1fA\
#\xe7&\xfa\x02\xe4\x9e\xeb*\xbf\x7fJ\x9a\xba&_\
\xa5\x018i\x8b\xf0\xdf\x8e9\xc9\xb93\xc0\xcfb\x07\
\xbbN\xce\xe9EJZ\x06vh^\xc3+-\x7f\x13\
\xc5\xae'\xcc\xf2\x07\xa6\xea\x05Zle\xad\xea\x95\x1a\
w\xbf\xe6\xc3\xd1\xe4\x13:\x9e#\xfa\xf2\x04\xb1Y\xbd\
X\x0d\xe7(U@Q\xf6:\x94\xf8\x96\x1e$\xd8\xa6\
\x18\xef?\xb2:\x0c\x07\xab\x91s\xed\x0c3[(i\
\xf3\xe8p+M\xec\xc84\xd1\x84\xed\xde\xfc<R\xb0\
B'\xe7*\x86\xc9\x8e|\xd7r\x8b\x9fy\xade\xa7\
\xd4Lh\xad>\xad\xbf[\x5cj\xf7\xf5\xb6^L\x0b\
\xe6,\xb9D1\xa3r.\xb5.\x16\x88_\xaa\x19`\
6\xbaM+\x0dt\x87\x5cK\xd1}|\xc6\xe9_?\
\x87\x90o)J\xdaB\xd9\xebA\xe0%\xa4\xf6\xd9 \
\x14\x98\xf8=\x9d\xb05\xd2\xbaq\xd7\xf5t\x17\xe9,\
\xaa]\xe7p)\xe9V\xb0\xe2'\x10r\xce\xe9vs\
\x0d\x93\x1d\xf9\xae\xe5-\xd1\xea\xba4\xa3\xe1\xd5\xbb\x0f\
\xd1\xf0\x22\xb3M\x02\xde\xb4\xe4\xa7\xa7\xf22\xf6\xe5,\
\x98\xc9\xc3\xac\x059\x8b`\xda\xa4+i\xe2\xcf[\x8c\
<\xd7\x09\x03\x81\xc2\x83Z\xeb\xce5sW[H\xae\
i\xbbkh\x19\xc8592C\xfc-\xdb\x14>\x87\
\xb8v\xfe\x11\xbb\xbd\xae\xc0\x1eF<)\xffA\xdfh\
\xf4@\xe7#F\xce-\x86Q\xa2\x8aX\xc0\xf9\x04\xf1\
c\xb6j\xb2\x0f\x91A\xf8\x0b\xb8\xc7\xc4\x973\xf1m\
\x00;4\xaf\xe1\xd5\xeb^qi\xa2\xce\xf3\xb4\x0c\xc8\
[p2\x85\x91\xb6\x88\xa5L\x82y\x0b\x7f\xce\xaa]\
\xf3r&/\x80\xf7v Z\x12\x19W\xe7aZ.\
Y\x13\xbe4E\xfc\xbe-\x14\xf3\x0eb\xaf\xbf\x86<\
Dj\x0e\xa9\x93s\xdf\x85\x10t@!\x98f_\x0c\
Vz\xc8a\xd7e\x91\xe3mA\xa5\xc8\xc4\xdbb\x1f\
\xce\x22%\xc3&\xf0\x18&\xdb.\xb0Ck\xf2\xe1\x0d\
\xe4\x81\x03 \x924I\xbb\xadU\xedA\xc9Y\xc4\xef\
g+|YER\x15\x96\xcf;q7\x0f(\xb0\x80\
\x91,\xbe\xa3\xd3\x0c\xd8\xcb\x13\xff\x19\xc2\xc4+{]\
\x81]\x8f\x9c\xfb\x15\xe0\xa0\xda`\xb2'@\xf6\xa5n\
\xf1\x9c\xcc\xab\xcc\xd3h\xb1\x10\xc4]2\x8f\xff\x8b\x93\
\xf4\x8f\xb92\xf1cx\x0d\x93m#\xd8\xa1N\xc0\x8f\
|\xb0\xd3\x8a\xff\xd5,\x94g\xe6\x14\x01\xdf\x950I\
\xd7K\xc4U\xbe9\x97\x91\xd9\xc3\x9d\xc2{\x0e\x09\xcd\
\xfd\xd7\x00L\xe5\x90\xe7y\x01\xa5%\xee:\x0f;\xb9\
\x98`\xe0\xc4\xac3\xa5\xf5\xd7\x81\xdf\xa7\xe4_\xd7\xc9\
\xb9\x10R\xa8\xe2\xdf\xa3\x93s+Bp\xa8\xb3A\xb0\
/\xa0zo\xe7\xa1\x9b\xdd\xf7h\x96\xf0+SN&\
\xfew\x91\x816\x81\xd70\xd96\x83\x1d\x1a\xd3\xf0\x95\
Nj\x0ey\xc8\xc04\xea#\x80|\x90\x0d\x1b\x043\
\xc5]\xff p\x1f\xb9X\xd9\xc21\xfd\x88'\x7f\x95\
Z\xa9{:\x8f\x9d\x16\xa9r\xe7\x16\xd4\x8f\xde\xc4\x8e\
s\x16\x9cM:\xeb\x9a\xa5\x80_D\x8a\x22d(=\
<z0\x8d\x0a\x93]\xad6\x1a\xd9\x1b\x83\xad\x1dm\
9\xcd\x86\xf7\xd5\xaa\xd9X\xc3\xd2\xe4\xbe\xdeJ1\xf0\
zYm\x81\x9f\x05\xfe\x1c\x8f\x05+\xe6\x03\xe8J\x1a\
\x9d\xd2[.\xafK\xa8\xd2GS9\xe8\x0bz\xdf\x9b\
\x01\x89\x90\x8f\xdeL\xd1}\x11D*s\xaa\x1c`\xab\
p\xaey`\xb2x\xf2\xaa*H\xa3\x018u\xc9\x02\
\x10wSy8<M\xfc\xa1-D\xf6\x12\x12\x22{\
\x9a\x92\xbd\xae\xb6T\xb5\xe7\xbe\x1e\x09\xd7\x94\xdd\x1a0\
z\xb0\x13\xd6/\xf0l\xe8\xed&\x17R\xce\x82\x15i\
$\xdd\xd8s\xc1\x8a\xf9\x04;4g\xc3[\xd8\x03\x04\
\xae\xa3\x00?cIa\xa8:$k\x0b\xa5%\x80\x5c\
$e\x97Z\xc8\x83m\x80F\x11X\x08\xe1\xe7V\x9c\
q!5z+\xf6\xfb0K\xd7W\xa6\x88$\xcb\xfc\
\xeb\xdfK\xe9!R\x0f\x8en\xaf\x7f\x0bR\xaf\x1c(\
\xe4\xb0\x1f\x88\xc1\xaaP\x8b~\xabE{s\xc9\xab\x1f\
zQ\x04\xe0\xe4,\xa9&{\xd66\xeb\xba\x84\x84\xc9\
\x1e\xa7z\x91I\x85\x9by\x99\xc2;\xa5\xd1)\xbd\xfe\
R\x80\xbfZ\x5cc&\xef\xbaa\xc5\x9b\xe03\x9c\x01\
\x1f\xfd\x94G\x1b\x19\x85\xf7\xa2\xa1dX\x88\xdf\xbfe\
a\xa0\x8b\xc4W|+C\xffkS\xcex\xf8\xb3\xc8\
\x03\x95\xa2<\x98F5\x86\xf8a\xe0\x1b\xd4\x06c\xfd\
\x01\xccg\xbb$G\xa1(\x0b\x1d@\xb3\x18i\xfe:\
\xcei\xce\x84/L\x10/'\xe7\xfe9%{\xbdv\
\x98\xecw.\xb7\x16\xe2R\xb4bJ\xaf~\xc8\xa9\xe2\
N\xc7Mr\xf5\x10w\x06\x12o_\x92~J9\xda\
jT\xd4;\x91\x96N\xc3\xc6\x93x8\xeb\xb6i\xf4\
\x1a;\xf7B\xdce-8>\xcb\xe0\xb5\x94\xee\x92\x9c\
E\x8a\x18\xbe\x82=\xf9\x05J\xf6\xfan$\xf9e\x93\
\xdah$\x1e\x84\x17\xbb\xbc\x05&\xb5K\x1e\x19;\xde\
\xa3\xa9\x964\xf1}q\xc2\xe9%9\x8b\xd8\xec3\x94\
\xecu\xddc\xe2\x0e\xf6\x05\x92VL\xe9\xd5\xfb\xb0\xfa\
\xa2+e2\xd1\xdc\x99\xbc\x00\xfc\x05\xa5i<\x94z\
~\x17\xc9\x81\xa2\x86\xb7\x95Hn\xf2A\x98O\xe2N\
_\x941\xe1Ke%\xa3o!\xa1\x98\xc7pO~\
\x09\x01\x87\x90\xf2\xc5+\xd4F#\x1b\x22\xb07Z\x0e\
\xf6\xf9\xf2(<r\xe2\xe17\x8dd\x89|e\xca\xd9\
\xd7\xedg\x81\xffIyu\x1ae\xaf\x973\xf1\x0b\x08\
vh\xad\x86/\xda\xd6\x86\x89\xfc\xdcz\xf6\xdea\xbb\
\xe0[\x91\xbau>\xe4\xa1\xb6\x10\xb0\xabJ\xb3r\x1c\
\x05xX|\xc4]=\x87\x19\xcd\x1182\xedl:\
p\x1e\xa9'w\x96\xca\xc14\xdf\x8a\x94C\x92C\x1a\
0\xfaD'\xac}L\xce\xb5T.'\x1982\xe3\
d\xe2\x7f\x06QJ\xde\xc2d+\x01}\x9e\xc7\xcf\xba\
\x01\xef\xf0\xc5\xebm\x87\x8ba0>\xd3\x82\x8cU'\
\xe0\xfd\xce\x8e\xd2/R\xea\x13\xbe\x01)\x1f].s\
U\x06\xccV\x01\xb3\x9d7\xe5|\x8a\xfe\xd3\xb3\xf8\xf3\
\xb6\xdf\xf1_\x91\x94Vg\xf2\x8b\xcat\x8b )\xad\
\xaa\xe9#\xf9\x80\xc1\xf8S\x9d\xb0\xc2K\xe4\x5c\x0b~\
PS\xbbhb\xe3\xf9&\xee.$\x88\x1f\xb5\x85\xc9\
\xa6\x10\xb0{/X\xf1\x9d\xcb*?\xa4\x8f\xa0\x0d\xaf\
\x80og\xeaR\x96\xb4At\xdb\xd2\xedG\x86\xca\x16\
~\xbf\xa73\xc9X-\x06\xe4<\x0d\xb9y\x0bN%\
\x19\xbcd\xab7\x97B\x5cn\x7f\x89=\x98\xc6\xc0N\
\xce}\x1f\x12*\x0b\x14\xec\xf5C\xb1y\xcca_h\
\xe2o\x1e$c\xc2\xabS\xc4\xef\xd8B\x98u&^\
'\xe7\xdcb\xe2\x85\x89\xaf\x06vX\xfc\x1a\xde!\xba\
\x96\xb7\xb3\xe7\x09\x13\x06\xeb \xeej\xccB-\xa3T\
mv*V\xa8e\x170 ^\xe7OX\x0c\xc4\xdd\
x\x0e\x8e\xce8\x99\xde\xcbH\x82\xc5I\xdc\x93_B\
H5\xd9\x9fB+\xf49\xb2,\x04Ov\xba\x0d\x98\
M\xfe\x96v\xeek\x91xC\x9c'\xa0\xdc\x8ds&\
\xbe/\xb8\x92s\xdf\x83;\x13\xef\xda\xd7\xcd\x0e\xf6\x05\
\xff\x81@km\xf8<\x92\xd8/\xbe\xf8t\x9dYs\
\x11\x9f4v\x08\xf9\xc8\x05\xc0\x8a\xf8\x0a\x1dZ\x0cy\
\x98c~\x99\xc8\xfa\x0d\xe9\x17\xde\xd4\xb5k\x86Qo\
\x92\x03\xb8\x97\xa5\xe7\x8diB\xf6\xeb\xa3\xec\xf53\xd8\
\x83it{\xfd R\x802\xae6\x1aY\x15\x86\xa7\
;\xeb>\x85E\xf0\xdc\xb5H\xda\xf0c\xa6\xf2\xf8^\
\x99t\x03\xfb/`O~\xa9\x08t\xed\xdd\x9b\xcc\xe3\
=i\x96\xa5w\x82\xfeSH\x0ba\x980\xe5R\xd4\
1\xcb\x9c|>&\x9d[\x9c?\xde\xedb\xb8]\xa4\
\xe2\x84\xa2\xce+\xd8\xc8\x05\xaf\xd7\xf67\x81\xdb\x19\x06\
_\x9f\xd6\xa7\xf0Y$D\xf6\xcfqO~Q`\x7f\
'\xc2\xc4w\x83F\xce\xadvL\x8b\xe6\x15\xcc\x9aF\
|\xbb\xc8\xf5\x14\xfd\xafO;\xf9\x94\x9fG\xaa\xc9\xaa\
\xa8O'\xfb\xee&F\x95\xef\x16TZ\x01x]\xc3\
_V_\xf6O\xe5\x197\xa9\x0b\xf0D*h\xee\x16\
\x10\xeb\xf3\xb0Qe\x993\xe1\xf0,\x83w3:\xd8\
\x1f\x22n\x9d\xd7pO~Q\xe4\xdc\xf7\x22SI\xa0\
@\xce=\xdd\x09\xcb\xea\x08]v\x95\x85\xb6\xc3\xe7i\
t\xf2z\x98Ki\x06\x8e\x95\xc5\xc4\xff\x02%>E\
\x0d\xc6j\x05\xc3\xf1\xf2\xd1\xa8\x86\x9f\xc7A\xb3\xd9\xfc\
H\xa7\x96\x9fBBl%J\xac\xd2\xb4\xbe\xea\xe5\xf0\
b\x0a,\xc0\xe0\xe9\xf9\x90\x8e\x15gL|\xff8M\
\xfc\x8e\x0d\xecW\x91\xc4\x96\xafP\xaa?\xae4\xbb\xde\
\x9e\xf9\x87\xd0\xc0\x9e\xe9\xf01\xfe\x5cW\x0b\xc0\xde\x0a\
\xa9\xe3\x1e\xb4\xfavY\x15?4&\xe7%&^\x03\
\xfbU\xe0\x07\x90\x98x\x1d\xe8_\x83\xb4\xd3\xbe\x8e\xf8\
\xdf?\x8c\xbd\xbb\x92\x0a\x0c\xab\x0f\xc2\xf3\xf887\xa4\
\xe1\x0b\xae9\xa7\x86WZ\xfe\x0a\xd2\x8c\x02\xa6M\xe8\
\xaa\xb7f\xdd<\xe4h{!\xd8\x1a\xde\xaf\xf6y8\
K\xf4\xd8\x8c[\xbd\xb9_\xc0\xee_\xd7\xc9\xb90\x12\
L\xf3\xa3\xe8\xe4\xdc\x8a\x900\xf16r\xae\x8dZr\
!l\xfd\xf9>f\xc6\x84W\xa6\x9d\xc5D.\x03\xbf\
\x8c\xdc\x1f\xddK\xf2QdF\xa6\xe4\xb9\xc2\xcb\x00\xfe\
\x97c\xcf\xea\x97X\xee\x8b\x17NZ\xa5\xe1u\xd0\x97\
\xaa\xdf$\x1b\x18\xba\xac&\x87\xbb\xe2\x04\xa1\xd6~j\
\x5c\xf8fN\xc3\xb4$\xa5\xf5\xe5I'\xd8\x7f\x1eq\
\xa7\x9d\xc6\x1e&\xab\xfb\xd7\x0f l}\x09\xeck\xc3\
\xf0\xa4\x13\xecM\xc8\xa2\xb4.\xe7Y2&\x81/L\
8\xc1~\x1e\xf8W\xc8\xa0\xacs)\x1f\xc1\x0ev]\
~\x80Rk5?\x9a\x86\x8f\x7fv\xd8\xfb\x0d\x9b\xa7\
{\xd2l\xff 7;\xfe\x5cq\x8d\xc9\x0aI4\xad\
\x12\xaf\x17\xc9u=\x97\xc1\xb7\xde\x03\xbbmc\x01G\
g\x89\x9fM\xe8KG\x11\x8d\xfd\xe7\xd8\xc9\x1f'\xd8\
\x9fC\xfa\x8b\xf5\x82\xd8\xeb#\xfbb\xa2\xd9\xdd2\x02\
\xab\x9c\xda\xbcIS\xc7kb\xe3z6u\xae;\x95\
'\xf0\x85\x09\xb7\xc8\xc6_\xc4\xde\x95'\x00|\x07\xf0\
\xd3j\xa5\xbe\x81A>\xfa-\xdf\x8eQ\xea\xa7\xb0\x1f\
\xb9_\xaa\x8f\xa2\x0d\xf4\x9e\xe5\x11`\xe9\xc1\x1d\xf4E\
\xe2\xaes\xdad\xb6\xc2\x86\x0d\x1d\xc9\xa8\xba\xa0\xc5\xd2\
\x80\xafx\x22\x0f\xa7\x12\xce\x16O_B\xa6\xf0\x0f(\
\x01]\xcdCT%\xd9\x08\x125\xf7\xddj\xa3\xbc\xdf\
`\xfc\xd9.{\x9c\x81W\x9f\xb6gi\xf6\x1a.4\
\xf1\xd7\x80\x5cK1\xf0zY\x98\xec/ \x05&\xf5\
A\xd8\x87\xb8J\x9fT+\xf5\x0d\x0c\xf2\xe2;\xdf\x83\
\xcf\xe7c\xe9\xb2\x95\x0c\xdf/\x16zz\xa6\xb0\xbdr\
\xd3\xf9\xf0FF\x95d\x9ef\xfb\xed\x00\xfc\xb8\xfa2\
<\xa7\x00\xefb\xc7/\xbc9\xd3Z\xb9?G\xff\xab\
3N\x97\xce\x1f!\xf5\xe6\x94\xefV\xb9sTy\xef\
\x10\xd2\x10\xe2'\xd0\xfa\xdag\xc3>&\x9f\xed\x82\xfe\
\x05\xee\xfeR\xf3\x1e5\xeb\xfalU\x00\x8e\xc7\x8d.\
&\x198^V&\xec?\x03\x7f\x87=+s\x1b\xf0\
o\xd1Z\x93/]\xb6\x92\xa7\x9e{\x9e@P\x08\xd3\
X\xa7-\xfea=2p+\x97]\xae\xf2\x09-\xec\
\x83\xdf\x8a\x22\x96N\x1b>\x83T\xe8\xec\xf3\xa9Ou\
w\x1e\xad\x83\xe8\xcbZB\xbe\x98\x86\xd4\xa9\xb7M}\
\xab\x5c\x5c/\xc4\x9dW_\xfb\xd54\xfd'\x13N\xb0\
\xff*\xf0{\xd8Yx\xa5=\x14\x13\xdf\x8d\xa4\xb5\x16\
\xfb\xb0\x8f\xac\x0a\xc1\x9e\xa8D\x12\xb6SZ\xf2\xdc=\
\x22\xa3\xf6\x9c\x09\xc7g\x89_\xb5U=\xbd\x82\x90s\
N{}\x07R@d\x8bZq\xf7\xbe\x03l\xdd\xb6\
S\xdf\x96\xc1%K\xb8z\xe5\xa2\xfax\x08\xa9-\xa8\
\xe2\xe9\xd5\xcd[t\xfe\xf8\x86\x01\xef`\xeau-\x9f\
Gl\xd6>@\xc0\x18\x86\x86\xe8\x02\x93R\xe3\x89\x84\
)\xefYK\xd8\xffD\x1e#\x0f]i\xb3\x18\xb56\
\xfaR\x97\xc4\x93\xd7\xeb\x18hH,\xc9\x178\x95`\
\xf0\xb6\xcd\xe5\xf6\x00\x09\x929Ay0\x8d\xb2\xd7\xc3\
\xc0\xb3\x88]_\xac\xd17\xb2\xae\xd0\xfd\xa5\x05\xa7\xe6\
\x1d\x87-\x00\xedb\xc6}\xc6\x84\x97\xa7\x9ci\xc7\x97\
\x91\x99\xd7y\xec\xb9\x0a*\xc0\xc9\x07\xe0\xf3\xf9\x18\xda\
w\x88\x8d[\xb6\xe2\x94\x9e\xde~\xfd\xe3vJ\xa4]\
c\xae9\x98\x97\xeb\xd8*\x0d\xef\xd4\xf2WP\xd9m\
\xd3&t\xd7\x89\xbe\x89<\x5cL\x11\xccX\xc4\xe6L\
|9\x9c\xda\xd3]\xbc\xacSM\xea\xb9\xe03y\xc2\
\xaf\xce:+\x95^F\xa6\x88oR9\x98&\x8c\x14\
\x98\xfce\xb4\xb0\xa4\x91\xcd\x1d\xb0\xa7J\x81\xc9F\xce\
\xf1\x91\x90&~P\xadM3&\xc1\xbf\x9b\xa0w\xca\
v\x8f\xfe\x0c\x89\x08uv\xe5y\x0e\xadI\x87\xcf\xe7\
c\xdf\x81'Y\xbf\xc9=I3\x18\xb0A'\x8a\x9d\
\xb4k\x0c\xf4\x8f\x80\x0d\x0f\xeev\xfc\xed\xe2\xb7\xd5:\
\xd1T\xbaa\xb3\x16\xf1\xd1zJ\xd9\x14d\xae\xcaw\
\xad\xb2\x0d-`<G\xf7k\xae-\x9e~\x9e\x92\x7f\
\xdd-\xd3-\x02\xbc\x1b!\x89\x80\x82\xbd\xbe/*\x0d\
!\x1a\xbe\xe1\x0b9\x0a,\xd2\x11\xe8v\x86\xd8\xb1\x19\
g_\xb7_\x01>Oyb\xd2\xf7\xa3\x95\x06\xeb\xea\
\xea\xe1\xc9\xe7^\xa4\xb7\xb7\xb7\xe2\xee\xfd\x01?\xb1X\
'\x89\xc4,\xc0\x12\xa4:\xf0%\x1c`\x8f\x7fv\xd8\
\xa8\x991\xa7\xe4\x11\xd0\xf0\x96\xf6\xaek\xf8\x07\xc55\
\x8a\xa5\xa7\xeb\x98gG\x5c\xd7\xbb\x81T\x80\x99.\xbc\
\x8f\x14\x8e\xfb,\xf0\x1e\x00\xa6\xf3\xf5g\xcf\xd5#\x16\
p:I\xff\xb5\xb4\xb3\xde\xdcOS\x0a\xc1t\x0b\xa6\
Q\x91s?\x8a\x04p\x00\x90\x0b\x1a\x92?\xd0\x13(\
\xed\x7f\xb1a\xa7\x95\xe7\xe4u_\xcd\x0e\xce\xd7R\xc4\
_+\xeb\xeb\xf6s\xc0\xdfS\xee\x0e\xfd\x09\xe0]j\
\xa5X\xac\x93w\xbc\xfb}\x84#\xd5\xdbo\xf9\x0c\x1f\
\x81PHr\xe7Dz\xf0\x1cq\xb7p7\xba\xd5\x1a\
^\x01_\x0b\xbe1qV\xb6\xa8)v\x13 \x81\x84\
\x98\x8eSj\x90h!\xe7\x1eA+\xed\xc4\x8c\xdbl\
\xa2\x16qW\xe3\x5c\xd4:9\x0b\x8e&\x9c\xf9\xd1)\
\xe0\xc7\x81/\xe3n\xaf\xab\xc8\xb9\xdd\x85\xf5\x8a\xad\x99\
\x931\x1f\x89\xe7:\x17\xb6\x0f\xfbb\x1c`\x9a\x95\x8b\
I\x06N\xd8\x9c\xc1\xa3\x88f\x7f\x05w&~\x9bZ\
q\xfd\x86\xcd\xec\xda\xbb\x8fp\xb8v\xaf=\x7f @\
\xac\xb3\x93\xa9\x89\xa2Sj5\x92\xda\xac\x03\xbe~i\
\xf3=i\x95:tN\xe9\x8b%B\x82Y\xc8\xe6\xad\
\xfa\x8ed\x8f(\x8b!1\xfa*\x0fY\x01>X8\
\xd6Xq\xcd\x8c\x06\xf8V\x96\xbcz\x90%x*\xe9\
\xb4\x05\xaf\x22\xf6\xfaQJ\xf6\xba\xaa\xc1\xa7\x93sO\
#\x9a}\xad\xdapdC\x04vFZ\x9b\xc3\xee\x94\
y\x05\xb3\xc5\x82\x97\xae\x9e3e@\xbenc\xe2/\
#\xca\x22\x89\x9d\x89?\x80\xe42\x14\x95\xc5\xd6\x1d\xbb\
\xd8=\xb4\xdf\xf3a\x0d\xc3 \x12\xb6q.\x03\xd8\x03\
ot-\xbfh\x98\xfavi\xf8\x09\xf5e8k\x92\
\xcdZR\xac\xa2q\x99\xd3^*QYA\xfa\xbaZ\
)2\x93w\xefk\xa7\x9f\xa9W\x8d\xae\xe4f\x86\xc1\
c\xb3\xce\x09\xcao\x03\x9f\xc6^\xb4P\xb7\xd7U0\
\xcd\xbb\x900Y\x03\x04\x13\xa3\x9b;`\xb7\x9b\x06\xa9\
\x03\xa1\x8b.\x00\xa7Y\xa47y\xfc\x8c\x09\xff8E\
|\xb4\xac\xa0\xc8/\x22\x8aB\x0ftz\x0a\x09\x93\x0d\
\x80\x00w\xdb\xce\xdd\xec\xdc5T\xf7a;;\xbb\xf4\
\x8f\xabh6\x89f\x1e\xa4)\xc0W\xa8og!\x1a\
\x19\x80\xf0\x1c\xcc\xe6\xeb\x9fV\xcf\xc4|t%\x8a\x1a\
{Ya\x9fz\xa1\x01\xf5*\x9a\x0f\xd2\xd7\xae\x85r\
)\xcd\xc0\xb9\xa4\x0e\xf6$\xd2\xa5\xf5\x7fS=\x98F\
\x07; \xf6\xfa\xc4\xbe\xa84\x84\xa8&\x0d?\xfb\x0b\
\xf9l5;X5\xb1\xdeX\x8e\xe0\xeb\xd3\xce\xd9\xd7\
\x1f\x03\xff\x9dR\x13\x13\x90g\xfd\x102+\x03 \x18\
\x0cs\xf0\xa9\xa7Y\xb1r5\x8dHwo\x8f\xfeq\
\x03\xee\x80_T\xa0o\x97\x86O!#\xec\x96bA\
\xcbN\xa8\x87\xb8Kw\xfau\xc0\xafF\x5c}~\xec\
n.\x05\xb2\xe6\xce\xdeyKf\xf3p2E|\xd8\
F\xfb_A4\x83J|\xa9\x14L\xb3\x1bG\xe4\x5c\
:\xeac\xe6\xe9.\xe8mgp@\x83#E#\xb3\
\x9e\xc5\x22\xd7\xd3\xf4\x1f.\x8bn\xfc%d@v\xba\
\xdd\xfe)R[\x00\x80\x8e\x8e(\xcf\xbe\xf0\x12=}\
\x12.\x22?\xb1\xbe\x1f\xea\x98\xd2\xf7S\x02\xbb\xcd\x8e\
wg\xea\x17\xe6\xa2\xb6\x92\xd2v2\xf5\x97Q\xd1J\
IK+.\xedQ\xc2\xb6\x8b1\x80\xd8\xc3zI\x0d\
E\xda\x85\x10\xe6\xbe\x1b(\x04\xfa\xd4\x0b,\xed\xe2O\
\xe5\x88\xbd\x9ep\xbas. \xae\xb4S\xd8\xedu\xb0\
\xdb\xeb\x1d\xb8\x81\xfd\xf9.\x88\xf9\x16/p\x1eEy\
+E\xfc\xb0\xad\x9al\x1a\x99}9c\xe2\x95\xdb\xed\
\x9b\xd4\x8a\xa1H\x84\x17\xde\xf9\x1e:\xbb\xbb\xed\xfb\xac\
\xf3\xfe\xf4\xf6\xdb\x82o6\xe1\xee\x87_T\x018\xed\
\xd2\xf0&\xe26\x13\xa9\xb7\xbe\x1d@\xa7\x0d\xb4k\x11\
\xf2\xceO\xa9Xf\x14\x89\xe6\x1bD\xa6\xf5r\xf7f\
4\xc0\xd7S\xf2\xca\x02\x86\xb3\xf4\x1d\x9d-5\xa9\x14\
\xf94\xf0[\xd8k\x99\xa9\x15\xf4`\x9a\xbdH\x03\xc7\
\x22\xeb;\xb2&\x0c\xbb\x22\x95\xdc\x8c\xed\x97\xf9\x1e`\
\x9a:\x9e\xc7\x8d\xf3\x16\x9cI2p!\xa9/}\x0b\
\xb1\xd7U\x0e\xbb\x02\xfb6\x84\x9c+\xde\x93e\xcbW\
\xb1\xff\xe0\x93t\xc4\xa2\x8d\x9eh%1\x102\xf0e\
\x9a\xb5\xe3\x1fA\x96>\x8f\x84-\x8aL5\x0d\xf8u\
\xc0\xd7\x22\x00\xefC\x08\x92\x0d\xe5\x1bQjLQ\xed\
L\x9d\x17\xd4\x02N$\x88\xdf\xc88\x97\xfe\x18\xe2\xbb\
\xd5\xc99\xb5\x07g0\xcd\x8f\xa3\xb5\xd0\x1c\xd9\x11\x81\
m\x1e\x22\xe7j\x9e\x5c=\xab.$q7\x0f\xc4\xdf\
\x9c\x0a\x93-#\xe7\xfe%\xe5\xc5?\xb7!%\xbf\x8b\
jx\xed\x86\x8d\x1c|\xe2\x99&\xce\xb1\x5c6o\xd9\
\xc1\x95\xcb\xc5G\xfd\xa3\x88\xfb\xcf9\xad\xaf\x8f\xa9_\
\xe4\x1a^\x89\x13\xf47\xd5\x17\x91\xd9\x1ad\x9a\xdb\x0f\
\xb4s[;\xd0|\xd8U\xa5R#\xcbJ\x92\xb1\xe0\
\xcd$\xf1{6{\xfd>\xd2\xf6\xf7\x0d\xca\x93_\xf4\
`\x9a\x08\xf0!\xb4|i\xcb\x80\xd1]\x1d\xb0\xb9\xb6\
/\xb7\xa2,\xc6\xa9\x7f\xdb\x03p\x5c\x16\xea\x8b\xd2&\
|\xa9\x8c\x89\xbf\x84h\xf6\x0cv\x13k?\xc2\xb7\xf4\
\x80\x84\xc9n\xde\xb6\x93]{\xf66zr\x15e\xeb\
\xf6\x9d:\xe0\xf7PN\xdc\xb5\xecX\xad\x90vix\
\x13\xad\xd7\x5c4m\x916\x0d\xf0\xa9U<Lq\xfd\
F\xd5x\x1d\xa9Q\x0f\xa9\xa0A&\xe6\x97\x0e\xa9A\
`i\x1d\xf5\xde&sB\xce\x8d\xdb\x18\xde?A*\
\xef\x8e\xe3n\xaf\xab`\x1a\x95\xc3\xfe\xcf\xd5\x86\xc9\x98\
\x8f\xc4\xfeX{\xa3\xfd\xda!\x8bq\x80\xd1e4G\
\xf8\xf5ig\xde\xc2\xaf \xa5\xa5\xf4\x82\x15>$&\
\xfe\xa7\x10>\x05\xc30x\xf6\xc5\x97X\xb2ty\xcd\
\xc3X\xc8\xf3\x96H&\x98\x9a\x1cgbt\x94\xf8\xb2\
\xe5,Y\xba\xac\xe26\xe1\x0e\xdb\xc0\xdeO\x05_|\
]!\xb6\xc5\x93\xf1\xbc\xb6gi\xfa\xc9t\xb8\xe6t\
\xe0'($\xd1\xf8\xf3\x960\xdf\xf5$\xd1\x04\x0d\xa6\
:\xa5\xfdT.\x5ch<\x113\xc4\x1e\x8e\x18\xd2\x8b\
.ThFa\x00\xd4\x0a\xfcp\x5c\xc1\xab\x19\x06\xce\
$\xf1\xd9-\x80\xdfD\xdc9\xaa*\x8d\xf3aR\xf6\
\xbab\xe2\x8b9\x93\x13\xdd~rO\xc7\xa4~\xfeb\
\x92\xba\x1e\x9c\x16<e\xad~P\xaf\xa7\x19x\xa3\xac\
`\xc5\x7fEJG\xebL\xbc\x0f\xf8v\xa4+\x0f \
n\xb7\xa7\x9f\x7f\x81\xf8\x92\xa55\x0f\x93\xcdf\x99\x9d\
\x9e\xe6\xf6\xad\x1b\xdc\xbaq\x8dLF\xe6\xa4\xbe@\xa0\
*\xe0Ab\xefgf\xa6(\x9c\xc3:\xa4\xbf\xc0\xa2\
\xf4\xc5\xb7Z\xc3+\xb0+\xdf\xf4%T\xd6\xdcT\x9d\
Ysa\x1f\xd9g\xa2\x02h\xb7\x96\xc7n\x97\xd1\xed\
as\x9bP\x9cO\x11\xbfh32\xb2\x08\xc3\xfb\xa7\
T\xb6\xd7\x15\xd8\xfbp\x80}dE\x08\x86\x22\x85>\
\xec5\x9e\xf8\x9a\x80h\x83O\xfb\x91\x11\xed\x07Y\xc0\
\x95\x14\xf1c6&^\xc5A\xfc\x03vr\xce\x8f\x94\
\xa2*V\xf8\x8dD\xa3<\xf5\xcc\x8b\x0c\x0c\x0cT\xbd\
N\x13cc\xdc\xbeu\x83\xe1\xfbwI\xcc\xce`\x9a\
v\x0d\x90\x9c\xad^\xb3\xc90\x0c\x22\x1d\x11\x05x\x10\
\x12\xd9\xd5=W\x97<\x226\xbc\xb3\x82\xedi\x84l\
\x83\xe1\x1c\xac\xae\xe3p\x06\x10\xac\x078\x1e\x9e\xfe\x99\
<\x5cJ\x13\xbfm\xb3\xd7/\x22\x012o\xe2\x9e\xfc\
\xe2$\xe7~\x84B\xf7\x17\xcb\x80\xd1\x1d\x11\xd8\x14\x99\
\x97b\xbb\x8b_Z4\x02\xe5-\xf8rY5\xd9+\
\x88\x8f\xfd,\xf60\xd9mH\x07\xdd\xedj\xc5e\xcb\
Wq\xe8\xe9g\x09\x06\x83\xaeg\x94\x9cMp\xf7\xce\
-\x86\x1f\xdcg\xec\xe10\xf9|e\xdeg\xf8\xfe]\
r\xd9l\xb1\xd2\x8d\x9bt\xf7\xf41\xf2\xb0\x98/\xb6\
\x11)?\xbe(]s\xed\xd2\xf0\xeauX\xad`\xaf\
oWo\xc9\xab\x16T\xb4\x18\xcb\xd3\xf7z\x99\xcb\xed\
e$\xce]\xef\x00\xea\x16L\xd3\x81\x0c\x5c?\xa3o\
<:\xd4\x01\xeb\xb5\xee/m'\xb6\xda\xba\xe1\xfc\xee\
\xba\xd2\xbe2\xae\xe4\xdcy\xe0_S\x1a\x8c\xd5@\x1c\
Cr\xd8\x8b\xa1r\xcbV\xac\xe2\xe9\xe7^\xd4\x8bL\
\x02\x90J$\x98\x9a\x9c\xe0\xde\xbd\xdb\xdc\xbf{\x97t\
\xda\x16s\xaf\xcbU\xe0\x0f\x90\xea\xb5\x83\xa9T\x92\xf1\
\xf1\xb1\xaa\xd3zG\x88\xed\xfb\x90JGN\xed^\x81\
\xa9\x9f\xdfi\x9a7\xc0{\xcfvsN\xeb\x8b\xaa4\
\x98\xb7\xe4\x93\x97n\xc6\xad\x14\x0b\xb81G\xdf\xd9\x94\
\x13\xec\xbf\x8b\x94\xa1RM\x01urNo\xf3\x14\x01\
\xbe\x05\xf8\xf7j\xc3t\xd4\xc7\xcc\xee\x0eX\xd1`C\
\x88\xc58\x15_\x0c\xe74\x9d\xc3\xf7\xda\xac\xb3\xaf\xdb\
y\xc4f\xcf`\xcfW\xd8\x83\xb8BW\x82L\xadW\
\xaf\xdb\xc0\x81CO\xd9\xc0>;=\xc3\x85s'y\
8\xf2\x90L\xaa\x22\xc8\xdfBH\xc0k\x85\xcf\x11$\
\x03\xf2\xa3\x00\xa3#\x0f\xaa\x13w\xf6\xec\xba\xdd\xb4\x22\
\xf8\x06\xdarO\xda\xe9\x963\x11\x9b\x0b\x00\xc3D|\
\xe4\xa1\x064u=\x99X\xfaE\xcaYp*E\xfc\
\x8em\x0a?\x8bL\xcb\x95\xcb\xcdYIV\xb7\xd7w\
\xe3\xa897\xd3\xe5'\xfd|\xa73\x12pq\xcb\xa3\
\x10\x80s+C\xff\xeb\xaea\xb2\x9f\xa7<L\xf6\x03\
\xc8=,\x1e\xe5\x89g\x9eg\xe5\xaa5e\xbb\x1d\x1f\
\x1f\xe5\xf6\xad\x9be\xcb\x91`\xadO\x03\xaf#\xd9\x9d\
j\xff!\xe4\x998I\x01\xf0c##n\xdb\x17\xa5\
\xb3\xab\x0b\xbf\xdf\xaf\x9b\x06\x1d\x85}6G\xdc\xb5\xe1\
\x9e\xb5\xc4\xf2\x1c\xf9`\xa73\xdaN\x01\xbf8T\x1b\
\x96\xa5}\x9a\x07\xc9\x98\xf0F\xc2\x09\xf6\xebH\xe4\xd5\
\xab\x94:\x81Vj\xf3\xb4\x17\xa9oV\x22\xe7\x06\x02\
\xa4\x9f\x8by\x00\xbbw\xefK\xd3\xdb\xbb\xae\xda\xcc\xf1\
\x9b=\xf7\x06\xe4j\x9a\x81\xd7\xca\xc0\xfe\xffR\xeev\
\x0b\x02_\x8f\x98a\x06\x80\xdf\xef\xe7\xa9\xe7^t\x05\
;\xc0\xb2e+\xf4\x8f\xb3H%\xe1\xef\x07\xbe\x13\x09\
\xaa\x1aE\xc09S\xf8^\xbd\x9fP\x1b\x8d\x8c\x8ep\
\xf7\xce\xad\x8a\xa7\x1f\x0a\x850\x0c\x1b\x94\x82\x94kx\
\xa3\xae\xc6\x14\xd0\x96[\xd1j\x87\xb1S\xcb\xa7\x10\xa6\
~\xab\xcfD\x8aa\xb4\x92\xddr#\xee,C\xfc\xb6\
\xa7St\xdb\xbb\xbe|\x16\xf8u*\xdb\xeb:9\xf7\
\x1c\xa2A\xd6@a\x97\xeb\xc2\x92\xc3^\x8dHl\xb5\
,\x86iv;\xc5D\x98\xf8\xe36&\xfc\x06\x12!\
\xa7\xc2d\xa1\xe4\x12\xfd0RQ\x16\x80\x9e\xbe~\x0e\
=\xf1\x0c\xdd==\x15\x0f\x11\x8a\x84\x89D:\x94\xcd\
\xdeY\xd8\xff\x0dd\xb0OQz\x1e\xd4\xc3\xa9\x8c\xce\
I\xc4\x9e\xdfh\xe6\xb2\xdc\xbb}\x8b\xe5+V\xe1\xf3\
\x95?\xbf\xd1\xceN\x02\x01?\xb9\x5cQ\xa3E\xa8\x8b\
\xa5\x9f\xbf\x1b\xddjn\xd9\x8d\xbc{\xad\xf8\xad-\xa6\
\xde%\x04\xb6\x15#\xda\x954\x83\xaf\xcf:\xc1\xfe_\
\x11{]\x15\xd1pv~Q\x898Q$\xc9\xe2\x93\
\xe8`\x1f\x8a\xc2\xee\x0eo`_\x00\x05\xd92\xf1r\
\xee5\xd7\xf1x\x01\xf2\x96\xe4\xb0\xdb\xc1\xae\x8a\x80\x9e\
\xc1\x0e\xf6\xedH\xe1\xc9\x7f\xa3V\x1c\x18\x8c\xf3\xdc\xf3\
/\xd1U\x04{\xe5\xe3:\xaa\xce~Sa\xdf9d\
\xd0\x9fs\xbcg\xb5\xef?\xad6J&\x13X\x15\xda\
\xa0\xf9|>\xa7\x86\x0f\xb3H\xd3d\xbd\x03\xde\xaay\
\xbe\x96\xf6\xae\xdb\xf1\xa5rW\x159\x13/R#F\
\xde\xb4\xe0|\x86\xf8\xc5\xb4\xce/N\x22>\xf3\xdf\xa7\
4\x85WL/\xd8\xdb<E\x91\x14\xca\x9fT\x1bg\
\xc3\x06\xa3\x07b\xb0\xb6\x99\x02\x93\x8bD\x16\xd3@\x94\
1\xe1\x1f\xa6\x9c\x1dzN\x22A3\xbafW\xb3\xae\
\x1fFK\x80\x19\x18\x8c\xf3\xcc\x0b/\x11\x8a\x84\xf1\x22\
\xcb\x97\xdb4\xf3F\xa4q\x84\xd3\x04\x05\xfbU2(\
\x91xLNL\x90\x9c\xb5\xb5\x0f\xb3IOo\x9f\xfe\
q\x0b.SzO'\xeb\x94\x16\xdf\xb7vjx\x05\
\xfc\x1b\xeaK#Q\xd9\xdf\xd9\x94L\xe5\xe0\x8d$\x83\
Wm\xc14\xe7(\xb5\xfc\xd5\xedu\x9d\x9cSS\xf8\
\x18\xc2\xc2\xff\xb0\xdax\xb4/\xc0\xe4;\xba`e\xa3\
\xad\x99k\xdc\xa9V\xde\xc8\x96\x83\xb9\x05;\xac\xb4\x8b\
{st\xfd\xed$\xf11\x1b\xa1\xa3\xb4\xb7\xd3\xed\xb6\
\x1b\x89|\xdc\x06\xc2\xc4o\xdd\xb1\x8bg_|\x89@\
\xc0\xbb5\xda\x11\x8b\xd1?\xb0D_\xf4\x83\x94B`\
\x03\xda+\xe8\xf8\x9c\xa1P\x819\x9b\x9d\xe3\xfe\xbd;\
T\x12G4\xdf\x10\xee\x094\x0b\x1e\x803\x1fS\xfa\
\x22\xc5\x19M7\xf1 U\x9aa<\xc8\xd1\xf7Z\x92\
\xf8hN\xd7\xecg\x91.\xad'\x11\xb0\xeb5\xe2\x15\
\xd3\xab\xc8\xb9\xfd\x88\xdf\xf4[\xd4\xc6#\x03\x01\xacg\
cM\xa6\xb56{\xa7\xe6\x91\xf8k\xb9T8\xf6\xad\
\x0c\xf1/M\x11I\x96\x99[\x7fDy\x13\xc7\x17\x90\
\xa8\xbaba\xf8\xa1}\x87\xd8\xb1k\x08\xbf\xdf\x05\xec\
U~n0\x18d\xed\xfa\x0d\xba\xbbn\x07%\x97k\
\xb5W\x18\xe9\x03\x0f\xc0\xc3\x07\xf7+\x1e#Z\xdez\
\xaa\x8e$\x9a*\xd2\xe2\xdb\xd8\x8e,\x0f\xb7)}\x0a\
\xe8\x88\xa6L\x12\xb9\x1aG\xad\x87\xbf\xb8\x93e\xe0T\
Y<\xfcY$S*A\xc9.SO\x98z\x98\xd4\
\xcd\xde\x8fd\xc5\x95\xba\xbf\xac\x0d\xc2\xae\x0e\xef\xddZ\
+J\x8b\x88\x98\xc5H\xdc5rNo\xa5\x19\xb0\xdb\
\xeb\x0f)U\x93\xd5\xc3\x98\x83\xc0{\xd1L+\x9f\xcf\
\xc7\x9e\xfd\x87X\xbfaS\xc3'\xb6l\xf9J\x0c\xc3\
\xd0\xed\xf0\xee\xc2\x06~\xe49Q|N\x08\xe9\x06\xbb\
\x11\xf1\xf1\x17\x0bgL\x8c\x8fV<\xf2R{r\xce\
.JD\xb0\xc7i\xfd\xfc\xdc\xe8\xfa\x00_%\x00\xa7\
J\xeb)\xc5\xd6Kr\xb8\x0d\xf0\x0d\xb2\xf6\x19S\xec\
u\xbb\xcb\xed\x01\x02\xde\xd7\xb0\x13sz%Y\x1d\xec\
\xefC\xdc;}\xea\xa7\x8d\xee\x8b\xc2\xea*Sx\xaf\
\xa7\xeb\xf5\xde\xbd]\xc0\x5cM\xe6LI?\xbef#\
pn \x83\xf2%\xca\x99x[)\xaah4\xc6\xc1\
\xa7\x9ee``\xb0\xa9S\x0eG\xc2D\x22\x11\x92\xc9\
bh\xc8\x1e\xa4\x82Q\xa8p\x0e\x83\x08Q\xfb/\xd0\
f\x15\xbad2\x19\xee\xdd\xbd\xedZ\x03/\x14\xb6\xf1\
\x09=\xd85|\x8drW\xf3'\xed\xd2\xf0N-\x7f\
\x15U\x88`\xc6ln\xaa\x9c6\xf1\x1dI20e\
\x9b\x16^A\x1a\x0d\x9c\xa0d\xab;3\xa9\xf42T\
\xdf\x8d\xd8\xf7\x80\xa4\xda\x8e\x1d\x8c\xc2\xf2yNk\x9d\
o\xb0\xcf\xeb\x00S\x88\xbbxe\x86\xf8C\xdb\xc0\xac\
r\xd8/b'O\xb7!\x1cJ\xb1\xeeAWw/\
\xcf<\xf7\x22\xd1\x98\xea\xb7\xd7\xdc\x0fX\xb5f=\x97\
/\x9eS\x1f\xdf\x83p7\x1fA\xeb\x12\xeb&\xc1`\
\x98X4J\xb4\xab\xcbY\xc7\xce\xbe^8L6S\
\x8c\xff\xef\xa5<\xf8f\xc1\x87\xf7v\x02^\x0f\xb1=\
\x8dT\x0c\x85\x89\x1c\xc4\x1b\x8c\xaf\x1d\xcb\x119\x95\xd2\
\x8b[\x82L\xe1\x7f\x0eq\xe5TJ~QL|\x07\
\x12#\xfd\xddj\xe3\x99\x98\x8f\xf4\xbe(\x0c\xb4#\xad\
\xb5\xc6\x03Z\xf3\xf9\xad\xe3\x01o9\x98\x9b\xdca\xc6\
\xc2\xf7\xa5ig\x98\xec\x9f\x03\xbfF\xc9\xcc\xd2\x93\x93\
>\x86\x96\x00\xb3t\xd9J\xf6\x1f|\xd2\x99o\xde\x94\
\xac[\xbfQ\x07\xfc\xf3\x85W\x99\x18~?]\x9d]\
ttD\xe9\x1b\x18d\xcd\xba\x0dtuu\x95\xc5\xe7\
;\xa5\xbfo\x80\x07\xc3E\xa7\xd4v\xe0.\xcdf\xcd\
\xb5X\xda\x11x\xa3\xde+\xb8\xe6\x1a\x9c\xcd\x5c\xca\x10\
\xbf\x92q.\xfdOH4V\xad\xe4\x17\x15&\xfb3\
h\xd3\xb5\x91%A8P\xc9\xbf\xbe\x18\xe7\xdb\x8f\x88\
\xdc\x9d\xa3\xeb\xf8,\x91\xa4m`\xfe5\xa4\x91\xa3N\
\xce\xf9\x81}H\xb6\xdbz\x10&~\xd3\x96\x1d\xec\xd8\
\xbd\xa7\x080\xcfw\xa2\xc6\x8a\xb1\xae.\xfc\xfe \xf9\
|y\xc8gG,FgW\x0f]\xb1N\xd6\xac\xdf\
HOo\xaf4\x8c\xac\x01r]\xa2\xf6:y\xcbp\
'\xee*$\xd1\xcc\x8f\xcc\x97\x86/\x0e\xab\x91\x89<\
\xe9Z\xc98\xfa\x8d\xcb[p>\xcd\xe0-\xdbM\x9a\
B\x1a7\xfe\x1f\xdc\x93_\xd4\x14^\xb9\xdd\x9e@l\
\xc6\xa2\xefddy\x10\x0eF\xdb\x87\xe9V\x8e\x17\x0d\
\xef\xab\xc1\x0d\xbdlVi\x9d\xeb\x19g5Y\x90\xc8\
\xb9\xbf\xa4\xdcSr\x08a\xe9\x8b{\xda\xb6s7[\
\xb7\xefrn_\xc7)W>y\xc30\x88/Y\xca\
\xf0\xfd;D\x22\x1dt\xf7\xf4\xd1\xd9\xd9I|\xd92\
\x96,YF0\x14r\xd1\xe2\xde\xaf\xe1\xc0\xe0R\xae\
_}K}\x1cB\xaa'\xd51\xa5o\xbf\x92\xa9\x1f\
\xf0\xb53\xe7\xdcl\xf8\xeb\xea\xcb\xf2f\x11U\x98\xb0\
D\x81\x9c{`\x03\xfb9\x84l\xbbE\xe5\xe4\x17E\
\xceu\x00\xef@j\xce\x15\xe3/G\xf6G\xc5\xbf\xde\
\xc8\xb5mqt\xf0\xdbj\x22q%\xcd\xc0\x9beL\
\xfc/!\xf9\xe1N&\xfey\xc4\x14\x03 \x10\x08\xb2\
c\xd7\x10\x1b6\xbb\xb7g\x06\xb5us\x17l\xc7\xce\
\xdd\xc4\x97\xc4Y\xbdf=\x1dEn\xa0\x8a\xd4q\xb8\
\x8e\xa8\xcd\xbe\xdfG\x89\xa9\xb7\xf9\xe3\x17\x92\xb8k\x17\
K\xe5\xd4\xf0Y\xc4\x1f.s\x9e\x9c%\xb7\xbc\x9a\xdc\
\xcf\xd1w\xba,\xa5\xf5,\xa2\xd9o`'\xe7\xd4J\
N{\xfd{\x81\xffKm\x9c\xf7\x1b\x8c\x1f\x8c\xc2\xd2\
G\xac\xe6\x5c+\xa5\x1d\x03\x8cb\xe2\xaf\xdb\x86\xf2\xb7\
\x900YE\xce)3+\x88\xd4\x16(\xa6\x1b\x07\xc3\
a^x\xe1]\x8e0\xd9\xf6\x8c\x82\xbd\x03\x03\xf4\x0d\
\x0ex\xda\x7f\xbdg\xd1\xdd\xddK$\x1a%-\x9e\x80\
e\x85\xd7,\x8b\xa8\xdcUK\x03o\x1cYsz\xe5\
\x9b\x1cZ\xc4\x1dv\xd2\xcd.\x16pk\x8e\xf8\xf1\xa4\
\x13\xec\x9f\x02\xfe\x19R\x99F\x05\xd38\x835\x94V\
\x8f\x22\x91[E\xb0\xcfE|\x8c?\x15\xab\x0cv\xd7\
\xf1v1\xc4\xa3\xd6q\x0e-\xff\x0d\x1e\xb6\xcdY\xc2\
\xc4\xdb\xc1~\x09\x99\xc6_\xa0\xbcN\xfc\x7fC\x03{\
$\x1a\xe5\x85\x17\xdfC\xa7\x02{\x85C\xb6\xf4N\xb4\
\xe9\xb6vD\xa3t\xc6l\x018+hE\xb9\xab\x16\
\xca|hx\x95\x88\xf0\x00\xe5r\xa9\x14q7g\xc1\
\x89\x14\xf11[u\xd2[H\xd7\x97\xd7)/.\xe9\
$\xe7\x22\x88\xed\xf4\x13h\xee\x9d\x91\xa5A\xd8\xd7\xd1\
\xden\xad\x15\xe5m\x1c\x803\x9a#xt\xd6\xd9\xd7\
MU\xfd\x9d\xa3<\x8c\xf9ch\xf7\xa5\xaf\xaf\x9f\x03\
O<C\xac\xcbV1\xa69\xf1<\xed\xaf\xe7\x82z\
_7\x16\xebdt\xe4\xa1\xfa\xb8\x9a\xba\x8ba\xb4\xf7\
F7\xa6\xe1\xbd%\xd2(\xed\xae\xa6\xf4W\x8b\xdf\xce\
\x9a\xe5\xfb\x98\xcd\x13~=\xe9\x04\xfbY\xe0\xdb\x10\x1b\
0\x81=\xf9E\x9f\x22*\xcd~\x10\x89\xde*\x81}\
U\x08\x0e\xb6\x18\xec^\xfbj,\x86\x09B\xa3R\xeb\
\xdcog\x18\xf8\xe2\xa4\x13\xec\xbf\x8cd\x1a\xea\x09J\
\x01\xa4#\xcb\xff@\xbb/k\xd6o\xe0\xf9\x97\xde[\
?\xd8\xad\xca'\xd7\xb6\xcb]\xc7\x8e\x07\xe3m\x8a\xa9\
o\x91\xcc\x17K\x9fE#\xeeH:\xae\xe0\xdd,\x9d\
\x173t\xd8[R\x9dAH\x9dIJ\xfeu7{\
]\xc5\xc4?\x87\x14M\xe8\x80B\xe4\xdc\xda0\xeci\
\x9d\x1f\xf7m#u)\x11\x97\x95o\x941\xf1i$\
\x98\xe6o(g\xe2w\x22\xb6|\xd1g\xb5~\xc3f\
\xf6\xec?P\xcfI,\x98X\x80\x99\xcf33=\xcd\
\xe8\xd8\x08\xb3SS\xec\x1a\xdaW\xb1\xa8\xa5\xa3\x85\xd5\
\x12\xca\xfb\xcd-\xa8\xcc\xd7\x94>\x8b\xd8u\x00\x18\xb3\
y\xac\xbc%\x8d).\xcc\x11\xbfQ\xe6\x17\xfd\x09\xe4\
\xe1Q.7\x9d\x9cS\x0f\x92\xae\xd9\xbf\x0e\xa9N\x13\
\x80B\xe4\xdc\x13\xd1E\xd4\x10\xe2Q\x0e\xc0\xd1\xc4\xb4\
\xe0L\x8a\x81\xcb\xb60\xd9[\xc8\xc0|\x8e\xf2\x1a\x03\
\x87\x10wh\x14 \x10\x0c1\xb4\xf7\x00\xab\xd6\xacu\
=\xd9\xf9\xb2Z\xbc\xcc\xfa-\xcb\x22\x93N3:\xfa\
\x90K\x17\xce1=9\x81i\x9a\x84\x22\x116m\xdb\
Ag\x05\xc0\x0f\x0c\xc4\xf5\x8f\xbb\xb0\x83}\xc1\xc9\xbb\
v\x22B\x9f\xd2\xe7\x80\xa3\xea\x8b\x81\xc9<\xa3s\x05\
\xb0\x0f\xdb\xc0~\x0fyx^\xc6^\x94@\xb7\xd7\x95\
=\x18F\xe2\xa1\x7f\x12\x09\xaa\x01$\x87}\xf2\x89\x0e\
\xe8-\xfc\xb4\xa6M\xb5V<\x86\x0b=\xb0\xb7\xe07\
d-xu\xc6\x99\xc3~\x05!F\xd3\x94\x9bY\xdf\
\x8e\xc4\xa5\x03\xe2\x03\x7f\xea\xd9\x17\xaa\xc6\xc4\xdbO\xb7\
\xfc\x9c[\x15\x80SML\xd3\xe4\xc6\xf5k\xdc\xbds\
\x8b\x99\xc9\x09\xd2\xe9\x94\xad\xf0E>\x9b%\x95\x9c\xa5\
\xd3\x9e\x1dW\x94`\xc8\x16E\xda\x89\xfb\x94~\xc1b\
\xea\xe7K\xc3\xab\xcb\x7f\x0c8hX\xe0;\x91v\xc6\
\xc3\xff\x09\xd2\x22H\x91|j\xa0P\xf3|'9\xd7\
\x85h\xf5b\x94\xc6d\x97\x9f\xec\xfeH}\x0d/\xda\
--\xf0\x1d\xdb\xf7\xd5\xfcn\xea\x96\x9c\x05_\x9av\
\xe6\xb0_B\x82fR\xd8\xab\xfdnE\xc8\xb9b-\
\xc0`8\xcc\x93O?O\xbf\x0e\xf66\xfd\x16/\x01\
8\xce\xb5M\xd3d\xf8\xde]\x86\xef\xdfcjb\x8c\
\xf1\xf1\xb1\x8a[\xe4\xf3y._\xb8\xc0`|i\xc5\
P\xdbP$\xc2\x5c\xba\xe8\xb5\x18\xa0\xee\x98\xfa\xf6\xdd\
\xe8\xc6\x01_!\x00\xa7\x905\xa7\xc2\x07\x95kN1\
;?\x85\x14\xa4p\x82\xfd\x97\x90\x12Tz\xd7\x1a\xa5\
\xd5\xf5\xe4\x17\xdd^\xffq\xb4z\xe4#kB\xb0;\
R\xe8_7\x0f\xf2\xd5\x10\x80c\x01c9\x82\xc7\x12\
Nr\xeeSH\x0e{%&\xbe\x08\xf6\xa5\xcbV\xb0\
g\xff!:::\x8a\xbbl\xfag\xb6`'V>\
\xcf\xd8\xc4\x18SSS\xdc\xbfs\x87\x07\xc3w\xab\xad\
~\x05QH?\x09p\xff\xdem\xa6''\xe9\xe9\xeb\
s]yI|)wn\xdfT\x1f\xf7\x22fO\x99\
\x96_\x08i\xb7\x86\xb7(\x8d\xfe \xd5b\x7f\x00\xd1\
\x0ca\xc4>\xff1\xe4\xe1\xd1\xb7Q\xa2\xa6\xf0\xba\xbd\
\xfe428\x14\xcf}dC\x08vDjE\x00>\
\x16]\xbc\x80\xe6\xd6\x1c\x83\x87g\x9c\x97\xf5\x17\xb1W\
\x93\x05\xb9\x17{\x90l\xb7b\xd2\xfa\xb2\xe5\xab8\xf8\
\xd4\xd3\xae\x85\x1f\x9b\x97\xc6Q?:\xf2\x90\xf3gN\
2>6Z\xd6Z\xaa s\xc83v\x14\x09\xe3V\
\xc1\x5c_\x04^\x02\x18\x1d\x1b\xad\x08\xf8X\xd46\xdd\
_K\xb9\x1d\x0f\x0b\x14S\xdfN\x1b^ix\xfd\xb3\
\x0fi\x00\xf1\xfbH\xf1\x89\x93\xd8\x7f\xb8\xba\x83\x0a\xe8\
Nr\xee\xbdH[(\xa0`\xaf\xef\xee\x80\xe5~\xca\
\xaf\x9d\xa6\x82\xdb\xe3r\xadS\x9a\xddq\xb3\xc4]\x1d\
\xdb\x9b\xc0\xb54\xf1\x13\xb6\x1an\x09d&\xf6\xb7\x94\
L-efmC\xcc\xab\x95j\xe5U\xab\xd7\xb0w\
\xff\x93\x1e\xc0^\x8d\xb8k\xcf\xcd\x98\x1c\x1f\xd7}\xe5\
\xba\xfc\x0f\xc4\xec<Mi\xf6\xa2f.s\x88\x9b\xf8\
%\x80\x89\xd1\x87\xb0\xc9=\x0c8\xbe|\x19\x97.\x15\
\xd3G*\xb9\xe6\x16D\xda\x0dx(\x81^\x0d\x00j\
\x94;\x82=\x83H-W/\xdd^\xef@f\x02\xc5\
\xea#\xb9\xa0\xc1\xe4S\xd1y\xb2\xd7\x17\xd1|\xbb\xdd\
\xa7b\x01_\x99!>l#\xe7nR\x99\x89\x7f7\
\xf0o)\xe4*\xf8\xfd~v\xee\xde\xc7\xba\x0d\x1b\x9b\
;\xdf\x0a\xdb\xb5\x82\xb8[\xbej5\xa7O\x1eS\x1f\
\xc7\x91&\xa2/#5\xeag)\x05x)\xc0\x87\x91\
\x99j\xb1V\xfd\xc3\x07\xc3\xa4\x92I:\xa267\x1c\
\x00\xb1\xcen\xfd\xe3*\x16\x91\x1f\xbe-h)\x84\xd8\
\x82{\x98\xad\x22\xe3\xd4\xff\xea;\xa0\x982\xa9\xb4z\
\x14\xb1\x81~\x17\x0d\xec\x89\xa8\x8f\x89\xe7\xe6\x0b\xecU\
\xe4\xed\x16\x80\x931\xe1\xe5i'\xd8\xcf \xf5\x03T\
5Y\x9d\x89\xff\x10\x8e\xc4\xa4\xfd\x87\x9ef\xed\x86\x8d\
U\x7f\xb2U\xf6Ok\xc5r\xf9O\x97X,F \
Pt\xab\xf5#6\xf6\x14\x02\xf4\xa4\xf6Ji\xaf4\
Z\x9aw*\x93fzz\xd2u\xffA\x7f@\x9f\xd9\
\xacB\x94\x96\xd3-\xe7\x81\xb8k\xbd4\x87\x98*\x11\
w\x15@\xaf\x83\xdf\x09t\xa7V\x8f\x22%\x87\xec\xdd\
_\xd6\x06I\xbe\x10\x83\xceE\xc4\xc4\xbf\x1dd6/\
\x9a}\xc4\xc6\xc4\xff\x06\xc2\xb9\xa4(\x81]Mq\xbf\
\x15\xc9Z\x04\xa0\xb3\xb3\x9b\xa7\x9f\x7f\x07\xcbV\xacd\
^\xa4J\xc4\x9d\x17Yg\xaf\x8f\xb7\x9d\xca5\xea\xf5\
:\xf5\xa5\x91\xd04\xc9\xa4\xca\xea3\x00\xe0\x0b\xf8\x89\
\xda\xed\xf8e\xb8L\xe7\xeb\xeeD\xd3\x02i+j\x5c\
@\xef\xbcC:\xd0u[=\x86\xd4\x9c\xfb\x1c\x85p\
L\xcb\x80\x91\x8d!i\x08\x11X$\xd3\xeb\xba\xa5\xc6\
\x03:\xdf3\x01u\xbc\xbbs\xf4\xff\x9f)gX\xf3\
\xaf!\x5cK\x06\xbb\xdb-\x04\xfc\x10\xd2\xae\x09\x80\xde\
\x9e>\x9e{\xe7\xbb\x19\x8c\xdbJAW8X\xa3'\
\xd9Z\x89\xdb\x9bC\xbe@I!9\x9fY%\x06r\
\x1d.\x81\x04\xe6\x0c\xdf\xbf\xe3\xda\x9c\xc2\xe7\xf3\x11\x0c\
\xdb\xfc\xf1=,\x92i}\xdb\xd5\xa4\x06z]t\xa0\
;m\xf5\x18Ro\xec\x13H]0\x00F\xb7\x84a\
\xbb\x16&[;\x9e\x1f\xdb\x9c\xbb\x9e\xe7\xc6u\xddV\
<x\xcd\xde\xe3:\xce\xc1\xebo\xb8\x99a\xb0\xbc\xaf\
\xdb'\x80?\xc6\xeev\x0b \x01N\xbf\x01|\x83Z\
q0\xbe\x84\xa7\x9e{\x87T\x87iX,\xf7O\x15\
~\xae\xe7\xabPe\xc5\xceX'\xc1`\x11\x94k(\
\x15\x9e\xd4\xc9b\xf5\xd2\xeb\xd6\xffw\xb5\xd1\xdd;\xb7\
H$\xca\x9bS\x04\x02\x01b\xf6\xc0\x9c\x15\xd8\x81\xfe\
\xf6\xb2\xe1u)\xf8\xe4\xc1N\xcc9\x19x5\x85\xdf\
\x8b\xd4\x88\xff\x84\xda>\x11\xf51\xf2L\x0c6{\xeb\
2\xb2\xb8\xa5E\xda\xaa\x15\xbb1\x81\xb7\xd2\xc4\x0f\xcf\
\xean\xb7\xbb\x88\xe6\xfe\x0b\xecu\xe7\x94[\xeach\
\x05\x1f\xd7\xac]\xcf\x81'\x9f#\x18\xd2\xc3L]N\
\xce\x93A\xdf.\xa9`\xc7wv\xd2\xd7?\xa0/\xda\
N\xe5Z\xf5\x1d\x94\xea\xd4\xdfCl~\xf2\xf9<#\
\xc3\xee\xb5\xea\xc3A\xdb\xf3\xda\xed\xbaR\x83\xe7\xde\x8c\
4\x0f\xf8*\x9a\xd6\x01v'\xd0Ux\xac\xd2\xea\x9d\
\xc0\x7f@\x0b\x93Mv\xf8H>\x1d\x85\xfev\x14\x98\
l\x91<\x8a\xc4\x9db\xe2\xdf\xb4i\xa7k\x08\x01\xf7\
&%\x1f\xbb\x9a\x85=\x03\xfc\x01\xd2B\x09\x9f\xcf\xc7\
\xce\xa1}\xec\xd9\x7f\x88`\xb01\xcd\xde\x92\xcbQe\
'\xb5\xf6\xef\xf3\xfb\xe9\x1f\xb4\xc5\xbd\xefA\x94\x8ez\
\x16;\x91hN\xf5\xffr$\xeb\xef\xfd\x85\xe5\x00\xdc\
\xbb{\xdbu\xff\x8e\xd6S\x1bj\x9c\xce\xbcI\xdb\xdc\
r\x1a\xd8\xf5\x80\x03}j\xa4FS\xd5\xfd\xe5\xc7\xd1\
\xaa\x96\x8e\xac\x0e\xc1\xb6\x10\x84\x1f\x93s-\x95\x8c\x09\
\xaf\xcf:\xc9\xb9\x93\x88]\xee\x96z\xfc.\xa4\xf8g\
Q\xf6\xec=\xc8\xaa\xb5kk\x1e\xaa\xdc3\xd6\x0e\x9f\
b\xe3\xfb\xec\xeb\xef\xd7?\xbe\x1f\xe92\x13@\xaeC\
\x10\xa9\x81\xb8\x15!(\xd7\xb8\xed\xe3\xfe\xbd;<|\
0\xcc\x12;'\xe0L\xfb-/d\xbf@\xd2\x16\xc0\
\x17\xc0\xee\xf4\xad+w\x9bs\x1a\xff\x1e$;\xae8\
\xbf\x1a\xd9\x1c\x86\xad\xad\x9a\xc2\xb7:\x06\xb6Y\xa9\xf1\
\x80\xd6|~\x9b\x08\xc0\x19\xce\xd2},A8e\x9b\
\x96|\x0a\xf8C\xec9\xec\xea^}\x08i\x9b\x0d@\
$\xd2\xc1\x8e]{Y\xb1z\x15\xae\xd2\x14\x9e\xe7#\
\xe4\xc6.K\x97\xad\xa0\xab\xab\x87\x99\x99)\x90i\xf7\
{\x90\x00\xa3\x0f\x03\xeb\xaam\xdb\x11\x8b\xd1\xd3\xddK\
gW7\x91\x0e\x17_|\xd4V/o\x19%Rp\
A\xa5\xe5\x80w\x01\xbb\x22Bt\xb0\xab2T\x1fB\
JM\x03b\x1d\x8cn\x8f\xc0\x06\x8fu\xebk\x17\xd4\
t\xac\xcf\x22\xc8\x9c[ \xb9;\xc7\xc0\x1b\x09|\xa6\
\xedz\xfd\x0aR:\xda-&\xfe\xe3\x08\x00\x00\xa9\xe4\
\xf2\xccs\xef$\x1c\x89x\x18C]\xaeSS\x018\
M\xcc\x15\xaa\xac\xe8\xf3\xf9\xd8\xb4e\x1bo\x1e?\xac\
\x16}O\xa5\xdd\x84\xc3a\xba\xba{\xe8\xee\xeeep\
\xe9R\x96.].\xd7\xa2\x82tv\xdb\xcc\xf6\xb5\xd8\
\xf3C\x16\x0c\xf8-\x03\xbc\x07rN\xb7\xd9\xa3H\x0e\
\xfbO\xab\xed\x93\x1d>\x12C\x1d0\xb8\x88\xed\xf5f\
\xa5\x95\xe3E=\xfb\xba9\xc7\xe0Q\x1b97\x8a\x10\
\xa3\xaa\xaf\x9b\xce\xc4\xef\xc0\xd1\x14\xa2\xa7\xaf\x8fCO\
=O8\xe4>\xebj\xfag\xb5i\x1c-\xed\xb6\xf2\
\x01\x96\xafX\xc5\xc9\x93\xc7\xb0\xf2\xf6\xce\xc6\x81@\x90\
h\xac\x93\x9e\x9e\x1e\x96,]N|\xd9r\xa2\xd1(\
>\xc3(\xec\xaa\xee\x13v\x06\x99y\x94\xd6\x8e\x0d-\
\x01\xbc\x0b9\xe7\x06ve\xafG\x91\xa2\x08_\xa3\xb6\
\x9f\xec\xf2\x91=\xd4\x01\xd1G\x14\xec\x8b5s.k\
\xc1\xe9\x94\xb3\xc0\xe4m\xe4\xfa\x9f\xa1<&~\x19\x0e\
\xb0o\xdc\xbc\x8d\xcd\xdbv\xe0\xf7\xb9\xdd\x9b\xe6N\xb4\
%?\xb3\xc2\x0c\xc0\xab\x04\xc3!\xfa\xfb\xfa\x99\x18\x1f\
\xa3\xaf\x7f\x80pG\x07\x03\xfd\x83,[\xbe\x92Xg\
'~\x87\xbb\xd1\xcb\xe1L\xd3\xe4\xd4\x89c\xfa\xa2\x13\
\x94\x00_)&e^\xa4i\xc0\xc7\xffz\xa6\x12\xd8\
\xd5\x14^\x8f\x9c\xebE\xa6\x91\x07\xd4\xf6\x93]~\xb2\
Ow\xd4.[\xfdX\xea\x13\x13!\xe7\x1e\xda\xc8\xb9\
+H\xb9\xa9\xf3\x94\xc7\xc4?\x8f\x10\xa7\xbd \x05+\
\xb6l\xd9\xc1\xa6m\xdb\xa9K\x1c`\x98\x1f\xe2\xaeq\
\xf1\xfb\xfdl\xdf\xb1\x1b\xc3\xef#\xbedY\xcdvR\
^\xe4\xd4\x89c\x5c\xbdrQ_\xf49J\xe1\xe4\x0d\
h\xf9\xd6IS\x80/\x80]\x7f\xe9\x81\x0bj\x0a\xaf\
\xc0\xfen$\x14\xb3\xd4\xfdec\x086\x85\xda\x9b\xc2\
\x03|\xd5e\xce\xa5Mx#A|\xb4\xac\xaf\xdb\xaf\
\xe0\xce\xc4?\x81\x96\x85\x08\xb0e\xfbN6m\xda\xd6\
\xc496\x22\xd5\x88\xbb\xf6\x0d\x1dK\x96\xaf(\xcc\xd2\
\x9b\xdb[&\x93\xe1\xec\xc9\x13\x5c\xbfvE_\xfc\x87\
\x08\xfb\xaf\xe2\x1a\x16\xd4\x8eo\x18j\x0e\xb0\xeb\x19n\
:\xd8\xd5\x14\xfek\x91idQFv\x86a\x9dS\
\xad707\xae\x97\xb8kZ\x16\x91\x86r;\x95\xe1\
,\xdd\xc7\xcb\x98\xf8OR\x8a\x9cs2\xf1/!m\
\xb6\x01\x08wt\xb0o\xff\x13\xce\xdal\x15\x0fW\xf9\
\xbbV\x13w\x0dlW\xf7\xf6\x8dk\x83L&\xc3\x17\
\xff\xee\xafH\xcc\xda:\xef\xfc1R\xf4Eo]\xbe\
\xa0l}\xdd\x80wL\xe1\x9d\xe4\x9c3L6\x0a|\
3\x92\xda\x0a\x14\xc8\xb9\x1daX\xf6\x88\xda\xeb\x95\xa4\
\xd5\xbd\xe3\x1b\x91\xdbs\x0c\x1c-c\xe2\x7f\x09\xd1\xee\
J\xc3@\x89[\xf9!\xe0\x1b\xd5\x8a\xc1`\x88'\x9f\
y\x91.{3\x05w)\xfe\xde\xda?\xc8\xd3@\xd1\
\xccu\xa9bX{!\xee\x9a\x95T\x22\xc9\x97\xbe\xf8\
wN\xb0\xff\x01\xa2\xe4\xf4\x22\xac6\x0d?\xf2\xcf\x16\
yM\xbb*\xf6\xba\x1b\x13\xbf\x17)\x09T\xac97\
\xdd\xe9#\xf3tT\xd6r\x13\x0b0\x16\x9b\xdf\xfc\x11\
\x10\xd3\x82\xf3)\x06.\xa7\xf1\x95\x14\xfb\x03\x84\x89\x7f\
\x8d\xf2\x8e\xad\xdb\x90\xee/\xc5,\xc4\x8eX'O<\
\xfd,Q\xbb\xff\xb8E\x88|{\x89>\xbeL\x8e\x8f\
s\xf8\xf5W\x98\x9d\x9d\xd6W\xf9\x18R(D\x95W\
W\x83\xed\xa3\xa3\xe1k\x80=\x84]\xb3\xef\xc1\x91\xd6\
:\xda\xe7\xc7:\xd0Q\x19\xecE\xf9j\x01{\xb3\x01\
8\x05\xc9Zp$A\xfc\xbek\xc1\x0a\xc5\xc4\xab\xbd\
\xa9\x04\x98\x8fQ\x08\x93\x05X\xbdf\x1d\xdbw\x0f\xe1\
\xf7\xcb\xe3\xd0\xfe!w\xa1\xe6\xf65\xf6\x5c\xe7\xeeo\
]\xbf\xc6\xd1\xc3\xaf:3\xe6~\x04\xe9j\xacr\xe8\
\xd5t^yD\xca3\x85\xe6q\x1c\xf5\x04x\x0f\xe4\
\x9c\x0e\xf6!$\x98f\x03\x14\x82iV\x87`{\x1b\
\xc99Ov|+\x89\xbbV\xdc\xa5f\xb7\xb7\xe4'\
\xbdV\x16&{\x11\xd1\xecn\x05+\x0e\x22\xcd8\x8b\
s\xf6\xb5\xeb6\xb0s\xf7>\xb5\xc7\xd6H;\x22\xee\
*\xec\xb3-\xe6\xb9\x07\xb9u\xe3\x86\x13\xecY$\x17\
\xe4o\x90\xe2\x19\x0a\xecj:os\xc9-\xc4t\x1e\
\xbcA\xb0\x169\xa7\x83\xfd#\x08\x13_|\xa0Fw\
G`U\xb0\x0eb\xed\xabeJ\xdf\xe4\x138\x9e'\
x\x22\xe9\xac&\xfb\x9b\xc0g\xb13\xf1\x8a\x9c\xdb\x8b\
4x\x8c\x80D\x99m\xdf5\xc4\x9a5\xeb[v\xd6\
M\x13wm\xd7v^\x0eP}\x9d|.\xc7\x853\
\xa7\xf5\x9au\x00\x97\x11\xe2\xf3$\xa5\x0a9s\x94\x93\
u\x0b\x1e^[\x0d\xf0^\xc89\x1d\xec\xff\x14\xad\x02\
\x8ae\xc0\xe8\xde\x0eX\xe1V`\xf2m*\xad&\xee\
*\xad7\x9ce\xf0\xb5Y\xe7\x18\xfa+Hm6'\
\x13\x1fBb\xc3\x8b\x1d[\x03\xc1\x10\x07\x9f|\x9a\xde\
\xbe\xc1\xe6\xf0U\x07qWMZ\x17\x80\xd3\xc6\xfd\x17\
\xe4\xc8\xe1W\xb9w\xfb\x96\xbe\xe8-$\xb9\xe8$v\
\xb0;\x89\xba\x22\xd8\x17J\xbbCe\xc0W\xb3\xd7\x9d\
>\xf6\x0e\xc4n\xf9'j\xe3\xc9.?\xd9\xdd!\xe8\
k\x80\x89\x7fL\xdc\x95\xc4\xed)\xbd=\xc7\xc0\xb1\x84\
\x0ev\xd5\xd7\xed\xafpg\xe2\xffy\xe1\x05H\xa0\xc9\
\xa1\xa7\x9e-\xa4oV\x82B\xa5\xe8\x99\xc6\xa13?\
\x018\xed\x1bxL\xd3\xe4\xf0k\xafp\xef\x8e\x0d\xec\
\x7f\x83L\xe3\x13\x94Z\x98\xd7\xcf\xca\xcf\xa3\x1d\xef\x06\
\xf8j\xf6\xba\xce\xc4G\x80}\x089W\xea\xd6\xda\xef\
\x87'#\xe0k\xe6\x17\xb4\x0b\xec\x0d\xda\xf1m\x93:\
\x88;\xd3\x82s\x19\x06\xaf\xa4t\xb0\x0f#\x9e\x90\x0b\
\x943\xf1a\xa4\x0dTq \xee\xe9\xebghh?\
\xb1\xcen\xd79\x97aQ,o\xd0\xf4\x90\xdb\x0e;\
\xbe\xf9\x1dW\x95Jc\xda\xcc\xcc\x0c'\x8e\xbc\xe6,\
m\xfd[H[\xec\x04\xa2\xd5\x15\xd8\xf5\xceI\x0b\xea\
\x82s\x13'\xe0\xdd\xecug\xa6\x9b\x02\xfb\x01\x84\x09\
.u\x7fY\x1d\x82\x1d\xa1\xfa\x9e\x14\xcb\x80\x94\x09\x93\
&\xf4\xfb b\xb0\xe8\x02p\xdaF\xdcy\x14\xc5\xc4\
\xdb\xfb\xf0]G\x088\xbdt\xb4b\xe2w\xe2\x88\x89\
_\xbal\x05{\xf7?\xd1\x92\xa6\x10\xb6_>\xef\x99\
s\x9e\x17\xd7\xbd\xa2\xdb\xd73SS|\xe9\x8b\x7fG\
&c\xcbG8\x03\xfc:v\xb0;\x09\xbaE\x07v\
\xb0\x03\xbe\x92\xcd\xee\xd4\xea{\x90i\xcc\x90\xda\xd02\
\x1a \xe7\xe6\x80\xdbY\x18\xcf\xd3;\x95'\x98\xb1\x18\
\xd9\x1d\x815\x8b\xa5\xe3k\x9b\xc5\xebS\x9a0\xe1X\
\x82\xf8\xa8\x8d\x9c\xbb\x80\xb4\xc6>G\x89\x9c3\x90{\
\xb5\x0f\xd1\xfa\xc5\xf2\xb1\xcbW\xadfh\xe8\xa0k\x9c\
\xf8\xa2\xcb\xfbi\xd38Z_\x00\x8e\xac3;=\xcd\
+/\xff\xbd\x1b\xd8\xff#\xa5\xfa\xf5N_\xfb\xa2\x05\
;T\xd6\xf0z\x0e\xbb3L\xf6\xa7\x10\xd0\x03`\xfa\
`l_\x07,U\xddZ\xabh\xdaY\x13\xee\xe4`\
\xc6$:k\x12K:r\x08\xa6\xf3.\xa7\xf4\x88I\
+\x11\xf4 G\xff\xe1Y\xfc9\xdb\xf5\xfc\x0d\xa4N\
\xbfN\xce)\xb7\xdb!\xc4\xc4\x8a\x03\x18\x86\xc1\x86M\
[\xd9\xb0yk\x950\xf1\xcav\xbc\x89Q\xfa)5\
\xed\xf8\x16E\xdc5#\x8d8\xd3+\xc8\xf0\xdd;\x1c\
;\xf2\x1a\x99\x8c\xad\x14\xf5\x0f )\xc5\xaaf\xbd\x02\
\xbb\xdeg\xc1\xa2\x90\x1c\xb3\xd8\xc0\x0e%t\xd5\x0a\xaa\
Q\x090\x1fG\x03\xfbd\x97\x9f\xec\xce\x10\xf4W\x01\
\xe9\x8c\x09\x13&L\xe6\xe8\x1b\xce\x13\xc8V\xbe\x06\xc1\
q\x93\xec\x5c\xe1\x88\x0bn_/\xb0\xdc\xcb\x12\x7fc\
\xd6\xb9\xf4\x97)1\xf1zW\xdd\x10\x12\x22\xfbo\xd5\
\x8a~\x7f\x90\xa1}\x07\x88/[\x0e,\x90\xb3\xb3&\
\xf6\x16g\x00\xce\xd5K\x178}\xf2\x843\xa0\xe6\x87\
\x80/c\x07\xbb^\xb3\xbe9&~\x9e,D\xe7\x94\
^\xd7\xf0:\x1b\xff,\xa2\xd9\x8bN\xdb\x91\xe5A\xd8\
\x13\x06\xbf\xcbY\xce\x98\x90\xb4`$\xc7\xc0\xed\x9c3\
\xb6[\x97I$u\xf0_\x01t'\xf2\x8cM\xe4a\
i;\xe3\xec\x17[\x00\x8e\xcb.\xafe\x18<\x9d\xd4\
\x97\x8e \xd3\xc8\xe3\xd8\xab\xc9*\xb7\xdbG\xd1\xc0\x1e\
\x08\x04\xd9\xbb\xff\x10\x83\xf1\xa5u;Du\xe2na\
\xa5M\x0185\xe4\xadK\x179}\xf2\xb8\xbe\xe8.\
\x12\x13\xff\x0a\x1e}\xec\x8bQ\xb3+q\x03\xbc\xd3v\
\xff\x1a\x84\xa0(\xca\xc8\xda \xect)\xef3\x96\x87\
\xdbY\xfa\x1f\xe6\x9c\xd3P]n\x01\x9fA.\xe4\x18\
2{x?\xb0\xdeg\x22\xd3\xfe\xa5~\x16\x1dq\xd7\
6\xd1\x1eU\x0bx=\xe1l\xf5t\x0f\x99\xa6\xab\x1c\
v\x9d\x89\xdf\x8e\xb8D\x8b!\xcc\xbd\xfd\x03\xec\xdb\xf7\
D\xb1\xfcR%\x007\xcb\xc8\xb75\x00\xa7\x9dRa\
\xda\x9f\xcf\xe79\xfc\xea\x97\x19\xbeok\x1b}\x1e!\
\xa6OR\x0a\x95us\xbb\x95\xc0\xfe\x1dK\xad\xc5\xe1\
\x01r\x177\x1b^\x9f\xce\x7f\x07Z\xcd\xb9\x5c\xd0`\
b{\x18VV\xa8V1\x99g\xf0~\xd6\x0dsW\
\x91\x8c\xad\xe3\x08\xe0\xf5\x08\xb09$\xd1\xe0_\x022\
3x\xd4\xa5\x91\x00\x9c\xac\x05\x87\x13\xce\x82\x15\x17)\
\x91sN&>\x8c\x03\xec=}\xfd\x1cx\xe2\x19\x82\
\xfey\xe6A\x1e\xb9\xcc9\xbb\xe4\xf39^\xfd\xd2\x17\
\x9dn\xb7\xb3H\xfc\x82\xf2\xb1;Cem`\x1f\xf9\
\x8e\xa5\x8f\xc4\x83\xeb\xd4\xf0NW\xdc\xcf\xa8/\x13Q\
\x1f\xc9\x83\x11\xe8\xac2\xdd^\x16 \x7fmN\xb7\xd3\
\xff\x08x\x1d\x19)\x95\x0b#K)\xbe[u\xe5,\
\xce\xa1\x22c9\xd2\xf9\x90\x9c\xc1WK\x00N\x22\x0f\
\xc7\x92\xceVO\xbf\x05\xfc\x0e\xa5VO:\x13\xaf\x12\
`\x8aM!\x06\xe3\xcb\xd8{\xf0\x10>\x9f\x9f\xca\x8f\
v\x93\xcb[\x82\xc8\xc5%\xd9l\x967\xbe\xf2e7\
\xb0\xff<\x95\xddn\x8b&T\xb6^\xa9\xa6\xe1\x9f(\
\xfc/\xc14{#\x10\xa9\x01\xbe\x90A2l\xd0]\
\x02\xfc\x09\xa4\xac\x92\xb2}\x92\x94\x02D\xfc\x94X\xe6\
\xab\xc0\x04\xd0\xd7\x950I\xcf\x98\xd0\xab\xc6\x9e\xb7\xb9\
\x0c\xe7\xe8?\x92p\x9a@\x9fB\xfa\xba\xb91\xf1\xbb\
\x11\xcd^\xec\x86\xb8s\xd7\x10+W\xaf\xab\x19\xec\xe4\
u\xf8\x9c\xdf\x00\x1c\xef\xc6A\xab\x87\x99\xb1\xd1Q\x0e\
\xbf\xfee\xd2I\x1b_\xf2KH\x95\x1a\x159\xe7t\
\xb9Y\xda\x0b(L\xe3[!\xf30\x8e\xaa{\xe9\x0c\
\xb8\xf1\x03\xa5n\xf7\x9d\xfe\xda`\x07\x08\x1ad\x06l\
3\x00\xd5\x95Su\xe4\x9c\xa3t\x11\x9d\x1d:\xcf\x16\
\xb7J\xa9\xeb\xd7@\xe9\xafG\xa9\xe7\xdc\xdd,\xf1\xd7\
\xca\xdcn\xbf\x88\xb4\xdbr\x82=\x04|\x00q\xcbm\
\x82B\x07\x98=\xfbX\xb5f}C\xb5\xd8\x9a\xa5;\
\x16L\xb5Y\xeeG\xf7|>\x16\x8c\x8d>\xe4\xb5/\
\xff\xa3\x13\xec\xbf\x86T\xa9\xd1\xa7\xefjve\x039\
^l\x97E(n(V\xc0?\xa9\x16\x0c\xde\x9es\
Y\xad\x82\x0c\xd8&\x0d\xdb(o\x0fm\xe1~\x01\xcf\
\x17\xff\x9b\xb0Mm\xdf~b\x02W3\x0c\x1c\xb3\xb5\
z\x1aF\xfc\xbc\xca\xed\xa6.\x82\x0a\x93\xfd\x1a\xc4-\
\x0a\x08\xd8w\xed\xd9\xcb\xaaUk]w\xaf\x8b\x17`\
7]U\xd1\xb1\x03Op\xacv^m\x02\x8c\x05L\
\x8c\x8d\xf1\xe5/~\x81l\xb6\xe8cO\x22\xc1J\x7f\
H)<\xd69]W\xcaP\x7f7\x00#\xfe{\x0f\
\x5c\x18\xc9\xc5)\x95\x02o|H\x11\x85\x09\xa0\xcf\xb0\
\x809\x0bB\x1e\xb4H\xafm\x0c\xd9K\x89\x17P3\
\x07u!U\x22\x8e\x22\x08\x8be>\xfb\xee\xe4\x98\xd8\
\x12~\xb4+\xd9V\x9a\x0b\xe7\x11r\xee\x81\x8d\x9c\xbb\
\x8dD/:c\xe2U\x9d\xf8\x1fA\xcbW\xe8\xec\xea\
fh\xffA:c\xb6vF\x0eF\xbe\xf1\x00\x99\xe6\
\xa4\xb9\xfd\xb7.\x00\xc7\xfd\xab\xcb\x17\xcfs\xf1\xdci\
\xdd\xc7>\x8b\x5c\xfb#\xd85\xfa~$j\xb1\x0b\xe1\
\xa1\xfeV\xdb\xbb~\x94\xc5\x8bn\x17Q\x80w;i\
\x03\x01}\x1f\x00\xb3\xf9\xea\x016J\x22>&\xbb\xfc\
\xf4\xce\xe4A\xa2\xf3\x9e\x04\xbe\x84h)\xc5\xce+\xc0\
\xabp]\xd5\x95\x13@\xa6\xb8\x09\x13z|o\x17n\
H$c\x099gg\xe2/!y\xeaN\xb7\x9b\xce\
\xc4\x17\xc1\x1e\xeb\xec\xe6\xe0\xa1g\x08F\xc2\x851\xa5\
U\x00n#qWi\x175\x8f\xdd\x8c\x94\xef\xf3\xfc\
\xa9\x93\xce<\xf64B~\xea\xd7~\x1b\xa2\xed\x87\xb4\
\xf5~\x00\xf8;J\x89H\xcac\xd2z\xd0\xb7y<\
\xae\x85\xe0[\x88\x96\x86\x84\x05\xfdU\xd7-Jvy\
\x00f\x8a\x9d<\xf6\x02G\x0b\xff\xfb)],?\xa5\
\x08\xbe\x01\xb4\xd8o\xc3B\xfc\xf1=\xed$\xed\xe6\xb9\
t\xf5H\x8e\xee\xe3Ig5\xd9\xcfP*X\xe1\xac\
\x13\xbf\x13\xc9a\xdf\x0e\x12&\xbbr\xd5\x1a\xb6l\xdd\
I \x18l\xf8\x09sN<\xda\xe5\xa7o\x9dT#\
\xee\xbc\xdd\x8clv\x8es\xa7N:\xcbG_E\x22\
\x17/bo\xb3\xf5q\xb4\x0e\xc6\x9a\xbc\x17\x89\x17\xf9\
[mY\x15\xd0/NOF5\xc0[\x88\x86\x17I\
\xd4a\xe5u\xd9\x1e\x8f\x8f \xee9\x15\xb9\x97G@\
\xbe\x14\x992}\x1dn\x8d\xfb\xee\xe7aI\x00B\x8f\
B\x00N\x8d\x9b{?K\xff\xb1\xa4\x93\x9c\xfbu$\
\xcaP\xb7\xd7\xf5\x98\xf8\x1f\x07V\xa8\x957l\xda\xca\
\xc6M[iT\xda\x15AW\xdfc\xdd\xc2\x00\x9c\x0a\
\xdb9\x17g\xb3Y^\xf9\x87/05=\xa9\xafv\
\x01\x09\x95\xd5\xcd\xa7\xad\x88\xb6\xdf\x0d2\xc0n\xd9\xbe\
\x93P0\xc4\x99S'\xd4v\xdf\x01\xfc\x03%\xa0W\
i*a,J\xcc\xeb\x80w\x92i\x16B$\x89$\
-\xef?\xa0\xcf\xcfX\x8f\x9f\x81\xa9\xbc:\xc6;\x90\
\xf0\xd0oC\xa6LU\xc5\xf4\x81/mb\xa6L\x08\
=\xc2\xae9\x13\xb8\x9f%~\xc4F\xceM >\xde\
\xaf`/X\xa1b\x1f^D\xba\xc3\x00\xf2\xe0m\xdc\
\xbc\x8d\x0d\x1b7\xe3E\x14\xb0\x1b\xd1\xcaMkr\xc7\
\x0e\xbc;\xdc*|\xd7$`R\xa9\x14\x87\xbf\xf2\xb2\
\x13\xec\xe7\x11\xcd\xae\xc7\x83\xecBB\x937\xaa\x95\xb6\
\xef\x1ab\xfb\xce\xdd\xcc\xcdet\xc0\x1fB\x94\x96\x02\
\xbb\x0aq6\xe2\xbf\xf7\xc0\xb0\xbb\xe7\x16!\xda)\xd7\
\xf0N\xc0\xdfW_\xf8R&\xa6i\xb9\xc7\xce;%\
d`\xae\x0c\xc0TqZ\xff\x03\xd5V\xcf\x07\x0c\xd2\
!\x83d\x8f_\xb2\xee:\x0d\x88\xfa `\x80e=\
\x9a\x018\xa6\x05\xa7\xd3\x0c\xde\xb2e[\x0d#1\xf1\
'(i\x17(\xc5\xc4?\x8b\x06\xf6@ \xc4\xce\xa1\
\xbd\xc4\x97\xa8\xde\xe3\xa5\x87\xa89\x82\xae\xc9\xe55\x11\
\xb9\xf0\x0f{bz\x86\xc3\xaf\xbd\xe2\x04\xfb\x7f\x06\xfe\
\x1e\xfb\x8cj/\x12M\x1a\x03\x19`\xb7\xee\xd8\xcd\xf6\
\x9d2\xab\x0f\xd9\x1bh\xf6Q\x9a\xa5\xe6(\x91\xd1\xf6\
N\x94\x8bX*ix5Uy\xa0\xbe\x8cf,f\
U\xb8\x8c\x17\xe9\xaa\xbcb>`\x90\x88\x18d\xfa\x02\
0\xe0\x17f?d\xb8\xb0\xf2j\xc0|\xd4\xc0\x0e\x1c\
.#\xe7n\x01\xdf\x8b$\x0cUb\xe2Ku\xe2;\
:\xd8\x7f\xf0)\xa2\xb1\xae\xaa\xf6\xfa|i\xf2G\xa9\
t\xf5\xf0\xfd\xbb\x1cy\xfd+\xe4\xed\x1da?\x01|\
\x01{l\xc3\x1e\xa4\x83q\x0c$\xe9h\xcf\xde\x03\xac\
\xdb\xb8I\xdf\x8e\xbe\xbe~&&\xc6\xd5\xc7!$2\
4\xa7\xbdZ;\xba\xb5q\xbc\xac\xa4\xe1u\xc0\x8f\x02\
\x83\x1di\x93\xd9\xbc\x05A\x8fg\xd2\xed#\xef7\xf0\
\x99\x16\xc9\x0e\x1f\xa9\xb0\x81\xd5\xed\x83\xe5\x01\x09\xe2\x09\
\x1b\xedM}_\xa8\xd2\xd5\x19\x13\x8e\xa7\x9c\xa5\xa3\xcf\
#1\xf1\x13\x94wl\x0d\xe1\x00{(\x12a\xff\x13\
\xcf\x10\xedp4\x85\x98gi\xa9\xdd\xdf\xd4C\x5c\x81\
\xaas\xd9\xe7\xf0\xfd\xbb\x1c~\xf5\xcb\xce\xd4\xd6_@\
\xc0\xae\xcf\xa8\xde\x09\xfc;\x84O\x22\x18\x0c\xf3\xcc\x0b\
\xefdpp\x10g\xf1\x80\xce\x9e\x1e\x1d\xf0[\x80\xd3\
\x08\xf7\xa24\xbcrg/z\x17\x9d\xee\x96s\x82]\
\x85\x12\x8e\x00\x83\x80\xb8\x95\x5c\x92\xe4\x5c%h0\xbe\
-$\xe0\xee\xf7\xcb\xf4\xdc\xd7*ny\x91\xcah\x8e\
\xdecI\x82\x19\x1b\x8f\xf3iJ\x91sN&~7\
\xc2\xc4o\x03\xb0\x0c\x83\xf8`\x9c\x9d\xbb\x86\x08\x85;\
\x9a>\x9d\xf9b\xe4\xeb\xb3\xd5\xeb$\xee<\x0e\x14\x96\
eq\xef\xf6-\x8e\x1dyM\x07\xfb\x03$\xdb\xed,\
\xf6\x94\xe2\x8f\x00\xffZ\xad\x14\x08\x04y\xfa\xf9\x17\x18\
\x18\x1ct=\xdc\xe0\xc0\x12n\xdf\xb8\xae>~+\xf0\
yJ1$\x86\xcb&\xa5\x93\xb7\x8c\x85\xb6nl\xe2\
\xa6cu\xe0\xe7\x91\x92>R\x1bm\x22\x0f=u\xe4\
\xaa\xaf-\xb4\x991\xd4.\xdf\xc6r?G\xff\xf1$\
\xfe\xbc\xedw\xfe*\xe2\xa1p\xeb\xd8\xba\x17\x99f\x16\
\xa3g\xd6\xac]\xcf\xd6\xad;\x9a.E5\xbf9\xed\
\x0e\x88\xd4\x919W\xc7^k\xca\xa9\xe3G\xb8q\xfd\
\xaa\xbeh\x18\x99\xae_\xc2\x9eR\xfc\xb5h`\xef\xec\
\xea\xe1\xc0\x93O9\x9ag\xda\x8f\xde\x11\x8bb\x18\x86\
\x1aHv#\xb32?\x0e\x0d_N\xdc->q\xb3\
\xe1\xf50\xd8<\x92\x9a)2\xd9t\x00fcb\xb1\
x\x89\xbb\xbc\x05W2\x0c^\xce\xe8\x16\xc4\x18\xa2Y\
T_7'\x13\xff\x14\xd2\x9e9\x0cB\x14\xadY\xbf\
\x89M[\xb6y\xf01\x97\x13w\xd5\x03p\xdaM\xdc\
5.\x9e\xb4\x7f\x0d1\xcd<\xa7O\x1cw\x82\xfd\x06\
B\xd0\xe9`W\xe9\xde\xdf\xa9V\x1a\x8c/\xe1\xe9\xe7\
\xdeA0T\xbd\xffY4\xd6E \x10$\x9b-\x86\
\x98\xf7 \x99tN\xd0\xb7N\xdad\xc7\xd7\xb2\xe1\xf3\
\x88\xbd\x02@l\x22O\x82\x85\x92y(]]\xf7\xa6\
&\x1cO\x13\xbfo\xb3\xd7U\x85\x14'\x13\xaf\xca|\
\xbf\x1b\x09\xee\x08\x81\xc4\xc4\xef?\xf84\xbd}\xfd\x15\
\xe7@\xed\xd0\xd8\x8b3s\xce\xfb\xc6\x16\x90I\xa58\
z\xf8U\xc6FG\xf4\x15\xff\x17\x12\xe3\x90\xd56\x0a\
\x00?\x81\xb4\xc6\x06\xa4P\xc8\xf3/\xbc\x84\x11p\x99\
\xb1:\xce\xb3\xa3\xa3\x83@ \xa0\x03\xbe\x93R\xdd\xc7\
\xd6\x83\xbd\x8dR\x0d\xf0\xca\x86/\x96\x00\x89\xa6\xcc\x05\
\x04\xfc<\x04\xe0\xd4\xf3@\xe6,8\x9av2\xf1\x8a\
\x9c;\x87\xfd\x81Sn\xb7\x7f\x01|\x97Z9\x18\x0c\
\xb1\xef\xc0\x13t\xf7\xf4\x15w\xb0P\xf3\x98f\x07\x15\
\xdb\xa5\xab\xf9#\xea\xb4\xe3]$9;\xcbk_\xf9\
Gg\x8b\xe6\xbf@\xc0\xae\x13\xa3A\x04\xec\xefT+\
-_\xb1\x9a\xfd\x07\x9f\x04\xbf7\xf34\x14\x0a\x11\x08\
\xd8\x5cH\x87\x90\xa04=O\xa42q\xb7\xf0^\xca\
\xa2\xb8\xdd\x16'\xe8\xf3\xe8\xa9\xab\x0f\xdf\xe6\x99l^\
d\x22O\xe0\x95\xb2\xea4\xe7\x90i\xfaY\xca\xddn\
\x11\xa4)\xc4w\xa9\x95\xa3\xd1X\x01\xec\xbd\xc5\x1d\xd4\
\x1a\x9b\x1a1\xa8\x16$s\xce!M\x1b\xb5\x8e\x1d\xa4\
\x93)^\xfd\xf2\x17\x9d`\xff5\xe0\x93\x94\xae\xbd\xf2\
\xb1\x7f\x06\x0d\xec[\xb6\xed\xe4\xa9\xe7^ \x14\xb1\xf9\
\xd7k\x9e\xef\xc6\xcd\xb6(\xc7\xaf\xa7\x5c\xc3\xfb\x00\x16\
{\xe6\x5c-?\xbc\x02\xfd\xab\xa8>\xefwr\x12\xf2\
Z\x8f\xd4\xabi\xb3H\xc9\xeaYK4\xe9\x86\xd0<\
\x87\xcaV\x91\xd1\x1c\x83\xaf'\x9c\xa7\xf3\xdf(\x15\xac\
pvlU1\xf1\xc5\x04\x98%KW\xb0c\xf7n\
\x02\xfeZ\xe9\x80\xde\xedx\xa7\xb4's\xaeU|@\
\xe3G{0|\x9f\x93\xc7\x0e\x93N\xa7\xf4\xc5?\x83\
$h\xe9\x0d4\x87\x90$\x98\x22\x1b\xb7e\xdbNv\
\xec\x1e\xf2x\x8a\xf6/6n\xd9\xca\xc9\x13G\xd4\xc7\
\xdd\x94Xz\x1d\xf4\x8b\xde5\xe7\x85\xa5\xcf#\xc9/\
\xdf\x07\x85\x88\xbbvLQ\xb2\x88\xdbo,O\xe4\xfa\
\x1c\x9dI\x13\xc3*\x94\xc2^\x1b\xac\xea\xfc\x987\xb9\
\x9f\xa5\xff\x84\xad\xd5S\x0a)X\xf1\x97\xb8wl\xed\
G\xc2h\x97\xab\x0d\x96,]\xc1\xce\xa1}\x0d\x15\xac\
\xa8&\x8dd\xceU\x9eyW\xde\x8fm\x9bF\x9e\x83\
\x9a\xdc_\xe5\x9d\xde\xbeq\x9d\x13\xc7\xdep.\xfe8\
\x12\xa6\xac\x13\xa3+\x90A\xa0\x07$bqh\xdf\x01\
\xd6\xac[_\xe6c\xafG\xa2\xd1\x18\xc9d\xd1\xa8]\
\x81\xa4\xd6:\xa7\xf4\xad\x936\xe0\xacVh\xad\x02\xfd\
\xa4Z!\x92\xb5Hf-o\xb9\xf1\xb5D\xb5\x99\xba\
>Gx4Og\xd2\xc4\xe7\x98O\x06\xf3\x16\xd9\xbc\
%~\xfc\xb6I\x8d\x00\x1c\xc5\xc4_)c\xe2\x7f\x84\
\xd2\x14\xde\xd9\xb1u\x1f\xf2\xd0-\x01a\xe2\x97\xaf\x5c\
\xcd\xf6\x1d{\x8a\x87)\x89\xfd\xa0n@\x5c\xc8\xf2\xd1\
\x8b\xa1t\xf5\xad\xeb\xd7y\xf3\xf8a}\xd1Cd\xb0\
=\x8c\xfd\xda\xbf\x1bI\x8c\xe9\x04\xf1\xb1\x1fz\xfaY\
\x96.Sc\xae\xdb\x0d\xf6\xc6)\xf4\x0f\x0c\xea\x80?\
\x80d\xdc95\xbc\x8b,\x1e#\xbe\x92\x86wV\xa9\
\x99T_F\xe6\x9a\x04\xbceHn\xfd\x9d\x1c\xc6D\
\x9e\xdeY\xb3js\x8a\x8e\xb4Ir$\x0f\xab\x02,\
H\xe9\xea\xbc%\x91s\xf6\xben\xb7\x11\xb7\xdb\x19\xca\
\x99\xf8\x10b\xe3\xfd\x88\xbe\xc1\x9e\xbd\x07\x19\x8c/i\
\xfc<Z(\xde\xcc\x80\xfa\xa5\xdac\xedI\x93\xbb-\
\xb2,.\x9e?\xcb[\x97/\xe8\x8b/#\xd7w\x12\
{@\xcdK\xc84\xbe(O=\xf7b\xd5\xeb^\x0f\
\x14\xe3\xcbVp\xe7\xf6M\xf5q\x08\xa9\xc4\xec\x81\xb8\
3\x16\x0d\xe6+\x19\xe3N\xd7\xdc$\xe2\xdb\x5c\xe7\xcf\
Y\xf2\x88\xd7#\x160e\xc2h\x1e\xc6\xf3\xf4O\xe4\
\xab\xd5\xad\x07)|\x19\x04\xd6\xf9L0ne\xb1V\
\xd6\xd1\xb7\xaeU\x924\xe1T\x8a\xf8\x88\x8d\xa8<\x8f\
\x14\xacP\xa5\xa3\xf5\xa0\x8e0\xf0-\x88\x86\x01\xa4=\
\xf3\xee\xa1\x03\x0c\x0c\xea\x81\x1d\x95\xa5\x16\xe8\x1a\x09\xc0\
Y\xd8\xcc\xb9\xdaOz\xa55\xf2\xb9<\xc7\x8f\xbc\xce\
\xf0\xfd;\xfa\xe2\xcbH\xe3\x12g\xb7\xdc\x0f!\xa1\xb2\
\x00tu\xf7\xb0o\xff!\xfa\xe3\xa5\xeb\xee\xd1\x5c\xaf\
\xb8n\x8fF\xb0\x22q\xf8n6\xbc\xb7\x03,\x90x\
\x99\xd2+\xd0_E\xe5\xad\xa7Lg)\xab\xca\x924\
\xe1\xc2\x1c\xfd\xa39g\x14\x9a.\xb7\x81_A\xf2\x94\
MDK\xee@b\xa0\xe9\x9f\xca3\x966\xa1\xc3\x98\
\xbf\x00\x9c\xb1<}G\x12\xce\xd9\x87b\xe2U\x85\x14\
\xdd\xcf\x1b\x06\xbe\x1dU_\x1f\xe8\xe9\xeee\xdb\xee=\
e\xa5\xa8\xea\x93z\x89\xbbV\x11k\x1e\x97\x17?\xb6\
\xf6\xa1\xcegs\x1c?\xfa\x86\x1b\xd8\x7f\x89r/\xc8\
\xb7#5\xe4\x01)\x01\xf6\xc2;\xdeC0\xe4B\x8a\
\xd6u\x9a\xf6\x95#\xe1\x08\xc1`H\xf9\xe3\xd7#\x1c\
A\x99\x1d\xbf\x98#\xee\xbchx\x05\xf8\x8b\xc0\xbb\x00\
I{]\xee\x91\xa9\xf7A\xdf\xb8+\xd8o\x22\xa1\xa7\
o!\xf6\x98R\xa3\xca\x8du\x1a\xb8\x06l\x90\x8e4\
\x96\x00~>\xc0\xfe0\xc7\xe0\xe12&\xfe\x93\xc0\x1f\
\xe0\xce\xc4\xab\xd2\xd1\xc5\x5c\xff\xde\xfe\x01\xf6\xec=\x84\
\xdf-\xb0\x03\x01\xa9i\xd4\xf7kZ\xa9\xfd\xe7{\x9b\
zdrr\x9cc\xaf\xbf\xaa\xdb\xcb 5\xfa\x7f\x0f\
{|\xc3\x16D\xab\x17= \xbd\xfd\x03<\xf9\xcc\x0b\
\x04\xdc\xc0\xde\xa4\x04B\x01\xc2\xe1\x88\x1e\x80\xd3\x8f\x84\
\xf0\xb6\x97\xb8k\xa1Tc\xe9\xd5K\x05\xe0\x5c.\xae\
1]\x87\xa76\xe2c\xb2\xd3\xc7\xe0D1U\xf1\x0f\
\x90\xaa!\x0f\x80\x19$DQU\x0a\x05\x01\x90\x02\xd4\
\xab\xc0\x06\x00\xeed!^\xd9wZU\xbcf\xceY\
>\xb81G\xff\x85\xb4\xbe\xfa$\xc2\x04\x1f\xc5\x9d\x89\
\x0f\x03?\x8a\xd6\x14b``\x90]{\x0e\xe0\xf7\xfb\
\xeb\xb8_\xb5\x89\xbb\xf9\x90v\xd9\xf76\xa9\xa2e\xa7\
\xa7&y\xe3\xd5/3\x97\xb6\xb5h\xfe\x1d\xa4c\xae\
3\xf9\xe8\x87Qy\x1e\xc0\xb2\xe5+\x19:p\x88H\
D\xcb\xf0r=Vc\xc4](\x14\xa6#\xda\xc1\xec\
\xec\xb4Z\xb4\x1c\x09\xdfm\x0f\xd8\xdb \xd5\x9e)\xe7\
\x94\xbeXF\xba\x7f\xb2\xbe|\x7fk\x8dm\xb4\xfd\x00\
\x02\xa2\x14\xf6\x06\x15I\xc7\xb24R8\x10\x80\xe8d\
\xbe0$\xb4)\x9e\xdf4\xe0D\x8a\xf8\xd9\x94>\x1b\
y\x88h\x90#\xd8\x07%\xc5\xc4\x0f!5\xe9\x04\xec\
>\x1fk7lf\xf7\xbeC\xf8\x03\xd5&O\xd5\xa5\
\x1dT\xc5|\x05\xe0T\xdbm\xf9w\xf6%\x93\x93\x13\
|\xe5\xe5/\xea`\xcf\x22\x090\x9f\xc5^\xa1f;\
\x12\xfbP\xac\xf7\xb7i\xcbv\x9e|\xe6y\x1b\xd8\xbd\
^F\xb5\x9eiV\xff\xc5\x86a\x10\x8d\xdaR\x96\x97\
S\xaa\xc6\x5cC\xcb[\x8b\xc2C_\xed\xa9t\xda\xf2\
S\xea\xcb\x1a\x84[\xb9\xac\x0c\x92\xb82\xa7\xfa\xc1\xf7\
\x15^#\xd8\x1bQ\xe8\x85\x04\x02\x85\xcf\xc5\xe8\x8aP\
\xde\x22\x99\xb3\xbc\xe7\xe3\xd7#y\x84\x89\xb7\x97\x8e\xbe\
\x8a\x84\xc9\xeaL\xbc\x22\x88B\x88\xfb\xe7\xc7(\xb8\x7f\
\x00\xb6m\xdf\xc9\x8a\x15\xabm\xbbnQ\xbbr\x9b,\
\xde\xcc9\x87\xd4A\xdc]\xbbr\x89\x0b\xe7\xcf\xe8E\
+,\x84q?\x82\xbdhE\x1fR5\xa8H\xbdo\
\xd8\xb4\xb5\x14PSC\xa3[\xd8\xef\xc9\xec\xf4\x0c\xa3\
#\x0fx\xf0\xe0>\x96i\xf1\xf4\xf3/:\xb6\xb2\xef\
\xb0?\xbe\x94\x9b7\xae\xa9\x8f{\x80?\xa3\x9dS\xfa\
\x16K\xa5)\xbdzw\xba\xe7n\x02k\x01)j\x19\
\xf3>\xe9L\xf6\xfa\x15\xe0Al\xddK\xd8\x07\x15%\
\x86\xf6*\x02\xde\x9f\x05\xa6-\x88\xb4\x98\xb8KZp\
*M|\xd4\xc6\xc4\xff.\xf0\xdf\xb17%P\x04Q\
\x08)\xbc\xf9\xe3\xc5\x136|l\xdf\xb5\x87e\xcbV\
P\x8fx\xb7\xe3\xbd\x13w\x0b\x9b9\xd7\xd8\xe8\xf6\xd6\
\x95\x8b\x5c8sJ_\x94E\x0aJ\x9e\xc2>\xab\xda\
\x89\x0c\x02\x85\xd8\x06\x1f\x1b6nf\xe7\x9e\xbd\x1e\xcf\
[\xdc|\x93\xe3c\x0c?\x18f|t\x84\x89\xf11\
\xdd&\xaf)\x0e\xa6~=v\xa6\xbe\x08\xfc\xc5J\xdc\
y\xd1\xf0\xfa\xb4\xfe\x02\x0a\xf0\x93\xf9\xba\x00O\xbf\x1f\
\xee\x155\xe8\xb7\x22\xd1i\xaa\x09E\x10\x8a\xf1\xc8A\
\xed\x95\x07\xae\x03\xeb}\xa6\x05\x0f\xb3\xb0$L\xcb\xc0\
>f\xd2\x7f\xa4\xac\x9a\xecg\x80\xffA\x09\xecN&\
\xfe\xbb\x90$\x18\x00\x22\xd1\x18;v\xec\xa1\xb7\xaf\xcf\
\xb1\xf3\xd2C\xe7}x\xaa\x0d\x98\xf9\xc8\x9c\x9b\x97\xd2\
\xd5\x85\x9fz\xe5\xd2y.\x9d?\xab\x7f\xf3\x16\xc2\xc4\
;\x8bV<\x8fp%\xc5\x19\xd5\x93\xcf<\xc7\x92\xa5\
\xcbq\xd7\xc5%\xc9\xce\xcd12\xf2\x90\x91\xe1a&\
\xa7&\xa4zM\x85\xe9\xfb\xf0\xfd\xbb,[\xbe\xb2\xb4\
\xc0\xb1\xd3\x81\xc1A}\xf5]\xc8s\xa1\xa6\xf5\xba\xb2\
\xaa\xfc\xa3\x17Pj\x95\xa9v2\xf5g\x91\x96G\x02\
\xf8Jm\xa3\xdd\xa4\xdfG.h(7\xd7j$\xc6\
Y\x9f*\xe7)\xf5P\xeb(\xbc\x22H\x8c\xfa\xc7\x01\
\x8ci\xb30\x15hA\x00\xcep\x9e\xc1cI\xa7-\
\xfb\xcb\xb8\x17\xacPu\xe2\x7f\x14[\x07\x98\x1e\x86\xf6\
\x1f$\x18l\x90L\xac!\x8b\xb4\x02@M\xb1=\xd6\
\x15~Dv.\xcb\xe9S\xc7\xb9w\xe7\x96\xbe\xf8\x22\
\xf0\xfd\x94\x9bP/!\xdda\x00I)>p\xe8\x19\
\xe2K\x97SI\x12\x89\x04\xa3\x0f\x86y0|\x9f\xc9\
\xa9qR\x89\xaay\x9e\xf7)\x84?_:w\x96\xf8\
\x92e\xf8\xabd\xd2i\xae9\x10\x13c\x06Oy\xf1\
\x0b\x1f\x80\xe3\xd5\x86WL\xfd\x19\xb5Bp\xdc\xac/\
\xfe&\xe2sv\x96]\x86\xf0\x02\x0a\xe4j4\x0f!\
U`\xb6!\xb5\xebU\xb7\x0fzgM&ZQs\
\xfeT\x86\xc1\xdbs\xfan\xc6\x91\x07Jg\xe2\xa14\
\xe3\x88\xe0\x00\xfb\xc0`\x9c\xed;v\x13(\x80\xdd\xb4\
\xa8\xd5\xbcU\x93\xe65y+\x02p\xbc\xcc\x16Z=\
\xe8X@>\x9b\xe5\xe8\xe1\xaf8\xf3\xd8/\xe2\xeec\
\x7f\x07\x1a\xd8\xa3\xd1\x18\xfb\x0e=I\xff@\xf5@\xa6\
\xc3\xaf~\x89\x99\xe9\xa9j\xab\x5cA\xfa\x02\xdcB\x94\
\xcb'\x01\xa6\xa7\xa7I$\x12twwW\xdc0\xbe\
t\x99>P\x1dBR\xc8\xdd\x88;\xc7\x83\xba\xb85\
<\x94O\xe9\xc7\xd5\x17\xe1l\x9d\x80\xf7\x1bd\xa2>\
\xe9(#\xb2\x07\x19Y\x83\xc8EZ\x8e\x0c\x02\xdf\x8e\
\xe6\xe2\xb2\x9dl\xd6\x82\x079X^G\x99-]\xf2\
\xc0\x9be\x05+\xee!v\xe19\x04\xec\xea\x04\x95\xdb\
\xed\x00\x92\xed\xb6\x01(V\xa7Y\xbf\xc1^\xd9\xb4\x9a\
\xb4\x86\xb8\xf3n\xc7{]\xbf\xd9\xe5&\x86K\x22M\
\xf5\xfd\xcc\xce\xccp\xfa\xc4\x11\xc6\xc7\xc7\xf4/?\x07\
\xfc&\xf6\xd4\xd6\x00\xf0MHT\x1d\x00\x9d\x9d\xdd<\
\xfb\xc2;\xab\xa6\xb6\xaaCutD\x9d\x80\x9f@j\
\xd1\x9dAL\xd3L\xe1D\x83\x14\x0aY\x02d\xb3\x19\
\xe62)\xa0[;k\xfboZ\xb2\xc4\x06\xf8\xbd\x88\
y\xaa\x83\xdd\x07\xe4\x17\xa3\x1d_kJ\xef\x9c\xd6\x17\
{\xeb\x06\xf3@\xda\xf4\xd6F\x1a\xe42,\x0b\xe8\xf9\
\xf4\x07\x91\x91\xf59\x84\xfc\xa8(\xa6\x0f\xd2a\x1f\xa9\
\x90!\xfb\xa97b\x05 k\xc1\xc9\xb4\x93\x89Wa\
\xb2g\x11{]\xb7\x19C\xc03\x88\xd6)\xca\x86M\
[Y\xbdV?\xddjh\xaem\xc7?\xca\x018\xf5\
\xca\xd8\xe8\x08G_\xff\x0a\xb9\x9c\xed\x1e|\x12\x89I\
\xd7\xddnA$<\xf9\xc3j\xa5X\xac\x93'\x9e}\
\x81P8\x5cN\xb5k\x9f\xd5\xd2\xde\xbe~\x1e>(\
\xb6U\xb8\x8dxT\xa6\x91\xc8\xb84\xa5Y\x5c\x08\xb9\
\xf7\x17)\x04NM\x8c\x8d1\x18_Z\xf1w8b\
\xf3\x9f\xa6D\xdc-\xfaT\xd9Z\xceb\x1d\xf4y\xe4\
B\x01\x05\xa2<\x8d\xf7*\xb6\x00q\x9bf\xde_x\
\x95\x89\xe9\x83\xa9N?\xb9\x90\x01\xdd>X\xe2\x87\xee\
B\xe5\xdbbA\xcc:T\xe6x\x9e\xd8\x9b)\xa2\xf6\
\xben\x9f\xa5:\x13\xff\x0e\xb4\xa6\x10~\xbf\x9f\xf5\x1b\
\xb7\xb2j\xcdZ\xef\xc7mH\xec\xbfm\xb1\xd9\xf1\x8d\
\x92\x86\xe3c\xa3\xbc\xf1\x95\x97\x9d\xe5\xa3\x7f\x09\xd1\xba\
\xce\xc8\xc5\x7f\x85\x06\xf6\xc1\xf8\x12\xf6\x1e|\xca\x1eP\
SC\x96._\xce\xd5+\x97\xc9\xe7\xb3 \x9cQ\x10\
{\x9c\x87r\x03\xab\x81\xe6\x0f\x91\xecF\xae_}\x8b\
\xcd\xdbv\x94v\xe6x\xdc:b1::\xa2\xa4R\
I\x90\x99\xe9V\xa4V\xbd\x07\xf7\xdc\xc2N\xeb\xeb\xd5\
\xf0E7\x99\xcf\xb4\xea\x8b\xa9\x07\x08K\xadzg\x98\
\xad\xe93\x98\xea\xf4\x91\xeb\xf0A\xcc\x90\xb0\xdd.\x9f\
K\xd3\x0b};\x8fP\x18\xc9K5Y;\x13\xff\x1b\
\xb83\xf1A\x04\xec\xdf\x8c\xb4\x1e\x02\xa4f\xf9\xbe\x03\
O\xd0\x11\xeb\xa4\x9a\xd4\x07\xce\xb77#\xaf\xff\xba\xfb\
w\xeep\xea\xcd\xe3:\xd8g\x10\x22\xf6M\xec\xe4\xe8\
\x0e$\xd0\xa9h\xd2\xad]\xb7\x81\x9d\xbb\xf7\xe1\x0b\xf8\
\xca\xf6\xeb\xf6YI\xff\xc0 K\x96.\xe3\xfe\xbd\xdb\
j\xd1f$T{\xae\xf0\xca\x1665\x91'\xed\x15\
\xb5\xa2\x16I\xe7*\xc1`\x90\xf8\x92\xa5\xdc\xbay]\
-\xfaQ\xa4\x8d\x9a\x07;\xbe\xcaI\xcf\x83x\xb1\xe1\
u\xe0g\x91\xe9\xef.\xc3B\xaa\xd2x\x8d\xa9/\xc8\
\xf8\xf2\x00\xf1;YF\xfa\xfd\xa2\xbdC\x06\xc4\x03\xd0\
m\xd4\xc3zy\x93\xe1\x1c\x83\xc7mL\xfc4R`\
\xf2K\xb83\xf1a\xc4\xbf\xfe!\xb5A$\xd2\xc1\xde\
\x83O\x10\x0eG\xa9)\xf3|#\x1f\x85\x00\x9c\xf3g\
Oq\xed\xeae}Q\x02\xf1\xb1_\xc0\x9e\xc7\xbe\x15\
\x19\x04V\xa9\x15W\xafY\xc7\xae\xa1\x03\x0d_\xd2\xfe\
\xc1A\x1d\xf0;\x91\xce\xaf\xaa\xa8\x8b\xce\xd5(\x85V\
d\xeb\x133\xb3\xc4\xba\xdc\x07x\xc30\x18\x18\x5c\xc2\
\xed[7\xf4\xd2\xd5\x8a\x8bZ\xd4\x018\xb5Bk\x9d\
S\xfa<R$\x10\x80\xc8p\x03\xf5\xed\xb6\x84\x18y\
\x22\x0aOFag\x186\x87d\x96P/\xd8-\xa8\
\x1a\xfcy*\xed\x04\xfb\x18b\xc7\xbd\x8c]\xb3\xabi\
d\x0c\xf8)4\xb0\xf7\xf6\xf41\xb4\xff\x10\xe1\x164\
\x850\xacV\x04\x05W2\x09K\xcb\xd5\xef5=\xae\
\xdf\xd2\xe5V\xe9\x1f\xd3\xb28\x7f\xf6\x94\xb3E\xf3-\
\xa4\xa0\xa4\x13\xec\xbb\x0a\xcbW\x81\x04\xd4l\xdc\xb4\x95\
\x9dC\x9a\xc5gV;\x0f\xf7Ss\xa4$\x1f\xa4\xe4\
/\xf7k\xff\xeb\x013\xc5\xa4\xfb\xcb\x97\xce\xeb\xbb*\
;vWWY\x06d\x10\x17\x0d_^\xe3na\xa5\
\x96\x82pN\xe9M\xa4\xfcr\x1a\xa0+aJ\x81\x88\
z$\xe2\x83A?\x8dw\xa1\xd1\xc5\xe5\xf4\xf3\x16\x1c\
K\x11\xb7\xbb\xddn#\x89\x16N\xb7\x9bN\xce\xfd\x01\
\xf0>\xb5\xc1\xaa\xd5k\x19:\xf8$\x91\x0e\xa5\xd9\x0b\
\xb7\xdd\xf5\xb4\xab\xfd\x96\xda\xbf\xb3|0\xf0\xb6M\xab\
\xc5\xeb\x80\xa4\x1f\xdbm\x1b\xd32\xb9X\xd0\xec\xda4\
\xfe\x02\xf0\xffC\x9e\x1f'\xd8\x7f\x84\x02qk\x18\x06\
\xfb\x0f>\xc5\xb6\x1d\xbb\xf1\xfb\xaa<\x9eV\xf1O\xd9\
g\xb5\xb4\xaf\xbf\x9fp\xb8h\xf7\xaf\x02V\x22\xf7;\
\x84\xcc\xe6B\xda+\x884\x9a\x04\xe0\xfe\xdd\xe2\xcc\xc0\
U\xba\xfb\xfa\x9ce\xcat\xc0?\x92\x1a^\x89\xd35\
gK\xa4Y\xb0\xe6\x14@\xd9\xe36g\xb9U\xa79\
\x0f\xfc\xdf\x88)\xe2\x06\xf6\x83\x08S_\x0c\x82_\xb5\
v=\x1b\xb74\xd6\x8b\xbd\x1dWc\xa1\xaep#\x83\
J&\x9d\xe6\xb5W^vj\xf6\x0b\xc0\x7f\xc5\xce\x8e\
\x07\x90t\xeb_\xa7Pg\xc1\xe7\xf3\xb1g\xff\x13,\
[^_\x88r\xb5\xd3\x5c\xb2t\x99\xfe\xf1\x00\xe2\x82\
\x8b9\xdeU\xa0W\xd1\xed\x9c\xcb\xe5I'\xb5B\x99\
\x8e\x83\x84\xc3\x11\xfc~\x9b9\x1b\xc5sA\x8c\x1a'\
\xddF\xf1:\xa5w\x82\xbe\xd4\x8d\xa6\x94\xf6\xba\xb02\
\x9e\xa7\xe7\xcb\x09\xe2\xf62\xda\xbf\x05|\x0f\xe5`W\
\xf6\xfasHy\xe3\x08H\x04\xd5\xf6]Cl\xdc\xb4\
\x95\xf9\xe1\xc6\x17\x87&oU\xe6\x5c6;\xc7\xeb_\
y\x99\xa9R\xe3E\x80\xbfFX\xf7\x8b\x94\xdc\x9e\x01\
\xc4\x9d\xf5S\x85\xcf\xf8|>\x86\xf6\x1db\xc5\xcaU\
\xf6\x9dV\xe0\xbc\xbcJ_\xbf-\x14v/\x12\xd4\xd5\
\x858\xda\xd5\xfb;\x91\xe7\xe4?\xa9\x15M3\xc7\xe8\
\xd8\xc3\xaa\xfb\xee\x1f(\x0b\xb3\xf59^U\x98\xfa\x85\
\x11/\x8c\x9b\x9b\x86?]\xfc\xb6Q\xc0\xb7\x22bN\
\xc9\xc3\x1c\xfd'RN&\xfeS\x88\xebM\x15\xac\xd0\
\x03:\xc2H\x85\x94\xefU+\xfb\xfd~v\x0e\x1d\xa0\
\xbb\xbb\xa7\xb9s\xa9B\xdc\xb57s\xae^\xd6\xbf\xd2\
\xfa\x8d\x9d\xe4\xc8\xc3\x07\x9c9s\xc2\x19\xc2\xfa\x09$\
(\xc5y\xfd\xbf\x13\xf8n\xb5R\xac\xb3\x93\x03\x07\x9f\
\xa2\xb3\xab\xa7\xf8\xb0\xe9Iv\xcd\x5c\xb6\xf8\x12\x9b?\
\xfdy\xe4\x99\xe8\x04^\x00^D+Z\xa2\x8bi\x9a\
\x0c\xdf\xbd\xc3\xcaUk*V\x18\xee\x1f\x1c\xe4\xc1\xf0\
=\xf5\xf1\x09\xe0\x8b\x94\x13w\x8b\xca\x1f_/K\xaf\
@\x7fJ\xad\xd0?\x91g\xdc}\xdb\xf6K\xde\x82\xab\
e\xd5d'\x91\x91\xfa+\xb8W\xa7\x09#e\xa8\xbe\
Cm\x10\x0c\x87\xd9\xb3g?\xb1\x02\x11S\x8b\xd1v\
\xff\xbey4{c\xdd\xbd\x03\xbbz\xe6\x5c\xbdRy\
\x80\x18\xbe\x7f\x9f\xe3G_s~\xf1\xd3\xc0?R~\
\xfd\xbf\x0fI\x9e\x02\xa45\xf6\xc1'\x9f#f\xcf3\
w\x17\x93\x02\xf7\xa3\x07\xdcT9EK\x1aAj\xfd\
\xddC\xc8\xb3\xb1\xb6\xd2!\xc2\x1d\x1d\xac\x5c\xb1\x9a\xa5\
+V\xd2\xdb\xe3\xb4\xd3\xed\x07X\xbal%\x17\xce\x16\
u\xdf\x1e\xca3\xe7\x16\x9d\x1d\xef\xd5\xa7\xe6$\xef\xa6\
\x0b\xef>\x7f\xceZ8\xbf\xe2\xa99\xe2\xf7l\xf6\xfa\
Cd\x9ax\x8cR\xe9h\x0b{u\x9a\x7f\x83\x84l\
\x02\xc2\xe4n\xde\xb6\x93P\x8d\x86\x82\x22\xf2CU\x84\
\x8ew)]\xa0j\x11w\xf6A\xc4~Q\xdd\xb6[\
\x0c~\xfa\xe1\xfbw9y\xec\x88\xfe\xd58\x92\x84\xf4\
2\xe5\x1dsm`_\xb6t\x05\xdbv\x0f\x11\xe9p\
zA\xeay\xa0\xdcQ\xaf\x96\xfa|>b\x9d]z\
\x7fw\x1b\xd8\x0d\xc3 \x16\xebb\xfd\xc6M\xf4\x0d\x0c\
\x12\xeb\xec\xa2#\x12\xc1Y\xbf\xde\xed\x8c\xba{l\xb3\
\xc1u\xb8\xfb\xe1+\xa4\xca.\x0ch\xbcN\xe9\xdd\xdc\
s\xb7PE-\x13y\xe8l0\xbe\xbd\x11\xc9\x03o\
f\x9ca\xb2\x17\x10\xf2M\x15\xacp\x92s\xfb\x116\
x\xa3\xda \xbed9\xdbw\xed.\xdb}\xfd\x80.\
\xdf~1E\xc7y\x91z\x07\x0f\xcb\xb2\xb8z\xe5\x12\
o]\xbe\x80e\x15-\xfc\xbb\xc0\x0f .PE\xa6\
\xf8\x90i\xf3\xbfCK>Z\xb1j5C{\x0f\xc9\
\xbe\x9a=y*\xc3\xc70\x0c:\x1df\x9a\xcf\xe7\xa3\
\xaf\x7f\x80\xf5\x1b\xb7\xd0\xdd\xd5M\xb4\xab\x93`\xd09\
\xe0\xbb\xec\xd1\xb1(\x18\x0c\x12\x0e\x87\xc9d2 \x04\
`?\x9e\x9bS4i\xab4(\xf5L\xe9\x9dZ\xfe\
\x0eE\xc0[Z\x96r\x9be\xca$x*C\xef\x8c\
\x8d;\xf8}\xa4\xe4Q\x06\xf7:\xf1{\x90\x80\x9b\xa2\
cv\xd9\xf2\x95l\xda\xba\x9d\xb6H]7\xb2^\xdb\
\xbb\x5cZ\x919\xe7E\xd46\xa6i\xba\xa5\xb6\xdeF\
\xae\xf1(\xf6\xc1v'\x02\xf6-j\xc5\xe5\xabV\xb3\
k\xe8\x80\xeb\xbe\xbd\x9aK\xf5\x5c\xe2e\xcbWr\xf5\
\xf2%V\xac\x5c\xc9\x8aUk\x88uu\x13\x8dF\xf1\
\xf9|\xb2\x8f&@\xd7\xd3;\xc0\xc3\x07E;~\x1b\
2\xe8-\xda\x10\xdbF\xa7\xf4y$L\xf19\x00f\
LId\xadW\xea%\xee\xc6\xf2\xf4\x1fM;Cs\
\x7f\x13a\xe3\x15\xd8\xd5\x95Tu\xe2\xdf\x83V\x8a\xca\
\xef\xf7\xb3~\xc3\x16V\xac\xb6\x97\xa2rJ\xbb\x22\xd3\
\x1aI\x96)\x97\xda\x84[;3\xe7\x5c\xc0~\x19\xe9\
\x02s\x8e\xf2\x04\xa4\x1fF\xc2Z\x01\xd8\xb8i+\xeb\
7ou!\xc2*\x980\xae\xc4]}`\xe9\xe9\xed\
\xe5\x9d\xef}?\x1d\x1d\x1d\x1a\xc0\xab{\xcc\xbc\xee\xbd\
\xb7\xafO\x07\xfc\x16\xc4\x94\xf1\x16b\xbb\x00\xe2\xd5\x0f\
\xef\xa6\xe5\x8bm\xa4I\xcd\xc3oyX\x06\xf64B\
\xc0|\xa6\xf0\xbf[\xc7\xd6oC\xb4N'H\x04\xd7\
\x8e]C\xac\x5c\xb5\xa6\xca\x81\xbcy\xbd\xdd\xc7\xa9\xe6\
\xaeC#\xd1x\xf3\xd1qVI:\x9d\xe2\xc4\xb17\
\x9c`\xffc\xc46wV\xa8\xd9\x8f\x0c\xc4\x9bA\xa6\
\xd1\xbb\x87\xf6\xb3y\xeb\x0e\x02\xbe&\xcc?\xe7\xc9Y\
\xc5?\xdag\xe7\xf7\xd2\xe3\xddM\x9c\x9bW\xdcOq\
\x91\xfd\x8bn{\xc9\xabwS\xa1\xa0\xe5b\x89\xb8\xab\
G\xc3;\x99\xfab\xee!)\xb3}\x86k\x1exk\
\x8e\xc1\xab\xb6\xc8\xb9\x09$\xe6\xfd\x04\x95\x99\xf8\x7f\x86\
\xd6\x14\xa2\xa3#\xca\xe6\xed\xbb\xe8\xb1\x13-\x0dH\xf3\
\xc4]\xa3\xdb,$7\x90J%x\xe3\x95/\x91\xc9\
\xd8\xcaG\xff\x11\xf0i\xca\x07\xdbg)4\x11Q\xb2\
\xbd\xe6@\xeb\x94f\xa6\xbcv\xe2\xae\x91}e\xb3Y\
\x12\xb3\xb3\x98\x96E\xff\xc0@\xc5\xf5\xa211\x0d\x0a\
\x15o\xb7\x22\x01<nv\xfc\xa2\xd0\xf0\xf5d\xbe8\
A?\xac\xbe\x88\xa4L\xd2\xf5\x95|\xf1xDC\x0a\
L\xda\x0bV\x0c#L\xfcq*3\xf1\x1f\x03>\xaa\
6\xe8\xed\xe9c\xfb\x9e\xbd\x04\xb4\xd2\xd1\x86e`U\
Q\x8f\xf3K\xdc5o\xc77\x22^\x19\xf9\xe4\xcc4\
G\xde\xf8\x8a\x13\xec\x9f\x05~\x9b\xf2\xd4\xe2g\xd0\xc0\
\x1e\x08\x04\xa5\x9a\xef\xea\xb5.\xd7D~\xf7bhV\
iY&s\xe99f\x133\xdc\xbbs\x9b\xbb\xb7o\
\x92J%\x89uv\xf2\xbe\x0f~D[\x11\xdb\xad\x8a\
E\x85\xf0\xd3\xaeM\x17\xe2\xa9\xf0f\xc7[\xc6\xbc\x9a\
\xf2\x8djx\x13\xa9\x14\x03@,e\x92n4\xfe\xb3\
\x92\x1d\x9f\xb4\xe0l\xda\xd9\xd7\xed\x02\xd2\xea\xa9\x12\x13\
\xbf\x07GS\x88\xfe\xfeAv\xec\x19\xc20J\x8f\xda\
\xbch\xca*\x18~\x94JW\xdf\xbau\x9d\x8b\xe7N\
\xeb\xe5\xa3A\xbc\x1doP\x9eZ\xfc=h\xf1\x0d\x91\
H\x07\x87\x9e|\x86h\xac\xcbU\xbd9\xcf\xb9\x16q\
ga\xd4r\xbb\xd7\xbc\xac\x16\xa5\xebo\x9a&\xc9\xd9\
Y\xd2\xa9\x04o\xbdu\x85\xb1\x91\x11\xb2\xd9\x8cm\xfd\
\xc4\xecl\xd5\xfd\x85;:\x08\x04\x03dJ\x9bu\xe1\
\xee\x8f_\x14Z\xbe^\xb7\x9c\xee\x9aK!\xa0_\xe1\
3)$\xd1\xb4\xe8)\x9e4\xe9?\x5c\x169\xf7;\
\x94\x0aV\xb8\xd5\x89\xefDb\xe67\xa8\x0d\x96\xadX\
\xc5\x86M\x9bm`\xf7&\xf2\xe85\xa6y\xbc]\x87\
\xe6\x07\x1d\xef\xc4]\xf5\x00\x9c\xca\xcbo\xde\xbc\xce\xf9\
3'\x9d_\xfc(\xf0:v\xb7[\x10\x89\x5c\xd4\xc0\
\x1e\xe1\xd0\xd3\xcf\x11-$\x1fy\xbb\x96\xd5\x89;\xfb\
\x17\x8d=o\xd9\xcc\x1c\xe9t\x8a\xc9\x89q\xae]\xbb\
\xc2\xf4\xe4D\xcd\x06\x14S\x13\x13\xf4\x14\xaa\x12;\x8f\
\xea\xf7\xfb\xe9\x1f\x8c\xeb\x03\xc3s\x08\x89\xb9(Se\
\xeb\x9d\xd2;\x99\xfa\xcb\x80d:L\x99\xd0\xd1\x02\xbd\
9j\xd2\x7f,\xe5d\xe2\xff\x1bR+\xbeRu\x9a\
\xe7\x91\xbas\xcb@\xc8\xb9-[\xb6\xb3dE\xa5$\
\x8cf\xe1V\xb0\x11\xad\xb2\xf8\x0cO\xdbU\x93r\x16\
\x7fa\xa6\xfb.`\xbf\x8aT\xa89EI\xb3+3\
\xea\xbb\x11\xce\x04\x90\x08\xb4-\xdbwh\x99\x86\xba\xb4\
k\x1a\xaf]'W\xd5oq\xf1\xfc9n\xdd\xbcV\
\xab\x82\xed]\xe47F\x81w\x00\xdc\xbeu\xa3\x08x\
\xb7\x03\xacX\xb9\x9a\xdb7\xae\xab\x8f\xefB\xcc\x1d\xd7\
T\xd9\x85\x0e\xc0i\xc4\x86\xd7\xb5\xfc\x19\x0a\x17\x85\x09\
\xb3\x00\xb7&\xe4f\x8e\xfe\x8b\x19\x1d\xec\x09D\xa3\x1c\
\xc1N\xce)\xb0\x87\x81\xf7#a\x9cE\xd9\xb6}'\
\x83K\xab\x9f\x8c(\x89\xf6\xda\xf1\xed\x90v\x9b#\xb9\
\x5c\x8eK\x17\xcep\xe7\xe6\x0d}\xf1\x19\xa4\xc6\x9c\xb3\
\xb7\xdev\x1c\xfd\xdd\x96.[\xc1\xd0\xbe\x03(\xd2\xac\
9\xf1\x08\x06\xd7\xd5\x9c\xc4\x1d\xdc\xbeq\x8dT\xd2\x15\
\xecW\x10\x13\xe5\xaf\x90g.\x04<E\xe1\xd9\x9e\x9e\
\x9a\xc44M|\x15\xd2uW\xad^\xcb\xe1\xd2GU\
\xab\xdec\xaa\xec\xfc\x06\xe0\xd4k\xc3\xeb`7\x11W\
\x8c\xc8T\x0e\xb9N\x0d\x88i\xc1\xd9\x0c\xf1\xdb6{\
}\x0ca\xe2\xdf\xa4\x04v\xb0'\xc0|\x18\xad\x03L\
8\x1cf\xfd\xa6m\xc4\xe3K\x16\xdeXb\xfe\x89\xbb\
f\x82i@\xa2\xe7N\x1d?\xcc\xe8\x88-K\xec,\
\xf0\x83\x94\xa7\x16o\xc3\x01\xf6%K\x97\xb3c\xcf>\
\xdb\xf9:c\x0e\x9a#\xee\x9aCFWw\x8f\xde\x91\
\xf6\x1a\x92\xff\xfewH\xb9t\xf5\xfb|\xc8\xb3U\xf4\
=&\x93I\xf2\xf9|\x09\xf0.\xa7\xd1\xd5\xdd\xcb\xcc\
\xf4\xa4\xfa\xa8j\xdc-\xba\xde\xf1\xf5>\x1fN\xd7\xdc\
I\xf5E|\xbc\xd1\xac9\xe0\xcd9'\xd8\xaf!\xa5\
\xa3O`o\xe2\xa8\xec\xc5\x0e\x84\xbc+\x82=\x1a\x8d\
\xb1\xf7\xe0S\x0c\xc6%\x98\xaeU\x89xM\xed\xa7\xca\
\xb6\xad9\xbfJ;)-\xaft\x1c\xfbr\x0b\xd3\xcc\
s\xfc\xc8kN\xb0\xff\x05\x12*\x9b\xa1<\xb5\xb8\x08\
v\xc30X\xbbn#\xbb\x87\x0eTh\xe0P}\x16\
\xe5\xf6\xd9^\xb9\xa7\xf2\x9ej}\xd6\xc5\xe13\xf7Q\
\x02{\x02q\xa5\xe9\xafKj\xc5\x99\xe9I&'l\
e\xb5\xcb\xc4\x91w\xbf\x0f\x97\xf6S,\x82\x09c=\
\x80w\xb3\xe1\xf3H\xdbg\x91z\xa9\xfa\x84\x09G\xcb\
\x0aV\xfc1R\x9b^ulu2\xf1\x1dH1\x85\
\x17\xd5\x06\x9d\x9d\xdd\x0c\x1dx\x82`\xb0\x95=\xc1\xdb\
\x1f\x80S\xed\x08\x8d:=\xaa\xef\xcf\xfd\xbcf\xa6'\
9\xfc\xea\x97\x19\x1d\xb5\x81\xfd\xd3H\x12\x8c^\xab?\
\x80Lu\x7f\x0f-.~\xeb\xd6\x9dl\xde\xba\xbd\xe2\
\x94W\x89\xb7A\xae\xc2JM\x5cg\xb5\xea\xe0\x92\xa5\
\xfa9\xae\xa3T\x899\x8d\xbd\xa2m\x0a\x01\xfdE\x90\
\x99\xcf\xd9\xd3'\xab\x1e\xb5\xaf\xaf_\xff\xb8\x95z\x8a\
a\xcc\xa3x\x02\xfc\xc8\x07\xba*1\xf59\xf4\xdc\xf8\
\x9bu\xb4\xa6\x98\xcc\xd1\xffj\xd2\xd9\xc4\xf1\xb7\x11b\
(\x85{u\x9a\xf5H\x1d\xf3\xa7\xd5\x06k\xd7m`\
\xcf\xfe\x83U[\x03\xb9\x8b<\xc3F\xc3\xcc\x91\xa5\xed\
\xa5\xfe\xed\xaaI90\xec\x0b\xdc\x8e\xd9\xe8\x8caz\
j\x827^{\x85\xa9\xd2t\x14$D\xf6s\x94\x17\
\x0d9\x84\xe4\xb8\x17\x9b\xafm\xdb\xb6\x8b\xd5\xeb\xd6W\
\xcc\x19w\x17\xab\xa9s\x06\xea\x8f\xb8\x03z{z\x09\
\x85lM,\x22\xc83\x9cuy\xe5\xd0z\x12L\x8c\
\x8d\xba\x1d\xb0\xb4o;\xe0wQ\x97\x86\x9f?\x03\xb4\
\xd9)}\x0e\x99\xf6\x89x)we\x01\x0fs\x0c\xbc\
\x91v\xba\xdd>\x89\xb8\xdd\xdc\xc2d\xc3H\x7f\xb1\xcf\
\x22\xd3%\x00\xd6n\xd8\xcc\xeau\x1bjj\x96J\xe2\
\x05\xac\xcdj\xda\xfa\xb6\x9f_\xe6a\xe4\xe1\x03\x8e\x1f\
}\xc3\xe9c?\x87d\x1d\xea]`\x82\x88\xbb\xe9\x13\
j\xa5`8\xcc\xce]C\xacZ\xbb\xde\xf6\x1bK\xe1\
\xc1\xa5\xdf\xe2\xf5\x1a\xb4>\x5c\xd9\xb2\xed!\x14\x09\xe3\
\x0f\xd8\x14\x83[\x06\x88\xae\xd8\xaeR\xd0\xf2\x00c\xa3\
N\xd0\x97$\x18\x0c\x11\x0e\x17\x07\x93\xb5H\xcf\xb92\
\x0d_1\xc4v\x9en}\xbdSz7\x0d_\xbc\x0a\
\xe1\x8c\x09\xb5z\xc7\x9f\xcb\x10?\x96\x92\xba\xf6\x22\x09\
\xa4\x04\xd2gq\x07{\x08)A\xf4\xff )\x88\x00\
l\xdc\xb4\x8d\xd5\x15\x9aB\x98\xad\xd0 \xad\x92\x16\x9f\
C\xabb\xe7\xaf\xbeu\x897\x8f\xbeN\xb6\x141\x92\
\x06\xfe5\x12\x17\x7f\x09;\xd8\xdf\x87\xe4$\xf8\x01\x02\
\xc1\x10\x07\x0f=\xc5\xf2\x95\xb5Ce\xdd\xce\xb7\xdcn\
o\xee\x22\xd5c\xc7/Yjs\xd5~\x08y\xc6\xf4\
WP\xfb\xdf\x8ff\xcb_\xbbr\xb1\xb4\xa5\xe3 \xc1\
p\x90p\xc4\xe6\x86\x5c\xca#n\xc3+\xd1\xb5|\x0e\
\xad\xf0_(kIK'7\xc9[\xd2\xea\xe9\x96\xad\
\x17\xf7}\xa4 \x85\xb2\xd7\xdd4\xfb\xfb\x10\xb0\x03\x12\
\xbd5\xb4\xef\x10\xcbW9k\x9f\xb5C\xd4\xb4\xbf=\
{\x9f\xef\xd2\xd5j\xf9[\x97/\xf2\xd6\xe5\x0b\xfa\xc2\
\x07H\x99\xe87)\xcfK\xf8\xa7H@S\x00\xa4B\
\xcd\xbe'\x9e\x22\x16\xeb\xaar\xec\xca\xe7SO\xfd<\
w\xe2\xcejjx\xd8\xb4\xd9V\xd1j'2\xad\x8f\
P\xeaV\xac^\xe1\xc2\xeb\x0d\xb5\xf2\xf4\xe4d\xc5 \
\x9d@ H4j\x03\xfc2*$\xd2,\xa4\xd4\xd7\
E\xc2}J_l\x01\x1a\x9e\xb3\x98\xc9Zr\xe9t\
\xc9Yp\xaa\xac`\xc5\x9f#\x015\x93Tn\x0a\xf1\
#\xc07\xaa\x0dB\x91\x08\xbb\xf6\xec'\x12m\xbeN\
|+\xc5=\x00\xa79wK;z\xce\xe5-\x8b\xeb\
o]\xe2\xea[\x97\xf4\xc5\xe7\x91\xa0\xa5I\xec\xde\x90\
\x10\xf0\x0d\x88\xc6\x07\xa4\xf6\xdc\xce]\xfb\xe8\xec\xec\xae\
p\x84V\xb9\x98*\xec\xa7\x8a\xbf\xdd\xebn\xa3\x9d\xb6\
RZ\xcb\x90\xac\xbe\x13\xc8\xe0\x96\xa34\xd0\xc5\x805\
h\xd5\x8c\xe7\xb2\x192\xa94\x1d\xb1h\xd9Q\x0d\xc3\
 j/\xd3\xa5kx\x1d\xec\x0b\x1ab\xeb\x19\xf0#\
\x1f\xe8\xb2\xe2\x7f=\xe36\xa5O!\x81\x19\xbb\x0d\x0b\
\x81\xae.\x939bof\x9c}\xdd>\x87T\x8bU\
Sx\xbd=\xb3\x02\xfbO\x03\x1fP\x1bD\xa2Q\x86\
\xf6\x1e$\x14\x0c\xb5\xf0jy\xf3\x5cW\x0e\xc0i\xf4\
\x01od;\xfb6\xf5\xfa\xdc\xf3\xd9,'\x8e\x1ff\
\xd2\xde\xb5\xf5<b\x97OP^\xb4\xe2ch9\x09\
\x03\x83qv\xef\xd9\x87?\x10*;\xfd\xc6r\x03\xea\
\xf1\xbfW\x10\xe7E\xb0\x1c'Sa\x80X\xbbn\x03\
7o\x5cS\x0b\xbe\x1fi+\xa6\xba\xc9\xaeAL\x9b\
\xb2\xe2\x96\xa9T\x8a\xf1\xf1QV\xc6\xd6\x14\xf7\xa5\x1f\
``0\xaew\xd9\xd9M\x09\xe8\xfakA\xa5^\x0d\
\x0f\xe5\x80\xcf\x02\x87\x91\x1f(\xed\xa7\x06\x0b\xc4\xc8x\
\xaeR\xc1\x8a\xcfP^\x9dF\x8d\xac\xfb\x10\xffz\xb1\
B\xca\xb2\xe5\xabX\xbfq\x13\x01\x7f#\xa7[[j\
e\xce\xcd\xaf\xd4FO\xbd \xc9e\xb3\x1c9\xfc*\
\xb33S\xfa\xe2/!}\xd7\xdd\x92\x90l`\xef\xe9\
\xebg\xf7\xde\x83U\x1bC\xe8\xd8+\xcdNJ\xbf\xc5\
\xeb\x00\xd5\xfa\x02\xa1\xb2\xad\xbe\x87u\x1b\xb7p\xfb\xce\
mL\xe9b\xbb\x06\x18BL\x97\x8d\xee\xfb\x90){\
,\x1a\xc3\xa8\x92\x11\xdai\xf7\xf3\xaf+\xbc{\x9f~\
\xccC\xe6\x5c#Sz'\xe0\xe7\x10\x0d/2]\xc0\
\xefp\x8e\x81\x93)|%\xc5>\x8b<`_*l\
\xa7b\xe2\xa1\x14\x93\xfd\x14\xe2\x0a)\xb5\x0bY\xbd\x96\
\xb5\x1b65\x10Af\xe1\x9b\x97$\x16\x0f\xe7bU\
\xce\x1cnw\xe6\x5c:\x93\xe1\xf4\xf1\xc3N\xb0\xff2\
\xf0?)\x81\xdd\xa0T!\xe8\xbf\xa0\xc0\xee\xf3\xb1v\
\xcd:\xd6o\xd8\x82Q\x04\xbb\x9cp\xb3\xd9y\xe5\x99\
r\xde\xee\x97~\x0e\xd5\x96T\xbb\xac\x9d\x9d\x9dtE\
c\xba+\xf2?\x94\x9d\xb3a\x10\x89F\x89vDY\
\xb9j-\xcbW\xad\xa2\xa3#j\xf7\x089\x0e\xd2\xdf\
os\xcd9\xeb\xa7-\xb8v\x87\xc65\xbc\x02\xbd\xb2\
y\x8a\x8d)\x823&\xd9\xf3i\xe27l\xf6\xfa\x14\
2Mz\x93\x12\x07\x00\xa5\x07M\xc5.\xff\x8a:'\
\x9f\xcf\xc7\xfa\x8d[XZ\xe8BR\xeb\x01\xcb\xe7s\
LOM\x91\x98\x99\xc64MV\xaf\xdb\x00F+\x92\
4\xda\x9f9WI\xbc\xdb\xf1\xee\xc7\x19\x19}\xc0\xd9\
\x93'\xc8fmv\xd6\xcf\x03\x7fC9Az\x10\xa9\
=Wt}l\xde\xbc\x8d\xd5k\xd6Q=.\xbe\x9e\
\xdf\xe8}\x1a\xefL\x95u\x9d\xbd{<\xaaS\x02\xc1\
 \xa1HXj/\xeb\xe2\xf3\xd1\xd3\xd9M\xb4\xb3\x93\
5\xeb7\xb0t\xd9\xf2bw\x19\xe1hj\x1f1\x10\
\x0c\x91+]\xef\xa5\x94\x1feA\xc5\x1b\xe0?U\x88\
\xadY\xbb\x1e\xec\x1a\xde@\x1e\x9c\xd3\xc8\x0f\xeb\xee\x9d\
\xc9\x83\xbd\xc0\xe45\x84|;C\x89\xacPdF\x00\
\x89\xd8\xfaI\x94I\x00\x04\x02!v\xee\xdeKg\xb7\
\xb3a\x9f\xfd\x811M\x93T\x22\xc1\xec\xec\x0cwo\
\xdf,\xc6I\xc7:\xbbY\xb9f-~\xbf\x17\x1d\xb4\
\xf0\x99s\xde\xcf\xc0\xfbt\x7ft\xe4!\xa7\xdf<\xea\
\xf4\xb1\x7f\x02\xe9\x04\xe3\xcc8|\x02\xf1\x84\x14C\x15\
7\x15\xc1^\xaf,~\xe2\x0e\x03\x06\xe2K\x18y\xf8\
\x80`0Lgg\x8c\xbe\x818\xab\xd6\xac\xa5\xaf\x7f\
\x00\x9fa\x94\xdfL\x97C\x94\x1b\x0b\xb0|\xe5J=\
sn/\x92Q\xaa\x94\xa4\xc8\xcf\x16\x89\xffy\x97F\
\x8db\x1d\xf4J>\x86<P:\x85\xfb9\xa4:\x8d\
R\xf7\x0a\xe8~J\xe4\x5c9\xd8\x87\xf6\xd1\xd9Y\xb9\
\x0cn&3\xc7\xe4\xe48\xf7\xef\xdd\xd1\x13\x16\x8a2\
\x97I\x93\xcb\xe6\x08\xfa\xbd\x87\xda\xb6\xbb\x02N;\xa4\
\xd2@q\xfb\xe6u._8\xab7r\x1cE4\xfb\
\x11\xec\x85>\x15g\xf2\x0b\x85\xff\x09\x04\x82l\xd9\xbe\
\x93%K\x97\xdb\xf6\xe94=j}\xf6&\xf5\x10w\
\x15\x0e\xd0 q\xb7z\xed\x06\xac\x9c\xc9\xda\x0d\x1b\xe9\
\x88E\x1b\xa8\x99\xe0.\xfd}\x83:\xe0\x9fE\xca\x80\
-\x16\x82\xa8>\xc0\x8f\xdc\xbcn\xc5KZ^\x81^\
}\xfec\xe0O\x91Q\xed)\xa4S\xebYJ\xec\xa4\
\xd2\xe8*\xc68\x8cL!\x8b`\xef\xec\xeaa\xeb\xb6\
\x9d\x15\xddn\xa3c\xa3\x0c\xdf\xbd\xc3\xec\xeclYe\
\x92\x82$\x80X6;\xc7\xe4\xf88\xe1\x15+=i\
\xce\xe6\x08%oR_\x05\xb0\xc6\x89\xbb\x0b\x17\xcep\
\xb7\xd4\xb7\x1c\xc4m\xfa3\x94\xfb\xd8\x03H\xd1\xc5\x1f\
\xa3\xc0\x99\x04\x82!\xf6\xee;TV\xc7\xdd\xab\xb4\x97\
\xb8kF\xcauq4\x1ae\xdb\xee=T\x9e\xa9{\
\x1c\xc1\x1c\xab\xadX\xb9\x8aSo\x1eU\x1f\xf7Sr\
7/\x0a\xd07\xab\xe1\xd5\xff\xea\xb3\x0f\xe9\xfar\x82\
\x12\xc8\x95FW\xc0\xf7#\xa5\xa8>\x8eFl\xc4\x97\
,g\xd3\xd6m6R\xc4\xb2,\xa6&'x8|\
\x8fT2\xc5\xeclEs\xe82B\x06\x06(\xf4,\
\x1b\x1f\x1fa\xe9\x8a\x154\xed\xfa\x99\x07i\x0dqg\
q\xe1\xdci\xee\xdc\xbe\xa9/\xbc\x88\xcc\xba\xceS\x9e\
q\xf8\xcd\x08\xaf\x02H\xe5\x96\xa1\xbd\x07\xe8\xecv\xf3\
\xb1;\x89\xba\xf9%\xee\xdc\xed\xf8\xe6\x88\xbb\xaa\x1b\xd6\
\xb9b6\x9b%\x91H0\xf2p\x98\x91\xe1a\xfd\xab\
\xa3\x94\x92\xcc\x16\x05\xe8\x9b\x01<\x94f\xba\xeaJ\xa8\
\xcf:\xb8\x15\xd8A\xee\xd7\x01\x84\x9c+\xb6\xde\x5c\xb2\
t\x05\x9b\xb7\x957\x85H\xce&\xdc\xea\xa9)\xb9\x87\
\xcc(\xfe\xa6\xb0\xff\x10\xd2\x03\xfc\xbb\x01ffg\x1a\
\xfcin\xe2\xed\xd1\xae\xdf\xa5T[\xfby!\xee2\
s\x19._8\xc7\xf0\xfd\xbb\xfab\xe5c\xbf\x80=\
\xce!\x84\xb4\xda*\x82=\x1a\x8d\xb1m\xc7\x1e\xba\x8a\
n\xa5zG\xa0\xf6\x12w\x95\x0e\xd7\x8aq\xd2\xeb>\
\xf4\xf5r\xb9\x1c\x89\x99\x19&''\xb8w\xe7\x16\xd3\
S\x93$\x12\xae\xb5\xef~\x87\x12_b\xf2(\x02\xbe\
0\xadW \x07\xfb\xb5\xd0\xdf}\x8ee>\xc4\xa6\xf9\
E\x0a`7\x0c\x835k\xd7\xb3bu\x91\x18\xb6\x89\
\xe1\xf7a\x18~\xecT\x01\x97\x80_E\x1eh=\xc1\
#\x04\xdcD\xec\xd5\xc1\xb9t\x9a\x87\xc3\xc3,[f\
\xb7E\xdd\xa55\xc4\xdd\xfc\xd8\xf9\xf6G4\x9dIs\
\xf4\xf0\xab\xa4\x93I}\xa5\xbf@\xdc\x9bN\x1f{\x10\
\xf8\xbf\x80\x7f\xa2V\xec\xe9\xebg\xd7\x9e\xbd\x04\x02\xb6\
,2ORyfR?\x14\x9b\xf2\xbf\x9b\xd4W\xe3\
\xae\x06\xf1\xe7\xa4\x01r\xb9,\xa9D\x92\xf1\xd1\x11F\
G\x1f\xf2\xf0\xc1}\xe6\xe6\xe6j\xd5\xc2\xfb\x05$>\
%GI\xc3/\xb84\xa4\xe1\xab\x80^}\xd6A\xae\
>\xfb\x10[R\xc0\xee\xf7\xb3c\xe7\x1egZ\xa1M\
\xc2\xe10\x81P\x80\x5c\xae\xe8\xe6\xf8I\x84\x17\x98A\
\xa2\xf42\x94\xd0\xaa\xbc\x06\x7f\x82$\xe3p\xf7\xce\x0d\
\x96,Y\x82\xcfc\xe3\x83G\xadtu&\x99\xe4\xcd\
\xe3\x87\x9d`\xff\x1c\x92\xcb\xae\xc2\x95u\xd7\xe7\xcf#\
\x83. `\x1f\xdaw\xb0\x22a\xe5<\xdfZ\xa6G\
3\xc4]K\xd7u%\xee\x9cv|\xe5}\x99f\x9e\
\xe9\x89\x09&&&\x18\x19y\xc0\xd4\xc4x%\x0d\xae\
\xcbC\xe0\x1f\x80W\x91\xee3\xa3\x94\x06\x5c]\xc3/\
(\xf0\x1b\x0e]\x1b\xb9y\xddv\xe2\x052O\x17\x1d\
\xfc>`\x09\x92\xcfN0\x18b\xcb\xf6\x9dU\xc1\x0e\
bW\xf6\xf5\x0ep\xbf\xf4@?\x81T\xd9\xd1s\x98\
\xd5s\xe9+,?B\x01\xf0\xb9l\x8el.G8\
\xe4oKy\xa8\xba\xa5U\x1e+`ff\x8aS'\
\x8f9\xc1\xfeq\xe4aSE+\x14\xd8\xb7#^\x94\
b\xd1\x0a1\xa3\xb6Ug\xa7=\x9co\xb9\x1d\xde,\
qW\x0fs\xdf\x1a)rE\x0f\x1e0;=\xc5\xd8\
\xe8\x08\xc9dB'>+\xc9y$'\xe4\x0d\xe0:\
r\xdd\xf5\x97\xd2\xee\x8b\x02\xec\xd0\x04\xe0\x9d\xa2\x0f\x00\
\x0e\xf0+\xc0\x17k\x00\x85\xc2\xa1\x9a`/\xeek\xc9\
R\xee\xdf\xbb\xad>n\xd5\xbe\xb2p\xbf\x88Ef/\
\x9b\x9dcvv\x86p\x7f\xfd\xd3\xd5ri&\x00\xa7\
\xb6\xd4\x93,s\xff\xfe\x1d.\x9c=\xe5\x9cR\xfe\x0c\
\xd2\x8f\xdd-\xa0\xe6cH\x08) u\x04\xd6\xaf\xdb\
X\xe7\xefh\x98\x12+\x8a7\xe2\xce\xfds\xa3M&\
\xdd\xce2\x9f\xcb\x91H%\x19}0\xcc\x83\x87\x0f\xc8\
$\x12\xce\x02 \x95\xe4,b.\x1dE2\x0cS\x94\
\x17\xcdP\xff\xabH\xd4E\x03vh!\xe0\xab\x88\x02\
|\x91>N\xd9\xb5RUq\xb0\xc6\xdb\x90\x0e\xb0I\
\xe4\xdc\xd5\xe8\xa9\xfc\xfa\x01\xe4\xc2^\x07\xd6\x9b\xa6\xc9\
\xf8\xf8(\x03\xfd\x83\xb4_\x0aSF\xab<f\xc3+\
qWI\xf4\xc1`\xf8\xde\x1d\xce\xd9\xcbG\xe7\x90X\
\x87\x97\xb1\xfb\xd8U9\xaa\xff\x88\xd6\xdbw\xdd\xfa\x8d\
\xac^\xbb\xce\xd5<\xb1\x9f\xbb\xfbyU\xd6\xd0\xed!\
\xee\x9c\xfb-\x1e\xbf\x0e\xe2.\x9f\xcd153\xc9\xf4\
\xf4\x0cc\xa3\x0f\x98\x18\x1d%\x99NA\x8dz\xf4\x88\
\x06\xff#$\x92\xf46%P\xeb\xaf\xbc\xcb\xff\xea\xb9\
T\xb6{\x11\xf4\xce\x99\xf1|K\xbb\x01\xaf\x93x\xc5\
\xabkY\x16\xb3\xb3\xb3U\x83k\x8a;0\x0c\x06\xe3\
K\xf4\xe2\x8a\x87\x90\xd1U\xdd{\x05\xf80\xa5<\xe6\
?D\xf2\xbb\x99\x99\x9c\xf2x\xaa&&\xbe\xb6\x97\xae\
n\xd4t0M\x93\xcb\x17\xcf9\xddn\xd7(u\xe2\
qv\x81\xd9]\xf8\xae\x18P\xb3y\xdb\x0e\xe2K*\
\xb5\xf9m\xa1\xbdQ\xf7\xfeZ0\x8d\xd7\x88\xbb\x5c6\
\xc7lb\x9a\xe9\xc9)F\x0a\x00O\xa5j*\x99Y\
\xe0\xff  ?\x89\xd4\xa7W\x05Tu Wz\x99\
\xd8\xedu]\xb3\x7f\xd5ix\x9bX\x96E:\x95\xf0\
\x04x\x80\xde\xbe\x01\x1d\xf0_\x8fh3\x1f2\xe2\x1a\
\x88\x06{\x09y\xc8w\xa0\xb9\xfcfg\xa7\x99\xcb\xe5\
\x08\x05j\xff\xd4\xb6\xdb\xf0uK\x094\xe7O\x9f\xd4\
\xdb\x12\x83\xd4R\xff^J\x0f\xa5E\xc9\xc7\xfe!$\
\xe53\x08\xc2\x99\xec\xdc\xbd\x97\xee\xde\xde\xba\xcf\xc0\x19\
0To\xc4]31\x06\x9e\xa7\xf1\x96\xc9\xe4\xd4$\
33\xd3\x8c\x8f<dtl\x84L*\xe5\xc5\x06\xbf\
\x00\xfc\x012#\xbc\x8c\xbb\xc6\xf6\x02l\x05n7\x90\
\x17Ob\xa1\xb5;\xcc\x0f\xe0u\x9f\xfd\x19\x0a\x91u\
\xb3\xb3\xb3\x0c\xc6\xbd5\x95\xef\xee\xee%\x10\x08\x92\x93\
t\xc6\x15H\xe0\x8e\x81\x04\x8fl\xa9\xb6-H\xa1\xc6\
\xc1\x81x\xcd\xe3,4q\xe7\x06\x8e\x5c>\xcf\x85\xb3\
'y\xf8\xe0\xbe\xbe\xf8\xf3\x88{SU\xf5\xb5(\xb9\
\xdd\xbe\x0e\xc9]\x00(\xb4i>\xe0\x92\x97P\x09P\
\xf5\x8b7;\xbc2qW~\xdd\xab\x8f\x12f>O\
*\x95`\xf8\xc10\x89\xc4,c\x0f\x1f\x90J%k\
\x01\xfc\x01B\xe8\x9eDj\xc6?@<=^\x00\xee\
\x04\xb9\xe5\xf2\xae{\xac\x16\x15\xc8ui7\xe0\x9d\x17\
\xe1\xf7(\x94\xabJ\x17XP/\xd5N;bQ\x96\
,[\xae\xf7%\xffx\xb5\xf5\xc3\xe1\x08\xfd\x03qz\
\xfb\xfb\x89\x84#t\xc4\xa4\x12\xc9|e\xce\xb5*\xa7\
;\x99Jp\xe6\xe4\x9b\xce\xd4\xd6\xdfE\xea\x098\xab\
\xfa\x06\x81\x8f \x04\x1d\x00\x9d]\xddl\xde\xb2\x9dX\
W\xa7\x8b\xcb\xd1\xcb\xf0\xe6N\x819#\xee\xea\x91F\
\x02n\xf2\x96Irf\x9a\xf1\x89qF\x1e< \x91\
\x98%\x99\x98\xf1\xa2\xc1\xcf!i\xc0\xc7\x90@-\xaf\
\x1a\xbca\x80\x7f\xc3\xb7~\x87\xf5\xe9\xff\xf2\x1fk\x9d\
\xd7\x82I;\x01\xef6\xb5\xb1\x11w\x96ibx,\
/\xdd\xd3\xdb\xa7\x03\xbe(\x86a\xe0\xf7\x07\xe8\xee\xee\
a\xc9\x92e\x84c1:::l\xad\xa1\xbd\x8b\x02\
t\xa3\x051J\x80\xa8\x0f\x06\xe5\xdaovv\x867\
O\x1ca.]\xd6\xa2\xf93\xb8\x17\xad\xf8n\xa4\xa1\
# y\x09{\xf6Uj\x0cA\xf1X\xd5\x89\xbbz\
\xa55v{.\x97#\x93N1>6\xca\xc4\xc4\x18\
S\xe3\xe3\xa4\xd3\xa9\x9aM\x1f\x11\xfb\xfb\xf3H\xc0\xcb\
}J\x83b\xdb\x00\xfe\xd1o\xf9v\x0b\xf5\xab\x1b\xbf\
p\xf3&\xf35\xa5W\x17\xee\x1a\x124\xd3\x95L&\
0-\xcb\xf3\x14\xba\xbb\x90\xd0a\x18\x06\xc1p\x98p\
0L_\xff\x00\x83\xf1\xa5\x04BAB\xa1\x06\xdb\x5c\
5 \xed&\xee\x12\xc9YN\x1c?\xacW\x94\x05\x89\
\xdc\xfa+\xec\x8d!\xfc\x08g\xf1\xef\xd1|\xec]]\
=\xec\xda\xbb\xaf\x81Z\xfd\x8d\x19\xdc\xcdF\xdc\x99f\
\x9e\x99\x99i\x1233\x8c\x8c\x8c059\xae\xb7\x84\
\xaa&\xe7\x81\xbfD\x12\x83\xaeS2q\xda\x06\xf0\xaf\
\xff\xe6\x7fj\xb9\x81\xbb\xe0\xa3\xf1\xf4{\x17R\xe6C\
\xc3\xeb\x178\x8fD u\x01d2\x19\xcf\x9a8\x10\
\x0c\xb2n\xfdF:b\x9d\xf4\xf4\xf4\x12\xf0\xfbmA\
#\xb5\xf4\xf1b\xaa\x80S\xf1\xb9\xb0,\x1e>\xb8\xcf\
\xa5\xf3\xe7\xf4\xe8B\x0bi\xa8\xf9*\xf6\x0a5\xaa\x84\
\xb7\x0d\xec\x03\x83q6o\xddA \xd0\xba.<\xb5\
\x88;\xa7T&\xee\x0a3 3\xcf\xec\xec,c\xa3\
#\xa4\x92\x09F\x1e> \x93I{\x99\xa2_B\xb2\
2\xcfS\x0at\xd1\x19t7\x907\x0d\xf0Z'\xf5\
(I[\x00\xef\x08\xbdu\x82\xfe4\x85\x88\xbb\x89\xd1\
\x87\xc4be\x11z\x15e\xa5V\x90A\x7f\xa6\xea\xb1\
\xcb[ET\xb5#\x00\xe7\xf6\xad\x1b\x5c\xb9|\xde\xb9\
\xf8\x87\x91H.g@\xcd.\xc4^/\x16[\x5c\xb3\
v=k\xd6o\xc4Gy\x85\x1a\xf1Z\x95\x9b*\xf5\
\xff\x0ew\xb4W#\xe2L\xd3$\x91\x9cajr\x82\
\xb1\x91Q\x12\xb3\xd3^BUG\x91>\xf4\xc7\x11\xb2\
w\x18\x89\xbf\xa8\x06p\xd3\xe5\xbd.\x80\x7f\xe4\x9b\xfe\
I\xe9rT\x8dIpY\xb6\xf8\x15\xfc\xbc\x90v\xba\
v\xcf!\xd1`\x1f\x06\x98\x9a\x9e\xa2\xb9\xea\xf2\x95\xed\
\xc0\xf6I\xeb3\xe7\xf2\xa6\xc9\xed\x9b\xd7\xb9f/\x1f\
}\x13\xe9\xa1w\x94R\xc4\x96\xcac\xdf\x8d4\x86X\
\xa2V^\xb9f\x1dk\xd6W\xac\xc1X\xe1\xbc\x1b!\
\xee\x9c[\x96\x7f\x9f+\xb0\xe8S\x93\xe3L\x8eO0\
=5Q\x8f\x0d\xfe\xff!\xbf\xf9&\xe5\xc0n\x04\xe0\
\xfa\xffP\x06\xf0o\xb3\x16=J[(\xf3E\xda\xe9\
\xa0?\xa1Vp\x94Ln\xb9\xcc\xcd\xcd1;3\xc5\
\xf8\xd8\x18K\x97.\xa7\xc7^U\xb4\x824;\xa9\xaf\
\x8f\xb83-\x8b\xd3'\x8e011\xae/>\x8eh\
\xf64\xf6\x80\x9a\x00\xe2\x92\xfcY$\xe2\x10\xc30\x8a\
\x85>\x1b\x91V\x10w\xb9|\x9et:\xc9\xd4\xe48\
\xe3\xa3\xa3L\xcfL9c\xfc\xddd\x0aI6y\x0b\
y&n`\xb7\xc1\xbd\x02\x5c\x9fA\xd6\x04\xf8\x87\xbf\
\xf1\xdbJ$[\x05\xa9\xa5\xa8\x1f\x01E^Q\xe6K\
\xc3\xebS\xfa$\x12\x93\xbc\x0b`rr\x9c\xde^o\
q\xf5\x9e\x0e\x98\xcf3\x9bL\xf2\xf0\xc1=F\x1e<\
(\x16\x14\x8cE;=\x02^d>2\xe7\xf2\xb9,\
gN\x9d`\xd2\x0e\xf6\xd7\x90*4n\x015\xefE\
2\x06C `\xdf\xb1{\x88\xbe\x96\x86\x0e\xd7\x9e\xb2\
\x9b\x96\xc5\xcc\xe4$\xa9t\x82\xb1\x91Q&\xa7\xc6\x99\
K\xd7m\x83_\xa5\xb5\x1a\x1c\xecJ\x06\x80\x0f\x7f\xc3\
\xb7Z\x05\x0a\xdd\xf3\x15(\x93\xbaf\xf4\x8b\xdb\xe4\x9f\
\x0f\xc0\xab\x97>\xad?F\x01\xf0\xc3w\xef\xb4\x04\xf0\
\xa9d\x92\xe1\xe1{L\x8d\x8f\xbbV\xc6\x99\x9a\x1ag\
\xe9\x8a\x15\x04|\x8b#s.;\x97\xe1\xdc\x99\x93\xce\
Y\xce\xaf\x22\xe9\xbd*\xd3J\x81\xdd\x0f|-\x02v\
@\x02jv\xec\x1c\xa2\xb7\x7f\xc0u\xff\x95\x12U\xdc\
~v\xcd\xeba\x9a$\x13\xb3\xccLN0\x93\x98f\
bb\x82Tm\x1b\x1cd`\xff3\x04\xe0wi\x8d\
\x0d^U\x83\x7f\xdd7|k\xf1\xff\xa6\xb5\xf0\xa3\xac\
\xca+H\xdb\x00\xef \xee\x9cL\xfd+\xc0w\x01d\
\xd2\x19\xf2\xf9|\x03.$\x98\xcb\xe5\xb8\x7f\xe76\x93\
\x93\x13$f\xa7+U\xc6\x01\xa4\x8a\xeb\xd2\xe5\x13-\
J\xa4\xf1\x16\x80\xe3.\x16\xd3\x93\x93\x9c9u\xdcY\
>\xfaW\x91D\x0d\xa7f7\x80\x0f\xa2\x81=\x1a\x8d\
\xb1e\xdbN\xba\xba\xba]\xf5I}5\xde]\xce\xd0\
\xb2H\xcc\xce0=5\xc9\xe4\xc48\x89\xd9\x19/$\
\x1b\x08\xb0\xff\x0c!foa\xcf\x1ak\x94E\xaf\x0e\
\xf0\x8f~\x8b\xfc\xdf6`\xea\x87\xf5\xa8\xe6\x17\xb1\xcc\
\x97\x86\xd7o\xaa\xad\x1f]6;G>\x97\xf3\x0c\xf8\
\x5c6\xcb\xf8\xe8(\x93\x93cLMO9\x03St\
\xb9\x0c\xfc>\x92l\xf3!\x80\xf1\xd1\x11\x8f\x80o\x8d\
\x1d\xeff\x0bOONp\xfa\xe4\x09\xdd\xed\x06R\xf2\
\xebs\xd8\xc1n \x9a\xfd{\x90*5\x00tvv\
\xb3sh_\xc3\x81E\x86\xe5+\x8b\xb8\xcb\xe6M\xb2\
\xd9\x0c\x13c\xe3LM\x8e35=\xc9\x5c:\x83e\
U%\xd9\xa6\x10\xef\xc1)\x84M\xbfOc6x]\
\x00\xff\xd0G\xbf\xb9A\x92\xcd\x0e\xcef\x95\xf7\xa3\xaa\
\xfc\xe7;\xf0F\xdd\xe8\xfb\x88\x9beY&\x93&\x97\
\xcd\x12\x0a{\xcbY\xbfy\xe3\x1a\xc3\xf7\xeeT\xfa\xfa\
:\xd2\xb3\xee\x02\xa5\xb2WY\x0a\x80\x9f\xf6\x96\xf3\x0c\
Tvc9\xd7\xa9\xe7\xa6ONNp\xfa\xc4\x11\x9d\
\xadN a\xc2_\xa6\x04v\xdd\xf5\xf6SH\xb8,\
 \xf5\xf6\xb7\xef\x1aj\x10\xec\xday\x9b&\xe9d\x92\
\xd9\xc4,\xa3\x0f\x87I\xcc\xce\x92N{J69\x8b\
\x04\xff\xbc\x89\xd8\xe0\xce \x97\x96\x03\xfck\xbf\xfe\x9b\
]&Q-t\x89Y\xb8\x06\x164\xb3\xbb\xc5,\x0b\
\x05\xf8<\xc2\xce.\x03HgRD=f\xce\x05\x82\
e\xa7<\x06\xfc\x06\xc2l\x8fQ\xf2W\xfb\x91t\xd9\
\xa2\xaf+\x99H\x90J\xa7\xe9\x88D\x9c\xfbh\xbb\x5c\
\xbf\xf6\x16\xb7\xae_\xd5\xb5f\x02\x09\x9ay\x9d\xf2>\
{\x01\xa4E\xf3G\xd4\xca\x03\x83q6m\xdd^\x16\
P\xe3)6\xdd4I%\x92LN\x8e\x93\x98\x9de\
rj\x9cl&\xe3\xc5Mv\x11\xe1\x14.\x22\x00\xd7\
\xf3\xc1\xdb\x03\xf0\x0f\x7f\x93\xfc\xef\x03\x05\xb9\xa6\xb5i\
\x93;\xa80&<\x92j\xbe\xad\x80\xd7\xecxu\x83\
\xd5C\x90C\xa6\x82\xcf\x01\x8c\x8d\x8d\xd1\xef!\x9b\x0d\
 \xda\xd1\x89a\x18\xba6\xfawH\xf7\xd3\x19\x84\x14\
\x9a+\x1c+@in~\x19\xd8bY\x16\xe3c#\
\xac\x5c\xb9z^\x03pn\x5c\xbd\xcc\xcd\xebW\xf5E\
3\xc0\x0f\x22\xee(g\x07\xdd\xdd\xc0\xcf!\x0d\x0e\x01\
X\xb1j\x0d\xeb6lrI4r\x7f\xe2,\xcbb\
fv\x96\x99\xe9)\xa6\xa7\xa7\x98\x99\x9d\x22\x95\xf0\x1c\
\xaa\xfagHF\x99\xaa\xe8R/\xc0\xebr\x93}\xf0\
\xc3\xdfX\xf8\xdfp\xfb%\xae\xbf\xcf\xab\xb4\x04\x8f\x8b\
]e\xd7)\x0b\xa9\xe1\x0f#\xadzILOU\xdc\
\xd8)}\xfd\xfd\xf8|>\x9d\xa0\xebC\x1eNUG\
LU}\xb1\x10-\x9fE\xb4\xe8\x16\x90*\xaf\xad\x91\
\xdav~.\x97\xe5\xadK\x17\x9cy\xec\x17\x91b\x92\
\x0a\xec*<\xd4B@\xfe{\x85\xdf\x04\xc0\xf2\x15\xab\
Y\xbfqs\xcd\xb3\x99\x9d\x9defr\x92DB\xc8\
6\x0f\xe9\xa2 \xb3\x9f\xbfDl\xf1\xdb\x94\xbc\x03m\
\x03\xf8\xfb\xbf\xee\x1b\xad\xa6< \x0e\x14\xb7n2\xde\
\xc0\xc1\xdb~\xbc\xd6\xcb|\x00^\x89\x13\xf4\xc5F\xda\
\x1e\x19`@b\xea\xfb\x07\x960\xf2\xb0\x98\x1f\xfen\
\xc4f\xb7*\xbc@@\x06\xc0\xcc\xd4\x94G\xaf\x80b\
\xe2\x1b\xcb\x9c\xcbf3\xbcy\xfc\x88\xd3}u\x0e\xf8\
Nd&\xa2\xc0\xae\xec\xf6\xa7\x90\xc8\xba>(\x04\xd4\
\xac]\xef\xda\xdf-\x9f\xcf3\x97\xce0==\xc5\xe4\
\xf8(\xe9t\xbaZ\x93\x0e%\xd3H\xa0\xcb\x05d\xb0\
Q\xa1\xaa\xad\x028\x94_w>\xf0\xa1o\xb0\xa05\
\xb3\xa9\xe6\xa5\x1aqW\xff\xd0\xf1hA]d\xbe\x00\
\xaf\x8f\xfa\xba?\xfe\x0e\xd2<\x82t2U\xb1\xc5\x94\
S\x96\xafZ\xad\x03\xfek\x81Oa\xafi\xa7\xa6\xf4\
\xc1\xc2{1-wvf\x8aT*\xe5\xa9\xda\x8e\x17\
\xae\xde\x8d\xb8\xcb\xcde8s\xf2\x84\x1b\xd8\x7f\x16)\
\xa5\xa4Jl+\x80\x81\x94\xa3\xda\x0c\x02\xf6\x9dC\x07\
\xe8\xe9\xe9\x91c\x98&\xc9d\x92\xf4\xec,\x13\x93\x13\
L\x8c\x8f\x91\xcfg\xbd\xda\xe0\x7f\x8a\x80\xfc-\xdck\
\xb1\xb5\x14\xe0_\xf3\xa1\x8fZ@Cn\xc1j\x00\xf2\
\x04\xc7\xa6\x88\xbb\x06Wy\xc4P\xdfv\xc0\x17\xecx\
\xe7\xb4^=P\xa7)\x00~jr\xc23\xe0\xbb\xba\
\xba\xe8\xee\xe9czjB-\xda\x87\x98\x08\x0a\xe8\xea\
=\x02t l\xfd-`\x8di\x9aL\x8c\x8f\xd2\xd9\
\xd9\xd9\x96\x18\xfc\xd9\x99i.\x9e;\xed\x9c\xb5|\x1c\
\x99:'\x11\xbbX\x91tj*\xdfK\xa1\xed\x96/\
\x10d\xcb\xd6m\x84C!\x1e\xdc\xbf\xc7\xf4\xd4\x14S\
\xd3\x13dR)/\x87\xd7Y\xf4[\x94Bs\xdb\x06\
\xf0\xf7\x7f\xedGm\xd3\x1f\xf5\xa1\xe9\xe0\xa5\xe2\x0ej\
#\xca\xd3@\xd1\x0a`>b\xe0v\x93\x85\x9c\xd2\xe7\
\x11f\xfd\x03\x00\x93\x93c\x85^p\xde\xa4\xb7\xb7W\
\x07\xfcw\x22\x1a4\x80\x00\xc9\x8f\xf4\xe6~\x16x\x17\
`\x0b4\x7f\xf8\xe0>\xabV\xaf\xf5Tm\xa7\xba\xd8\
\x03p\xc6G\x1fr\xee\xcciL3\xa7\xaf\xf4\xb3H\
B\x88\x13\xecj*\x0f0\x8e\x10f;\xcc\x5c\x96\x8b\
\xe7\xcex=\x81\x0b\x08\xc9v\x19\xd1\xe6\xf5\x84\xaa\xaa\
\xff\xeb\xd3\xe0\x1f\xfcz\xc7\x14\xbd\x12\x0a<.o)\
\x22\xdb#\x9f\xf9\xc4\xcf-\xf4)\xb4L\xe6sJ\xaf\
?L\xea\x01<\xa7V\x98\xad\xc3\x8e\x07\x88vv\xe9\
\x1f7#\xa0\xee\x07\xbe\x81\x1au\xee\x12\x89Yf\xa6\
\xa7\xe9.L\x99[!\x13c\xa3\x9c9uB_\x94\
EJD\x7f\x9e\x92\xcd\x9e\xc1n\xb7+ \x19\xc0\x0f\
\x01\x9f\xc4^{\xdf)')UtyH\xa9\xf3\x8e\
~M[\x0a\xf0\xf7~\xf0#\x85)\xba:M\xbb4\
\xa2\xc9\xdb\x1f\xba\xdc\xc6\xb9\xfd#.\xf3\xa9\xe1\xa1|\
J_\xa4\xe7\xf3\xd9<s\x99\x8c\xe7\x00\x9c\xee\xae\x1e\
B\x91\x88\x1ei\xf7\xffVZ\xd70\x0c\xa2\xd1\x18=\
\xfd\xfd\x0c\xf4\x0f\x12\x0a\x85\x89Fc\x1eO\xb7\xf6\xa3\
y\xff\xeem\xae\x5c\xb1\xa5\xb6\x0e#e\xb2\x8fb\x07\
\xbb\xd2\xec\x0a\x84J|H\x81\x8b\xa7\x80\xef\x03\x9eF\
\xb2\xe2\x8e \x0c\xfaq\xa4&\x9bz\x22\xdd\x06P\xb7\
\x10U\xe7\xab&\xc0\xdf\xf7\x81\x0f[N*\xab\x1e\xa9\
d&\xb5\xd4|j\x0a\x97\x15\xa8\xba\x0a\xfb|\x9by\
\xe5\xe6}J\xef\x9c\xd6\x17\xd5\xbai\xe6\xc8\xce\xcdy\
\x06|0\x1c\x22\x1c\x8a\xb8\x86\xd6\x1a\x86A8\x1c\xa1\
\xbb\xa7\x97\xfe\xc1A:c\xdd\x84\x22a[+j7\
\xafo%\xa9\xc6\xd4_:\x7f\x86\x07\xc3\xb6\xae\xad\x0f\
\x90f\x8d\xca\x8f]\x09\xec\xbavW\x00\xcc\x00\xbf\x8e\
\x90\x90\xaa\xf3\xae\x8a\xa7W/(\xbf\x96NP;\x01\
\xee\xe6\xb9\xb0\x00\xde\xfb\xfe\x0f{b\xd1\x9dC_S\
\xdd_\xabH[\x89\xbb\xb7\xbf\x02\xaf)\xf3\x02x\x17\
\xe2NM9g\x10\xf6xS>\x9f'\x95N\x12\xeb\
\xea\xaa\xb2'\xbb\xf4\xf4\xf403=\x89a\x18\x84\x22\
\x11\xa2\x91(=\xbd\xfd\xf4\x0d\x0e\x12\x89Dj\x14p\
l\xac\xe4\x95i\x9aLOOK\x0f\xb2\x87\x0f\x9c-\
\x8a.#6\xfb}J\xf6\xba\xdegL\x07\xa6\xdb\xa1\
\x94\xa8k\x95\xa72\xd8\xf5\xeb\xa9\xbfW\x05\xf8\xbb\xdf\
\xffuU\xa7\xe8N\x99\xdf\xe2\x22\x0e\xa9\x83\xb8\xab&\
\x8fq^\x92\xf9\x9e\xd2;A\x9fCl\xd2\x1f\x06\x18\
}\xf8\xd0s\xadz\x80\xe5+Wcb1\xd0?H\
\xac\xab\x9b\xa0_~N\xabK^\xa5R)\xa6\xa6\xc7\
I\xcc\xcc0:\xf2\xb0R\xfd\xb5\xd3\xc0wP\xae\xd5\
\xdd4{\xa5\x99\xa2\x0e^'\xd0\x95\xe8\x00\xae4E\
/\xae\xf7\x9e\xaf\xf9P\xe1\xb3a\xdb\xb8\xb4\x8a,W\
\xd7A0\xd6$\x11W\xef\xf2\x16\x10w\x9e\xb4\xffc\
Y\xf0)}\x1e\xf8\x02\x05\xc0\x8f\x8d>\xac\xb8\xb1\x9b\
\x84\xc2a\xd6o\xd0\xa3\xd0\xe4&7\xab\x95L\xd3d\
vz\x9a\xd9\x99\x19\xc6'F\x99\x9a\x98t2\xefN\
9\x09\xfc4b\xa2(\xad\xae7\x15\xac\x06v\x1d\xa0\
:\xc0\xf5w\xab\xc2\xfae\xef\xef~\xdf\x87\x8aSt\
\xb7\xe9t;4\xb6\xd7\xe9\xbe\xbe\xbci\xe2\xae\x1dv\
|\xf3;^\xf4\xb2\xd0\x1a>\x8f\x14+,V\xc0\x99\
\x9e\x9c\xa0\xbb\xb7\xaf\xe2\x0e\xda%\x99T\x9a\xa9\xe9\x09\
\xa6&'\x99\x9a\x18\xf7\x92=v\x16\xf8md\xc0R\
Qs:\xd0u\xad^\x04\xfb;\xde\xfd\xfe\xe2N_\
\xfe\xfb\xbf\xd1\xa7\xe9\xb8\xfc_I\x8a\xeb\xbc\xf4\xbe\xaf\
\xad\x18\xaa\xda~6\xbc=b\x83\x5c\xcd\x1fQ\xa7\x1d\
_\xe7\xae\xden\xb2\x10\x80\xd7\xedX\x15\x14r\x9c\x02\
\xe0\xa7Z\x04x/U\x5cfff\x99\x9c\x18ej\
b\x82\x99\xd9Y\xf2\xf9l\xb5]^\x01\xfe\xbap\xae\
\xe7(%\xbd\xe8 \xd7\x81\xee\xd4\xea6\xb0\x03\xc8\xe7\
\xd2I\xfa\x0c\xac/~\xe1\xaf]\xcf\xfa]\xef\xfd\xa0\
c p\x9b\xa2k\xdf\xd6\xfa\xfdx\x1f\x0c\xec\xd3}\
\xef\xc7\xa8\xf78^\xa4iL~\x15\x80\xba\x9a\xcc\x1b\
\xe0]*\xe0\xe8!\xb6\xc7\x90\xe0\x19\xc6FGX\xbd\
nCC\xc7\xd0\x1f.\xb7\x071\x93N35Y\xd0\
\xe2\xd3\x13^\x0a-\x9eC\x0aS\xbc\x8a\xc4\xa2\xbb\xf5\
\x01wF\xb29\xfd\xdd\x16\xc0\x8b\xefz\xbf\x17\xcd\xcd\
K\xef\xf9\x80\xb6^+\x9f\xcc\xda\xf6\xb4\x1d\xc0\xed\xb7\
\xe3M\x8c\xd2`P\xd3\x8e\xaf\x8d\xd4\xc7\x04}mY\
\xa8)\xbd\x93\xb8{S\xad\xe0\xa1\xad\xaf\x87C\x88\x1d\
\x9f3\xf3$\x12\x09&\xc6G\x99\x18\x1b#\x95L\xd6\
\xd2\xe2\xd7\x80?G\x92K\xaeQ\xd2\xde9\x97\x97>\
`9\xfd\xdf6\x86\x5c\x81\xbd\xfe\x9es\xa5\xef*i\
J\xbdw\xbcWiGM\xbf\x051\x1fj\xa2\xf8\xf1\
\xdc\xde)\xf3\x0dx('\xee\xb2\xc8\xf4X\xbe\xb4,\
R\x89$\x1d\xb1hC;\xcfd2LML2>\
1\xc6\xcc\xf4\x04\xe9\xca%\xb0\x94\x9c\x03\xfe;b\x93\
OQ\xd2\xde\xd5\xc2T+\x05\xb88]a\xbc\xf8\xae\
\xaf\xb1\xd4\x03\xe4\x96h\xd3z\xb1?\xac\x8b\xcd\x8e_\
P7\x9fM*Puo_\xac\x03\x0b\x03x(\xd7\
\xf0\xb6\x02o\xa9t\xc23\xe0s\xd9,\xe9T\x9a\x89\
\xf1\x11\xc6\xc7\xc7I\xa7R\xcezqN\xb9\x8eTq\
y\x93R\xbb\x22'\xc0k\xc5\xa0W\xf3}\x03\x0a\xe8\
\xf5I}\xe0\xac\xfdd>\xca\x8c|}\xd3\xf3\x16\x12\
wos\x99W\xc0k\x018\xba\x86\xcf!\xbe\xeb\xd3\
\xc0\x1e\xcb\xb2H\xcc\xccT\xad\x80\x93N\xa5\x98\x99\x9e\
fb|\x84\x89\x89\x89b\xed\xf9*r\x0e\xf84\x92\
\xa02I\xedRM^\xca4\x95\x81\xfc\x85\x97\xbe\xc6\
j*\x1fg\x9e\x1f\xd2F\x88\xbb\x05\x91\xc5\x989\xf7\
\x88\xcab\xd1\xf0Y\xe0w\x80_\x04\x8a\xd5ZT6\
[.\x9b%\x93N3:\xf6\x90\xc9\xf1qR\xc9D\
\xd5\x92\xd4Hj\xe8\x1f!\x95n\xeeQ\xca=\xf7\x9a\
*Z\x0d\xe4`\x03\xf9{m\x9a\xbc]\xc0h\xc4V\
/\x17\xef\xc4\xdd\xa3\x1a\x80\xf3X\xaa\xcbB\xd9\xf0n\
Sz[\xe6\x5cbf\x86d2\xc1\xe4\xc4\x18\x93\x13\
\x93d\xb3\x19\xf7\xbd\x89\xdcF\xc0\xfde$\xbcu\x8c\
r\xb2\xcd-\x9b\xac\x9ei\xba\x05\xe5\x00\xaf\xefg\xbb\
\x97\xaen\x96_.\x1f\x0c\x16\xc7t\xdf\xcb\xb1\xdb\x1f\
\x80\xe3\xfd\xda~5\x0c3\x86eY,i\xd0\x0d\xd6\
\xe81\x91{\xac\x1a#\x06\x91\x02\x15!\x04\xf4\xbd\x1e\
\xf7\xf3\x16\xf0\xbf\x90\xa6\x16\xf7p\x07xK\xb4\xb8\xe3\
\xff\xc7\xf2X\x1e)yx\xe3Z\xf1\xff\x85\x9c\xd2\xeb\
Z^\xf9\xca~\x0c\xa9\xeb\xe6\x96\xbbz\x07\x01\xf7\xcb\
H\xb1\x87\x19\xbc\xb9\xca\xbcj\xf1\xc7\x00\x7f,o{\
Y\xa8)\xbdzW\xa0T\xf2g\x08{\xfe\xdd\xc0\x13\
\x88/\xfc\x04\xd2`\xf1!\xf6\x81BE\xea\xd5\x22\xdb\
\x1ek\xf1\xc7\xf2X\x0a\xb2P\x1a\x1e\xec\xe0\xd5\x97]\
\x01\xfe\x03\xa5\x5cp\xa7\x89\xe7d\xf9\xbd\xf8\xc4\x1fk\
\xf1\xc7\xf2XX\x5c\x80w\x02\xd9Y\xf8\xc193\xd0\
\xd7\x7f\xac\xc5\x1f\xcbc\xf1 \x0bi\xc3\xeb 6\xb5\
\xcf\x8a\xb8\xad\x94\x0b\xee\xe5\xa5\xaf\xffX\x1e\xcbc)\
\xc8Bjx(\x01\xd4\x99\x07\xaeO\xf3\xab\xe5\x83?\
\xd6\xe2\x8f\xe5\xb1\xd4!\x0b=\xa5\x87\x12\xa0\xf5\xcf^\
\xb6\xab\xf4\xf9\xb1<\x96\xc7RA\x0c\x0f\xfd\xc7\x1e\xcb\
cy,o\x13YL\x89T\x8f\xe5\xb1<\x966\xcb\
\xff\x1f)z\xb5.\xaeZ;\xe5\x00\x00\x00\x00IE\
ND\xaeB`\x82\
"

qt_resource_name = b"\
\x00\x05\
\x00s\xba\xf1\
\x00m\
\x00e\x00d\x00i\x00a\
\x00\x08\
\x05\xe2Y'\
\x00l\
\x00o\x00g\x00o\x00.\x00p\x00n\x00g\
\x00\x08\
\x0aaZ\xa7\
\x00i\
\x00c\x00o\x00n\x00.\x00p\x00n\x00g\
"

qt_resource_struct = b"\
\x00\x00\x00\x00\x00\x02\x00\x00\x00\x01\x00\x00\x00\x01\
\x00\x00\x00\x00\x00\x00\x00\x00\
\x00\x00\x00\x00\x00\x02\x00\x00\x00\x02\x00\x00\x00\x02\
\x00\x00\x00\x00\x00\x00\x00\x00\
\x00\x00\x00\x10\x00\x00\x00\x00\x00\x01\x00\x00\x00\x00\
\x00\x00\x01\x9f\x8e\xee\x0e\xd5\
\x00\x00\x00&\x00\x00\x00\x00\x00\x01\x00\x00\xee,\
\x00\x00\x01\x9f\x8f\x00.\xa8\
"

def qInitResources():
    QtCore.qRegisterResourceData(0x03, qt_resource_struct, qt_resource_name, qt_resource_data)

def qCleanupResources():
    QtCore.qUnregisterResourceData(0x03, qt_resource_struct, qt_resource_name, qt_resource_data)

qInitResources()
