# Resource object code (Python 3)
# Created by: object code
# Created by: The Resource Compiler for Qt version 6.11.1
# WARNING! All changes made in this file will be lost!

from PySide6 import QtCore

qt_resource_data = b"\
\x00\x00\xee(\
\x89\
PNG\x0d\x0a\x1a\x0a\x00\x00\x00\x0dIHDR\x00\
\x00\x03\x1e\x00\x00\x00\xfe\x08\x06\x00\x00\x00\xb4\x96\xd3!\
\x00\x00\x00\x04gAMA\x00\x00\xb1\x8f\x0b\xfca\x05\
\x00\x00\x0aIiCCPsRGB IEC\
61966-2.1\x00\x00H\x89\x9dSw\
X\x93\xf7\x16>\xdf\xf7e\x0fVB\xd8\xf0\xb1\x97l\
\x81\x00\x22#\xac\x08\xc8\x10Y\xa2\x10\x92\x00a\x84\x10\
\x12@\xc5\x85\x88\x0aV\x14\x15\x11\x9cHU\xc4\x82\xd5\
\x0aH\x9d\x88\xe2\xa0(\xb8gA\x8a\x88Z\x8bU\x5c\
8\xee\x1f\xdc\xa7\xb5}z\xef\xed\xed\xfb\xd7\xfb\xbc\xe7\
\x9c\xe7\xfc\xcey\xcf\x0f\x80\x11\x12&\x91\xe6\xa2j\x00\
9R\x85<:\xd8\x1f\x8fOH\xc4\xc9\xbd\x80\x02\x15\
H\xe0\x04 \x10\xe6\xcb\xc2g\x05\xc5\x00\x00\xf0\x03y\
x~t\xb0?\xfc\x01\xafo\x00\x02\x00p\xd5.$\
\x12\xc7\xe1\xff\x83\xbaP&W\x00 \x91\x00\xe0\x22\x12\
\xe7\x0b\x01\x90R\x00\xc8.T\xc8\x14\x00\xc8\x18\x00\xb0\
S\xb3d\x0a\x00\x94\x00\x00ly|B\x22\x00\xaa\x0d\
\x00\xec\xf4I>\x05\x00\xd8\xa9\x93\xdc\x17\x00\xd8\xa2\x1c\
\xa9\x08\x00\x8d\x01\x00\x99(G$\x02@\xbb\x00`U\
\x81R,\x02\xc0\xc2\x00\xa0\xac@\x22.\x04\xc0\xae\x01\
\x80Y\xb62G\x02\x80\xbd\x05\x00v\x8eX\x90\x0f@\
`\x00\x80\x99B,\xcc\x00 8\x02\x00C\x1e\x13\xcd\
\x03 L\x03\xa00\xd2\xbf\xe0\xa9_p\x85\xb8H\x01\
\x00\xc0\xcb\x95\xcd\x97K\xd23\x14\xb8\x95\xd0\x1aw\xf2\
\xf0\xe0\xe2!\xe2\xc2l\xb1Ba\x17)\x10f\x09\xe4\
\x22\x9c\x97\x9b#\x13H\xe7\x03L\xce\x0c\x00\x00\x1a\xf9\
\xd1\xc1\xfe8?\x90\xe7\xe6\xe4\xe1\xe6f\xe7l\xef\xf4\
\xc5\xa2\xfek\xf0o\x22>!\xf1\xdf\xfe\xbc\x8c\x02\x04\
\x00\x10N\xcf\xef\xda_\xe5\xe5\xd6\x03p\xc7\x01\xb0u\
\xbfk\xa9[\x00\xdaV\x00h\xdf\xf9]3\xdb\x09\xa0\
Z\x0a\xd0z\xf9\x8by8\xfc@\x1e\x9e\xa1P\xc8<\
\x1d\x1c\x0a\x0b\x0b\xed%b\xa1\xbd0\xe3\x8b>\xff3\
\xe1o\xe0\x8b~\xf6\xfc@\x1e\xfe\xdbz\xf0\x00q\x9a\
@\x99\xad\xc0\xa3\x83\xfdqanv\xaeR\x8e\xe7\xcb\
\x04B1n\xf7\xe7#\xfe\xc7\x85\x7f\xfd\x8e)\xd1\xe2\
4\xb1\x5c,\x15\x8a\xf1X\x89\xb8P\x22M\xc7y\xb9\
R\x91D!\xc9\x95\xe2\x12\xe9\x7f2\xf1\x1f\x96\xfd\x09\
\x93w\x0d\x00\xac\x86O\xc0N\xb6\x07\xb5\xcbl\xc0~\
\xee\x01\x02\x8b\x0eX\xd2v\x00@~\xf3-\x8c\x1a\x0b\
\x91\x00\x10g42y\xf7\x00\x00\x93\xbf\xf9\x8f@+\
\x01\x00\xcd\x97\xa4\xe3\x00\x00\xbc\xe8\x18\x5c\xa8\x94\x17L\
\xc6\x08\x00\x00D\xa0\x81*\xb0A\x07\x0c\xc1\x14\xac\xc0\
\x0e\x9c\xc1\x1d\xbc\xc0\x17\x02a\x06D@\x0c$\xc0<\
\x10B\x06\xe4\x80\x1c\x0a\xa1\x18\x96A\x19T\xc0:\xd8\
\x04\xb5\xb0\x03\x1a\xa0\x11\x9a\xe1\x10\xb4\xc118\x0d\xe7\
\xe0\x12\x5c\x81\xebp\x17\x06`\x18\x9e\xc2\x18\xbc\x86\x09\
\x04A\xc8\x08\x13a!:\x88\x11b\x8e\xd8\x22\xce\x08\
\x17\x99\x8e\x04\x22aH4\x92\x80\xa4 \xe9\x88\x14Q\
\x22\xc5\xc8r\xa4\x02\xa9Bj\x91]H#\xf2-r\
\x149\x8d\x5c@\xfa\x90\xdb\xc8 2\x8a\xfc\x8a\xbcG\
1\x94\x81\xb2Q\x03\xd4\x02u@\xb9\xa8\x1f\x1a\x8a\xc6\
\xa0s\xd1t4\x0f]\x80\x96\xa2k\xd1\x1a\xb4\x1e=\
\x80\xb6\xa2\xa7\xd1K\xe8ut\x00}\x8a\x8ec\x80\xd1\
1\x0ef\x8c\xd9a\x5c\x8c\x87E`\x89X\x1a&\xc7\
\x16c\xe5X5V\x8f5c\x1dX7v\x15\x1b\xc0\
\x9ea\xef\x08$\x02\x8b\x80\x13\xec\x08^\x84\x10\xc2l\
\x82\x90\x90GXLXC\xa8%\xec#\xb4\x12\xba\x08\
W\x09\x83\x841\xc2'\x22\x93\xa8O\xb4%z\x12\xf9\
\xc4xb:\xb1\x90XF\xac&\xee!\x1e!\x9e%\
^'\x0e\x13_\x93H$\x0e\xc9\x92\xe4N\x0a!%\
\x902I\x0bIkH\xdbH-\xa4S\xa4>\xd2\x10\
i\x9cL&\xeb\x90m\xc9\xde\xe4\x08\xb2\x80\xac \x97\
\x91\xb7\x90\x0f\x90O\x92\xfb\xc9\xc3\xe4\xb7\x14:\xc5\x88\
\xe2L\x09\xa2$R\xa4\x94\x12J5e?\xe5\x04\xa5\
\x9f2B\x99\xa0\xaaQ\xcd\xa9\x9e\xd4\x08\xaa\x88:\x9f\
ZIm\xa0vP/S\x87\xa9\x134u\x9a%\xcd\
\x9b\x16C\xcb\xa4-\xa3\xd5\xd0\x9aigi\xf7h/\
\xe9t\xba\x09\xdd\x83\x1eE\x97\xd0\x97\xd2k\xe8\x07\xe9\
\xe7\xe9\x83\xf4w\x0c\x0d\x86\x0d\x83\xc7Hb(\x19k\
\x19{\x19\xa7\x18\xb7\x19/\x99L\xa6\x05\xd3\x97\x99\xc8\
T0\xd72\x1b\x99g\x98\x0f\x98oUX*\xf6*\
|\x15\x91\xca\x12\x95:\x95V\x95~\x95\xe7\xaaTU\
sU?\xd5y\xaa\x0bT\xabU\x0f\xab^V}\xa6\
FU\xb3P\xe3\xa9\x09\xd4\x16\xab\xd5\xa9\x1dU\xbb\xa9\
6\xae\xceRwR\x8fP\xcfQ_\xa3\xbe_\xfd\x82\
\xfac\x0d\xb2\x86\x85F\xa0\x86H\xa3Tc\xb7\xc6\x19\
\x8d!\x16\xc62e\xf1XB\xd6rV\x03\xeb,k\
\x98Mb[\xb2\xf9\xecLv\x05\xfb\x1bv/{L\
SCs\xaaf\xacf\x91f\x9d\xe6q\xcd\x01\x0e\xc6\
\xb1\xe0\xf09\xd9\x9cJ\xce!\xce\x0d\xce{-\x03-\
?-\xb1\xd6j\xadf\xad~\xad7\xdaz\xda\xbe\xda\
b\xedr\xed\x16\xed\xeb\xda\xefup\x9d@\x9d,\x9d\
\xf5:m:\xf7u\x09\xba6\xbaQ\xba\x85\xba\xdbu\
\xcf\xea>\xd3c\xeby\xe9\x09\xf5\xca\xf5\x0e\xe9\xdd\xd1\
G\xf5m\xf4\xa3\xf5\x17\xea\xef\xd6\xef\xd1\x1f704\
\x086\x90\x19l18c\xf0\xcc\x90c\xe8k\x98i\
\xb8\xd1\xf0\x84\xe1\xa8\x11\xcbh\xba\x91\xc4h\xa3\xd1I\
\xa3'\xb8&\xee\x87g\xe35x\x17>f\xaco\x1c\
b\xac4\xdee\xdck<abi2\xdb\xa4\xc4\xa4\
\xc5\xe4\xbe)\xcd\x94k\x9af\xba\xd1\xb4\xd3t\xcc\xcc\
\xc8,\xdc\xac\xd8\xac\xc9\xec\x8e9\xd5\x9ck\x9ea\xbe\
\xd9\xbc\xdb\xfc\x8d\x85\xa5E\x9c\xc5J\x8b6\x8b\xc7\x96\
\xda\x96|\xcb\x05\x96M\x96\xf7\xac\x98V>VyV\
\xf5V\xd7\xacI\xd6\x5c\xeb,\xebm\xd6WlP\x1b\
W\x9b\x0c\x9b:\x9b\xcb\xb6\xa8\xad\x9b\xad\xc4v\x9bm\
\xdf\x14\xe2\x14\x8f)\xd2)\xf5Sn\xda1\xec\xfc\xec\
\x0a\xec\x9a\xec\x06\xed9\xf6a\xf6%\xf6m\xf6\xcf\x1d\
\xcc\x1c\x12\x1d\xd6;t;|rtu\xccvlp\
\xbc\xeb\xa4\xe14\xc3\xa9\xc4\xa9\xc3\xe9Wg\x1bg\xa1\
s\x9d\xf35\x17\xa6K\x90\xcb\x12\x97v\x97\x17Sm\
\xa7\x8a\xa7n\x9fz\xcb\x95\xe5\x1a\xee\xba\xd2\xb5\xd3\xf5\
\xa3\x9b\xbb\x9b\xdc\xad\xd9m\xd4\xdd\xcc=\xc5}\xab\xfb\
M.\x9b\x1b\xc9]\xc3=\xefA\xf4\xf0\xf7X\xe2q\
\xcc\xe3\x9d\xa7\x9b\xa7\xc2\xf3\x90\xe7/^v^Y^\
\xfb\xbd\x1eO\xb3\x9c&\x9e\xd60m\xc8\xdb\xc4[\xe0\
\xbd\xcb{`:>=e\xfa\xce\xe9\x03>\xc6>\x02\
\x9fz\x9f\x87\xbe\xa6\xbe\x22\xdf=\xbe#~\xd6~\x99\
~\x07\xfc\x9e\xfb;\xfa\xcb\xfd\x8f\xf8\xbf\xe1y\xf2\x16\
\xf1N\x05`\x01\xc1\x01\xe5\x01\xbd\x81\x1a\x81\xb3\x03k\
\x03\x1f\x04\x99\x04\xa5\x075\x05\x8d\x05\xbb\x06/\x0c>\
\x15B\x0c\x09\x0dY\x1fr\x93o\xc0\x17\xf2\x1b\xf9c\
3\xdcg,\x9a\xd1\x15\xca\x08\x9d\x15Z\x1b\xfa0\xcc\
&L\x1e\xd6\x11\x8e\x86\xcf\x08\xdf\x10~o\xa6\xf9L\
\xe9\xcc\xb6\x08\x88\xe0Gl\x88\xb8\x1fi\x19\x99\x17\xf9\
}\x14)*2\xaa.\xeaQ\xb4Stqt\xf7,\
\xd6\xac\xe4Y\xfbg\xbd\x8e\xf1\x8f\xa9\x8c\xb9;\xdbj\
\xb6rvg\xacjlRlc\xec\x9b\xb8\x80\xb8\xaa\
\xb8\x81x\x87\xf8E\xf1\x97\x12t\x13$\x09\xed\x89\xe4\
\xc4\xd8\xc4=\x89\xe3s\x02\xe7l\x9a3\x9c\xe4\x9aT\
\x96tc\xae\xe5\xdc\xa2\xb9\x17\xe6\xe9\xce\xcb\x9ew<\
Y5Y\x90|8\x85\x98\x12\x97\xb2?\xe5\x83 B\
P/\x18O\xe5\xa7nM\x1d\x13\xf2\x84\x9b\x85OE\
\xbe\xa2\x8d\xa2Q\xb1\xb7\xb8J<\x92\xe6\x9dV\x95\xf6\
8\xdd;}C\xfah\x86OFu\xc63\x09OR\
+y\x91\x19\x92\xb9#\xf3MVD\xd6\xde\xac\xcf\xd9\
q\xd9-9\x94\x9c\x94\x9c\xa3R\x0di\x96\xb4+\xd7\
0\xb7(\xb7Of++\x93\x0d\xe4y\xe6m\xca\x1b\
\x93\x87\xca\xf7\xe4#\xf9s\xf3\xdb\x15l\x85L\xd1\xa3\
\xb4R\xaeP\x0e\x16L/\xa8+x[\x18[x\xb8\
H\xbdHZ\xd43\xdff\xfe\xea\xf9#\x0b\x82\x16|\
\xbd\x90\xb0P\xb8\xb0\xb3\xd8\xb8xY\xf1\xe0\x22\xbfE\
\xbb\x16#\x8bS\x17w.1]R\xbadxi\xf0\
\xd2}\xcbh\xcb\xb2\x96\xfdP\xe2XRU\xf2jy\
\xdc\xf2\x8eR\x83\xd2\xa5\xa5C+\x82W4\x95\xa9\x94\
\xc9\xcbn\xae\xf4Z\xb9c\x15a\x95dU\xefj\x97\
\xd5[V\x7f*\x17\x95_\xacp\xac\xa8\xae\xf8\xb0F\
\xb8\xe6\xe2WN_\xd5|\xf5ym\xda\xda\xdeJ\xb7\
\xca\xed\xebH\xeb\xa4\xebn\xac\xf7Y\xbf\xafJ\xbdj\
A\xd5\xd0\x86\xf0\x0d\xad\x1b\xf1\x8d\xe5\x1b_mJ\xde\
t\xa1zj\xf5\x8e\xcd\xb4\xcd\xca\xcd\x035a5\xed\
[\xcc\xb6\xac\xdb\xf2\xa16\xa3\xf6z\x9d\x7f]\xcbV\
\xfd\xad\xab\xb7\xbe\xd9&\xda\xd6\xbf\xddw{\xf3\x0e\x83\
\x1d\x15;\xde\xef\x94\xec\xbc\xb5+xWk\xbdE}\
\xf5n\xd2\xee\x82\xdd\x8f\x1ab\x1b\xba\xbf\xe6~\xdd\xb8\
GwO\xc5\x9e\x8f{\xa5{\x07\xf6E\xef\xebjt\
ol\xdc\xaf\xbf\xbf\xb2\x09mR6\x8d\x1eH:p\
\xe5\x9b\x80o\xda\x9b\xed\x9aw\xb5pZ*\x0e\xc2A\
\xe5\xc1'\xdf\xa6|{\xe3P\xe8\xa1\xce\xc3\xdc\xc3\xcd\
\xdf\x99\x7f\xb7\xf5\x08\xebHy+\xd2:\xbfu\xac-\
\xa3m\xa0=\xa1\xbd\xef\xe8\x8c\xa3\x9d\x1d^\x1dG\xbe\
\xb7\xff~\xef1\xe3cu\xc75\x8fW\x9e\xa0\x9d(\
=\xf1\xf9\xe4\x82\x93\xe3\xa7d\xa7\x9e\x9dN?=\xd4\
\x99\xdcy\xf7L\xfc\x99k]Q]\xbdgC\xcf\x9e\
?\x17t\xeeL\xb7_\xf7\xc9\xf3\xde\xe7\x8f]\xf0\xbc\
p\xf4\x22\xf7b\xdb%\xb7K\xad=\xae=G~p\
\xfd\xe1H\xaf[o\xebe\xf7\xcb\xedW<\xaet\xf4\
M\xeb;\xd1\xef\xd3\x7f\xfaj\xc0\xd5s\xd7\xf8\xd7.\
]\x9fy\xbd\xef\xc6\xec\x1b\xb7n&\xdd\x1c\xb8%\xba\
\xf5\xf8v\xf6\xed\x17w\x0a\xeeL\xdc]z\x8fx\xaf\
\xfc\xbe\xda\xfd\xea\x07\xfa\x0f\xea\x7f\xb4\xfe\xb1e\xc0m\
\xe0\xf8`\xc0`\xcf\xc3Y\x0f\xef\x0e\x09\x87\x9e\xfe\x94\
\xff\xd3\x87\xe1\xd2G\xccG\xd5#F#\x8d\x8f\x9d\x1f\
\x1f\x1b\x0d\x1a\xbd\xf2d\xce\x93\xe1\xa7\xb2\xa7\x13\xcf\xca\
~V\xffy\xebs\xab\xe7\xdf\xfd\xe2\xfbK\xcfX\xfc\
\xd8\xf0\x0b\xf9\x8b\xcf\xbf\xaey\xa9\xf3r\xef\xab\xa9\xaf\
:\xc7#\xc7\x1f\xbc\xcey=\xf1\xa6\xfc\xad\xce\xdb}\
\xef\xb8\xef\xba\xdf\xc7\xbd\x1f\x99(\xfc@\xfeP\xf3\xd1\
\xfac\xc7\xa7\xd0O\xf7>\xe7|\xfe\xfc/\xf7\x84\xf3\
\xfb-G8\xcf\x00\x00\x00 cHRM\x00\x00z\
&\x00\x00\x80\x84\x00\x00\xfa\x00\x00\x00\x80\xe8\x00\x00u\
0\x00\x00\xea`\x00\x00:\x98\x00\x00\x17p\x9c\xbaQ\
<\x00\x00\x00\x09pHYs\x00\x00\x0b\x13\x00\x00\x0b\
\x13\x01\x00\x9a\x9c\x18\x00\x00\xe3IIDATx\x9c\
\xec\x9dw\x98\x1b\xd5\xbd\xf7?\x92V\xdb\xfb\xeelq\
\x93\xe5n\xaf{\xc1\x18\x17z\x09\xe9\xed\xa6\x12H#\
\x81$\x04\x02!\x94$@BH \xbd\x92{s\xf3\
\xdeT\x08\xa4\x07R\xe9\xd8\x187\x0c\xee\xdd\xb2\xdc\xb6\
h{o\x92\xde?\x8eF\x9a\xd1\x8e4\xa32Z\xad\
\x99\xcf\xf3\xc8\xeb\x9d=3st\xa4\xd5\xfe\xbe\xe7\xd7\
l\xc1`\x90\x9a\xe93\xb0\xb0\xb0\xc8jl\x06\xc6\x04\
\xf5\x06\xb4\x9c8\x9e\x86\xa9XXXXXXXX\
$N\xcexO\xc0\xc2\xe2uH,\x11\x11}\xdc\x88\
\xd8\x80\xd8\x82CW\x88XXXXXXXXd\
\x0aKxXX\xa4N2BB\xeb\xff\xd1_\xe3]\
;HDX\x04\xa3\x1e\xf21\x1b\x96\xf8\xb0\xb0\xb0\xb0\
\xb0\xb0\xb0\xc8\x12,\xe1aa1\x16#B\x22\x96\xa8\
0\x22(\xb4\xbe\xc6\xfa\x7f4\xd1\x22#\x10\xf55Z\
|XXXXXXXXd\x05\x96\xf0\xb08\xd7\
I\x977B\xf9\x7f\xa3\x02B\xebX\xac\xefc\x8dQ\
\xa2\x14\x1b\xca\x87?4^\xfe^)8,\xaf\x87\x85\
\x85\x85\x85\x85\x85EV`\x09\x0f\x8b\x89F\xba\xc3\x9a\
\xb4\x8e\x19\x15\x10\xca\xff\xc7\x12\x13\xf1\x8e\xeb=d\xa2\
=\x1c~\xc5c44\xd6\xaf\x18\x1b}\xae\x85\x85\x85\
\x85\x85\x85\x85\xc5\xb8c\x09\x0f\x8b\xf1\xc6\xac\xfc\x88d\
\xbc\x12\x89\x88\x09\xa3\x82\xc2\x9e\xe4\xcf\x00\xf2\x81\x02\xa0\
\x18(\x0a\xfd\xbf\x08\xa8\x0c=\x8a\x80)\xc0\xcb\xc0/\
\x01\x1fc\xc3\xad,,,,,,,,\xb2\x02\x9b\
UN\xd7\x22\xcddS~\x84\xd1\x90\xa6t<\xa2E\
D\xf4\xf7\xf9@^\xe8kq\xe8Q\x81\x10\x10%@\
\x19P\x1e:V\x12z\xcc\x221\xbe\x0a|\x1d\xe1\xfd\
P\x86]\x85E\x88UN\xd7\xc2\xc2\xc2\xc2\xc2\xc2b\
\xbc\xb0\x84\xc7\xeb\x87X\x82@\x0b\xa3\xbb\xe5\xa9z\x1e\
\xa2\xbf\x1a\xf5DD\xff,\x9dbB\xcb\x0b\xa1%*\
\x1c@!B0\x14#\x84Bi\xe8Q\x8e\x10\x14\x15\
\xa1\x9fI\xc0\x5c2\xc34\xa0\x85\x88\xf8\xb0\x84\x87\x85\
\x85\x85\x85\x85\x85EV\x90r\xa8\x95\xefM\xa5\xc6\x06\
\xda\x8c\xd8\xb2v\xc5\xf8\x04&\xa19V\xe3\xa0}\xec\
\xa1\xf8\xd7\xd3\x99\x84\xee\x1cm\x06\xc7\xc5\x1ac30\
\x06\xa4\xc7\xdbby\x10\xb4\xce\x8a\xfe>\x18\xe3\xff\x00\
\xf8\xde'\x8d9&=\xea\xd3\x13\x02\xd1\x86z\xf4\xcf\
\xf5\x84E:\x04E\xac0\xa6X\x9e\x099\x8c)\x1f\
!(d\xe1P\x02T!\x04E\x09BT\x94\x03\xf3\
\xa2\xd7%\xdd\xf8\x1d6\xfcN\x1b\x83\xb9v\x86\xf2\xec\
\x90c\x83<;\xe4\xdb\xa1\xd0\x01N\xa08\x07\x8e\xf6\
#y\x07\xe5\xd3.\x00\xfe\xaax~V\xc8\x95\x85\x85\
\x85\x85\x85\x85EV\xf0\xfa\xca\xf1\x08`L|D\xa7\
\xe7\x8e3\xd2\xef\x0d\x09\x0b#\x1e\x04-\xa2\xcb\xb3*\
\xfb?\x04e\x91\xe1{\x9f\x14\xd4\x10\x1cJ\xe3\xdd\x1e\
\xf5\x7f\xe5\xf7\x89\x08\x12=\xe1`\xc43\xe1 \x12\xd6\
T\x1ez\x14!\xc4C\x05\xc2KQ\x86\x10\x17\xe5\x08\
\xaf\xc4\xec8k\x942\x01\xbb\x8d\x80\xc3\x86?\xc7\xc6\
\x90\xd3\xc6H\xae\x9d@~HD\xe4\x85\x1e\xf96\xf1\
}n\xe8\x91g\x07\x87M\xfc\x96:l\xda\xaf\xe2\xe1\
~\xaaO\x0e*\x8fl1\xf3yXXXXXX\
XX$\xcb\xebKxd!\xd2\x1f\xda\xb5\xccI-\
\xc1\x10\xcf\xcb\xa0\xfc\x7f,\xc3>\x9aX} \xa2\xcb\
\xb1\x06!\xec\xe5\xd02\xf4\x1d\x8a\xaf\x0e\x8dc\xd1\x82\
$\x11\x01!?\x9cD<\x12\xc5\x08\x8fD9P\x8d\
\x10\x13eD\xc2\x9aj\x80\x05\x1a\xcf7\xad\x04m\x08\
\x11\x91gg$\xd7\xce\x883\xe4\x8d\x90\x05C\x81C\
\x08\x89\x5c\x1b\xe49\xc4\xd7\x5c\xbbx&N{\xea\xc2\
v$\x08{\xfa\x90v\xf7(\x8f\xee\x00\xdaR\xbc\xb2\
\x85\x85\x85\x85\x85\x85\x85\x85)d\x99\xf00\xea\x92\xc8\
\x14:\xae\x0f]\xcfH\x10\xe9\x8f\x1d\xe9\xf0V$\x1a\
vd\xd78G9k\xa5\xc0\x90s\x01\xe4\xaf(\xbe\
F\x13\xed\xd1\x90\xc5FN\xd4\xc3\x11\xf5\x88>'7\
\xf4(%\x12\xd6$\xe7J\xc8\x9e\x88\xca\xd0\xf7\x95\xc0\
\xfc\x18\xf3I\x1brX\xd3H\x8e\x8d\x11\x87\x8d\x91\x02\
G\xc8\xfb`\x13\x22\x22\x17\x85g\xc2\x1e\x11\x1196\
\xe1\x8d\xb0\xc7\xd2w\xb1\x0f'\xcdp\x00\xe7\xbf\xda)\
o\x1fQ\x1e}\x05\xb85\xf4\x7f\xab\xb2\x95\x85\x85\x85\
\x85\x85\x85E\xd6\x919\xe1\x11\xb4a,\xcfC\x1e\x8f\
q\x83Ms\xac\xf9\xf1R\xd2\x9f\xc6\x88\x0a\xd06\xf6\
\x93\xf1V$*0\xb4B\x9b\xa2\xad\xe1\xe8\xe6s\xb1\
zA@D\x98D\xcfQ)(\x9c\x88\xf7\x90\x93\x88\
W\xc2\x0d\xd4#<\x12U\x08\xaf\x84\x1c\xda4\x09X\
\xa8\xb1fi%h\x0b\x856\xe5\xd8\x18\xc8\xb33\x94\
g\x13^\x86\x5c\x85p\xc8\xb3CA\xc8K!\xe7N\
8\xed!\xe9\xa4\xf1\xb2\xa6\xf2VJ\xe7[\xb17\x80\
\xf3\xa96\xca\xbbF\x95G\xff\x02|\x02\x18\x22\xb6h\
\xb4\xb0\xb0\xb0\xb0\xb0\xb0\xb0\x18W\xb2\xcc\xe3\x91E\x04\
A\xfas\xe7x{+\xf4\xc4\x85V.\x85\xf2+\x88\
\x5c\x87<D\x98R=B\x0cT\x00\xb5\x80+\xf4\xb5\
\x14\x91\x1b\xf0\xbf\x88\x9e\x10A\xc55\xe4\xff+E\x87\
S\xf1\xc8\x05\x96\x00\xf7\x86\xbe\xa6\x1d9\xaci\xd4i\
g8\x94#!\x84\x83\x22?\x22O\x16\x0f\xb6H\xbe\
\x84\xd2\x1b\x11~\xe5\x94\xffO\xfbL1U\xec\xb6\x8c\
\x90\xbf\xb1\x93\x92\x1e\x95\xe8\xb8\x05\xf8=B4F\xe7\
\xeaXXXXXXXXd\x0d\xaf?\xe1\x11\x8a\
\xe6\xd2\x10\x15\x90>o\x85\xf2\xb8\x91\xeaJ\xf1\xc4\x83\
\x96\xc0P>r\x11\xe5Z\xe5>\x10\x93\x10b\xa2\x06\
\x98\x89\xf1\xeaK.\xe0=\xc0\xaf\x80\x1bB\xc7\x02h\
\x8b\x8e\x5c\x22\x82\xa6\x14\xf8\x0a\xb0\xc8\xe0}B\x89\xd6\
0\x9c+\x84\xc4\x88\xec\x81P\x8a\x86\x82\xd0\xf7\xf9\x0e\
\xc8\x09\xfd?V~\x84\xb9\x8e\xad\xf4\x90\x8a&\x09\x02\
\x87\xfa\x90\xb6tG\xff\xe4fD\x05\xabQ\xb4\xfbv\
X\xe2\xc3\xc2\xc2\xc2\xc2\xc2\xc2\x22k8g\x85\x87\xf4\
\xd7\xaed\xbd\x15\xf2\xd7dC\xa1bUqJVT\
\xc8\x09\xd5\xf5@\x1d\x22\xe7AB\x08\x8c\x1a\xd2_\xd6\
\xf5C\xc0\xcf\x11\x89\xca\xf2\xf3\xb7\x13\x09\xa9\xcaET\
\x8b\xca\x076\x00w\x01SAx&zJr\x18*\
\x08\xe5F\xc8I\xd6r~D\xaeR`\x84<\x12v\
B\xf9\x11\x1a\xd8\xc6\xfcG\x9bLT!K\xf5\x1e\xa9\
\x9c\xbb\xb7\x0f\xe9\x15\x95\xe8\xe8\x05\xee\x06\xfe\x01\x8c\x10\
\x09\x99\xd3l\x1ahaaaaaaa\x91\x0dd\
Vx\x04C\xd6\x97M\xcf\xd0T\x1c\xd0\x18*\xfd5\
\xae\xb7B\xf9\xffD\xbd\x15Z\xc7\xf4\xaa.\xc5\x12\x17\
F\x84E\x0e\x22\xf4I\x0e\x7f\xaa\x01&#\x84\xc5\x0c\
\xd2\x90T\x1d\xb0\x8b\xa4\xe9a\xa7\x8d\xfe\xe2\x1c(\x0c\
\x89\x81B\x07\x94\x86\xbe\xe6\xd9\xe0`?\xd2\xde^\xf9\
\xb4\x0b\x80W\x11\xc6\xab\x9c\x10\xae\x14\x1d\x05\xc0Z\xe0\
'\x8au\xa3u~!,)\x8az\xcd\xa2^\xaaq\
\xf7N\x8cS\xad\xe4dn;\x12\x80\xdd}H{z\
\x95Gw\x02_\x02\x8e\x01\xc3\x08\xe11J\x8c\x86\x81\
X\x02\xc4\xc2\xc2\xc2\xc2\xc2\xc2\x22K\xc8J\x8f\x87\xf4\
\xb7s\xc2[\x91\x83h8W\x8c\x10\x16SC_%\
\x84\xe7\xa2\x964\x09\x8b\xc1\x02;\x03yv\x02yv\
(v\x88\xa6r\x85\x0e\x91<]\x14\xfa\xea\xb4\x8b|\
\x871\x17\x08\xc2\xb6\x1e\xa4\x83}\xca\xa3\xdb\x10bC\
~^J\xd1\xb1\x04a\xf8\x86C\xab\x86\xf3\xedt\xad\
*\x81\xa9\xb9\xfa\x13N\xca\xeeO\xa7X\xb0\x99\xac=\
\xd2t\xf1\xe1\x009\xffl\xa3\xa2C\x95\xcf\xf1\x12p\
\x13\xd0\x0f\x0c\x22\x92\xc9\x95\xc2#\x96\xf8\xb0\xb0\xb0\xb0\
\xb0\xb0\xb0\xb0\x18w2.<\xa4'\xbb\x93\xf1V\xc8\
_\xe3\x89\x09\xad\xe3z\xf9\x15F\xbc\x15Z\xa2\xc2F\
$\xbfA\x22\xe2\xb5\x90\xbd\x15\xb3H\xa3\xb7b$\xc7\
F_\x91C\x88\x8a|\xbb\xf0Z\xc8\xde\x0b\xb9JS\
\xac\xde\x10\xf1l`\xdf\x08l\xebF\xf2\x0d+\x8f>\
\x02\xecF\xbc7d\x01\x95\x8b\xf0r\x14\x10%:F\
\xf2\xect]\x5c\x0e\xe5\x8e\xd4\x9el\xc6\xc8\xb2\xee\x90\
Z\xf4\xf8\xc9{\xaa\x9d\xd2n\x95\xe8\xf8'\xf0E\x84\
\xe8\x18@\x08\x0f=\x8f\x87%>,,,,,,\
,\xb2\x86\xb4\x0b\x0f\x0da1\x1e\xde\x0a=/\x85\x9e\
\xb7\xc2\x81\xf0V\xc8\x9d\xae\xa7 \xca\xc2\xd6 \x84\xc5\
d\xd2\x90[\x11\xb4\x09oAo\x81Cx+\x0aC\
\x1e\x8b\xa2P8\x94\xb2\x97D\xac\xce\xd5\xf2*%\xca\
\xc9A*_\xec\xc41\xaa\xb2Mw\x00\xb7\x11\x11\x1d\
r\xcf\x0d\xd9\xd3q7\x8a\xe6|\xbe\xfa\x5cXY,\
\xe6l\xa1\x8f\x11\xcds\xa4\x9f\x8am\xdd\xe4\x8c\xa8^\
\x97{\x80\xbf\x11\x11\x1dCDD\x87\x96\xa7\xc3\x12\x1c\
\x16\x16\x16\x16\x16\x16\x16YG\xaa\xc2\xc3&=\x19N\
zMVLh\x1d\x8b\xe7\xb1H5\x04\xca\x860\xa4\
\xe5\x10(\x09!*&\x85\xbe\xce&\x0d\x9d\xaf\x836\
\x18\xcd\xb5\x0boE\xbe\x1dJ\x14\xde\x8a\x229\xb7\xc2\
!\xfc&N\xbb\xbao\xa2m\xcc\x7fR\x98\x88\xc6e\
\xf6\xf5S\xf5J7\xf6\x80\xca>}\x05!,\xe4\xf7\
\x84\x9cL\x9e\x8f\xc8\xf9\xb8\x03Q\xf9\x0a\x00\xdf\x9cB\
XQ\x94\xe4\x04R\x98\xbb\x09\xb71\x8c\x99\x09\xe6A\
\xe0@?\xd2\xb6\xae\xe8\x9f\xdc\x05\xfc\x1dux\xd50\
\xc2\xcb\xa1U\xcd\xca\x12\x1d\x16\x16\x16\x16\x16\x16\x16Y\
I*\xc2\xc3\x88W\x22\x96\x17\x22QoE\x22!P\
\xb2\xb7\xa2<\xf4\xa8\x0b=$\x84\xc7b\x0a07\x85\
\xe7\x0d\x880\xa8\xd1\x5c\x1b}\x05vF\xe5\x9e\x12\xc5\
vQ\xfe\xb5\xd8\x11iP\x97\xab\xc8\xadP\x19\x9eZ\
\xc7B\x98eD\xf7\x05`{7\xd2\x89\x01\xe5\xd1\x13\
\xc0\x17\x10\xc2#@\xa4\xf3\xb8,:.\x03\x1e\x0aO\
\xcd\x06\xad\xf3\x8b`I\xa1\x09\x13<\xc7\x89\xf7\xba\xee\
\xe9C\xda\xa9\xaa\x5cu\x1c\xf8:\xa2\xbf\xca@\xe81\
LDt\xc8\x9e\x0e\xabw\x87\x85\x85\x85\x85\x85\x85\xc5\
\x84 Y\xe1\xa1\xf4Vh\x89\x03\x07\xda\xa2 \x96x\
0\xe2\xad\x90\xbf\x97\xbd\x15\x95\x08\x0f\x85RT\xcc\x22\
\x0d\x9d\xb1\xe5\x86u\xc3\xb9v\x06\xf2l\x04\x94\xb9\x15\
\xf9!\x91Q\x14*\x0f\x9bc\x8bjP\xa7\x5c\xa5\xa8\
\x83*\xc3\xd3\x88\xba0\xa8@\x8c\x0c\xeb\xf6\x93\xf7\xf4\
\x98\xbc\x81}\x88\x1e\x1c\xbbQ\xbfvN\x84/\xe6R\
\xe0\x1b\xf2\xe0\x91<;\x9d+\x8baZ^J\xd3\x1d\
\xff\x04\xf3\xa0x\x91M\xf3\x90$0\xd7\x01?l\xec\
B:;\xa4<\xba\x17x\x00\xf1\xba\xc8\x9e\x8eh\xd1\
\xa1\xf4t\x80%:,,,,,,,\xb2\x9cd\
\x84G\xb4\xa7#:7B~\xe4(\xfe\x1fK\x8ch\
\x89\x0c9\xb7\xa2\x1a\xe1\xb1\xa8ET\x84\x92B_\xd3\
\xe2\xad\xf0;m\x0c\xe4\xd9\x18\xcaWT\x7f\xca\xb7E\
\xbc\x15\xb9\x08\x91\xe1\xb0\xab\x9f\xb5j\x15\x14\x07\x93\xb5\
\x8b3\x11\x22tv\x98\xd2\x8d\x1d\xe4\x0d\x04\x94G\x7f\
\x06<\x8c\xc8\x13\xb0\x11\xc9\xebp\x22\xc4\xdb\x1d@\x83\
<\xb8\xbf\xc8A\xdf\x85ePf\xe5s\xa4\x84\xf2\xf5\
\x1e\x0a\xe0\xfcW;\xe5]*1\xf8\x22\xf09\xf4\x93\
\xc8-\xd1aaaaaaa1\xa1H\xd5\xe3\xa1\
\x14\x1c9\x8a\x87S\xf1U)B\x0a\x89\x84AU!\
\xc2\x9e\xaa\x10\xde\x0a\xb9\xc4\xec\x8c$\xe7\x14\xc6\x9fc\
c(\xcfF\x7f\xae\x9d`\x81=RZ\xb6 T\x05\
\xaa\xd0&\xbe\xe6\x10\xf2VDY\xfef\x0b\x81d\x89\
+Rb\xfcpK7\xd5\x87\xfb\xb0\xa9M\xd3;\x81\
\xa7\x11\xc6+\xa8\xbb\x92\xe7\x85~\x1e\xces\xe9/r\
\xd0wI\xd9\xf8$\x91\x9fky\x1e2\xda\x1e\xa8\x1f\
\x01\xff\x0f\xed$r\xabr\x95\x85\x85\x85\x85\x85\x85\xc5\
\x84&\x1d\xc2C\x16\x16\xce\xd0\xc3\x8d\xa8\xfa$W\x81\
\x9a\x89\xe8\xba=\x854T\x82\x0a\xd8\xc1\xef\xb4\xd1\x97\
kgD\x0e\x7f\x92\xc5D\xa1]x-\x9c\xa1JP\
N\xdbX\xcf\x84\xc6\xb7c0l\x5cfqi\xd6\xe1\
\x00\xbc<&\x9f\xa3\x0d\xf8*\xb0\x19a\xc8F7\x08\
\x5c\x83\xa8j5\x05B\xf9\x1c\xd3\xf3ai\x91X\xe3\
\xa4Ia\x9d\xb2!\x1c*\xdd\x1c\xee\xa7r[wt\
E\xb1/\x01O\x10\x09\xad\x1aD\x08\x0eYt\xa8\x92\
\xc8}^O\x10@r\xb938q\x0b\x0b\x0b\x0b\x0b\
\x0b\x0b\x8b\xe4I6\xd4*Zx8\x817\x00\x0f\x22\
DF\xd2\xf8sl\x0c\xe6\xda\x18\xc8\xb3\x13\xcc\xb5)\
\x92\xb6\xed\xa2\xc3v~\xc8[\xe1\xb0)f\xaf0 \
\xa3mI\xb3\xec\xcb4\xa6h\xc4?7\x89\x8bt\x8c\
\xc2\xd6.\xa4fU\x7f\x8e\xfd\x88$\xf1\xfd\x08c6\
@$\x19?\x17\xd8\x80x\xfd\xc2\xb4.,\x84\x86\x04\
\x93\xc8\xd3\x9d\xe7\x91p^\x8cQl\x99\xd7\x1er\xe5\
\xaa\xedc*W\xdd\x01\xfc\x83H\x12\xb9\xdc\x18PY\
.7\x9c@.\x8b\x0e\x0b\x0b\x0b\x0b\x0b\x0b\x0b\x8b\x89\
D\xa2\xc2Ci\xa6\xc9aV9\xc0r\xe0Wz'\
\xcb\xde\x8a\x01\xa7\x8d\xa1\xbcP\x82v^H\x5c\xc8I\
\xdbN\x84\xa7\xc2\xa9\xbc\x95^\x22p\x8a\x16d2!\
L\xc9^X\xcb\x90N\x87\x01,_\xe3\xe8 \x95[\
\xc7\xf4\xe7\xf8\x05\x22\xa7c\x88\x88\xa7C\xce\xeb\xc8\x05\
\xde\x88(\xa5\x0b\x84:\x91/*\x84\x99\xf9)N*\
\x9b1[uD]\x7f8\x00[{\x90\x8e\xf7+\x07\
\x1dAT\xae\xda\x8ev7r\xd9\xd3\x11\x0c}\xc5\x12\
\x1d\x16\x16\x16\x16\x16\x16\x16\x13\x95TB\xad\x94aV\
\x1f\x96\x7f\xd0W(*A\x05\x9d\xa1\xb0\xa7\xe2\xd0\xd7\
\x5c\xbb\xa8G\x95\x17\xaa\x04\x15NQ\xd70\xfe\x8c\x96\
\x98\x0d\xa0\xee\x7f\x11\x93\xa8\x93\x93\xb19\xcd\xf6p\xa4\
c\x1e{\xfb\x90^\xe9\x8e>\xfa]\xe0q\x22\x15\x91\
\xe4\xf0\xaa\x1cD>\xc7\xf5\xc0\xb5\xf2\xe0\xc1B;=\
\xe3\x95\xcfq\xae2\x10\xc0\xfel;U\xad#\xca\xa3\
{\x81\xaf!*W\xc9I\xe4J\xd11&\x89\xdc\x12\
\x1d\x16\x16\x16\x16\x16\x16\x16\x13\x99TC\xadd\xe1q\
\x9e\xfc\xc3\xfe\xf3\x0aD\x85\xa8\xe83\x12a\x8cq\x9d\
\x80E\x9f\xaeR\xadY\x9c\xbe1\x86\x01?\xbc\xdaG\
\xf51\xd5n\xfa1\xe0[\xc0N\x84\xe8\x90\x0dX\xb9\
rU\x03p;\x8a$\xf2\x8e\x8a\x1cF\xd7\x95\x8c}\
\xfddRZ\x93\xd7i#\xc1\xc1 y\xffj\x8bN\
\x22\xdf\x03\xdc\x8fZt(\x93\xc8\x03X\xa2\xc3\xc2\xc2\
\xc2\xc2\xc2\xc2\xe2\x1c#U\x8f\x87\xec\xf5\xf0\x22W\xa3\
\xea\x0b\x8c5\x5c\xe3\x1aj\x86\xdd\x16Y\x8a\x8e\x15\xaa\
k\xa4\xa6h)\xb7\x8fR\xf8|\x07E\xbd~\xe5\xd1\
}\xc0'\x88\xec\xa0+\xabW9\x812D\xd3\xc0\xf9\
\xf2\x09\xbe\xa9y\xb02^\x12\xb9\x99m\xbb\xc7\x0b\x93\
U\xca\xc9A\x8a\xb6uS\xd8\xa7zm\x1e\x00~\x8f\
:\x89\x5c\x16\x1dr>G$\x89\xfc\xba\xfa \xf7m\
6o\x8e\x16\x16\x16\x16\x16\x16\x16\x16\x19\x22\xd5\xce\xe5\
\xb2\xf08\x13>\xaa\xee\x15\x91~\x02A\x18\x0e\x0aS\
\xad\xc8&\xca\xe1\xea\x11\x04QO6\x15\x81\x90\xec9\
\xe9L\xe0\x88\xe2\xf8\x00\xa5\xaf\xf4D\xf7\xe7\xd8\x87H\
\x12\x1f \xb2{.\xe7s8\x81K\x80[\x11U\xc7\
D\xe5\xaa\xc5\xc507?}\xfaOs\xbaY\xeaU\
2k\x0e\x87\xfa\x91\xb6\x8c\x09{\xbb\x0b\x91D\x1e]\
.W\x99\xcf\xa1\x16\x1d\x16\x16\x16\x16\x16\x16\x16\x16\xe7\
\x08\xa9x<\xe4\xafv\x84\xc7C\xd0\x9b\xa2\xf0\x08\x04\
\x85\x096\xe0\x17{\xc1\xa3A\xe8\xf1Co\x10F\x83\
8\x07\x03\x94\xf4\x07p\xf8\x83\xf8\xd6\x15CUN\xc8\
`\xd6\xb3 S\xb1.\xd3\x98\x04\xae\xb8\x5cR\xc7@\
\xac\xc9\xb6\x1e\xa4\xa3\xaa\xd0\xaaQDI\xd6\xe7P\xe7\
s\xc8\xa2#\x0fQy\xec\xcb\xca\x93ZW\x14O\xb0\
$\xf2lP+q\x08\x02\xfb\xfb\x90v\xf4(\x8f\xb6\
 \xc4\xe0S\xa8\x93\xc8\x95\x9d\xc8\xd5\x95\xab,\xd1a\
aaaaaaq\x8e\x91\xaa\xc7C~\x9c\x0d\x1f\
\xedK\xd0^\x0a\xda\xc0\x1f\x84\xd7\x06\xb0\x0d\x06)\x1a\
\x08\xe0\xf4\x07q\x8c\x06\xa3\x9b\xde\x8d\xa5\xc7/\x84\x87\
\xb1\x1b\x91\x96N\xe3\x09\xde&\xed\x8c\x04\xe0\x85.\xa4\
\xc6!\xe5\xd1\xd3\x88|\x8e\xcd\x08cV\x8e\xedQ&\
\x91_\x87H$\x07BM\x01\x97\x15\xc1\xe4\xdc\xc4\xee\
\x9f\xe5v\xff\xb8\x12\xae\x5c\xa5\xea\x9d\xb2\x17\xb8\x01\xe8\
 \x22:\x86Q\x8b\x0eu>\x87%:,,,,\
,,,\xceAR\x11\x1e26\x84\xe1\x0b@~\x7f\
\x80A\xadQ\xf1\x0c\xd6\xd1 R\xe3H\x8c\x1f\xc6a\
 \xc6\xf1\x8c'\x98g\xc0\x1a\x0f\x02\xbe\x11\xec\xdb\xbb\
\xa9jW\xad\xd5\x1f\x10\x95\xab\xe4|\x0eYt(;\
\x91\x7f\x1fX)\x9f\xd0Y\x96\xc3\xc8%\xa5\xa2\xd2X\
F\xc9\x90j\x19\x8f\x04\xf3~?\x8eg;\xa9l\xd3\
\xac\x5c\xd5\x86v\x12\xb9%:,,,,,,,\
^7$*<\x82\x8a\xafJ\x03),<J\xfa\x02\
\x0c&\x9a0\x1e\xdbH<\x8c\xf0\xa6\x9c\x0e}\x1d\x05\
J\x80\xcf\x00\xd05\x8a\xb0\xab\xc7\x91\xb4\x94\xd95p\
\x91\x83}T\xed\xec\xc5\x1eP\xd9\xa5?\x06~C\xa4\
?\x872\x89<\x17X\x04|\x1ee\x12\xf9\xa4\x5cX\
U\x9c\xa4\xe8\x18Gw\x87\x99\xb7N\xf5\xda\xad#\xe4\
m\xec\x8a\xae\x5c\xf5+\x84\xe0\xebC\x9d\xcf\x11-:\
\xc2\xbfK\x96\xe8\xb0\xb0\xb0\xb0\xb0\xb0\xb08\x97I\xc6\
\xe3\x11\xcb8\x1aF\x18\xbb\x10\xb0%\x96\xa8l\x87\x91\
<\x1b\xce\xa1\xf0\xa5o\x02\x1a\x11F\xdbH\xe8\x9e\x0e\
D'\x90)\xf2\xa0\xd2n?\xea\xf4\xdd8\x16\xe4\xb8\
\xf6\xe1H\xe1\xc2\xa3A\xd8\xdb\x8f\xb4\xa7Wyt\x00\
\xf8\x0e\xf07\x84A+\x1b\xb1\xca\xa6\x80k\x80\xdb\x80\
\xa9\xf2I\xbe\xa5E0\xb7\xc0\x94i&}\xadty\
\xa7\x92&\xc5k\x1d\x1d\xa0\xea\xe5\xeehAx?\xf0\
G\xc6&\x91\xc7\xae\x5ceaaaaaaaq\
\x8e\x93l\xa8UP\xe3q\x08\xb1\xc3.<\x11\x15N\
\xe3W\xb3A_\xae\x9d\xf2\xa1p\xd9Q'\xd0\x8b0\
\xda\x86C\xd7\xcfA\x18l\x9d\xe1\xc9\x8f\x84\xec\xb5d\
\x1b\x09&\xc48$\x98w\xf9ak7R\xcb\xb0r\
\xd4!\xe0!D\x0f\x089\x9fC>\xd3\x89\x10\x1do\
\x07\xee\x08_\xd6\x06\xad+\x8b\xc1=\xce\xde\xa1s\x8d\
\x03\x03H\xdb\xba\x94G\x06\x81\xaf\x00\x7fG;\x89\xdc\
\xaa\x5ceaaaaaa\xf1\xba%\x95\x1c\x8f \
\xeaFg\x1ed\xe1\xd1\x13\x84\x8a\xc4.6\xe2TY\
\xe19\x08cM\xce[\x08\x22\x0cl\x1b(RH\x82\
\x88\xc4t\x87\x86\x12\x18O\x0fG:\xae\xdb2B\xc9\
\xa6.\xf2\xfb\xc7\xf4\xe7\xf88\x11cV6`\x95\xf9\
\x1c\xef\x01n\x96O\x18\xc9\xb3\xd3\xb9\xa2\x08\xa6\xe4\xa6\
\xe9\xb9\x06\x85\x92\x19\x8f\x88\xabli$8\x1a\x84\xdd\
}H{U^\xa8C\xc0\xd7\x81WP\x8b\x0eeh\
\x95,\x12\x03`\x85VYXXXXXX\xbc\xbe\
H6\xd4J\xf9\x90\x85\xc7\xb1\xf0\x88\x1e\xbf\xe6\x891\
\x8dA\xbb-\xbaq]%c\xbb7\xdbB_\xc3\x81\
\xf4\xb6 \xa2oHq\x8cN\xdb\x09\x93%\xbd&N\
\x0eQ\xb9\xb9\x0b\xc7\xa8\xca.\xdd\x8b0l\x07\x18\xdb\
\x140\x17!:n\x05\xde)\x9f\xd0V\x99C`m\
\x09\x14(\xd7v\xbc\x1b\x01fcY\xac\x04\xe64\x1c\
\x80\xa7:\x90\xc6&\x91\x7f\x84H>\x87\x96\xe8P'\
\x91_[\x1f\xcc\xca\xa5\xb0\xb0\xb0\xb0\xb0\xb0\xb0\xb00\
\x89t\x84Z\xc9\x06\xd5\xae\xf0E\xdb\x03\x8c&\x92`\
n\x03\xf2U\x16X%\xc2\xa0v\x10\xd9%v\x84.\
\xa8\xae\x89\xab\xca\xe750k\xd3<\x1c:\x177\x92\
`>\x12\x84Wz\xa9>>\xa0,%\xdc\x0b\xdc\x03\
l$\x92D.\xffT\xce\xe7X\x04\xdc\x0d\xcc\x92O\
\xf2IN\xb8\xb0\xc4X\x83E\xb3\x980y\x1e\x06C\
\xe8\xfa\x03\xd8\x9f\xed\x88\xae*\xb6\x17\x91\xd3\xd1C$\
\x9fCYaL[tXXXXXXXX\xbc\
\xceHG\xa8\x95\xfc\xb5I\xfeA\xc9@\x80\x8e\xd4f\
\xb2\x01\xf83\x91\xf0*\x10\xc2#\x0f\x11R\x04(<\
\x1e\xe5J\x8fG\x8a\x06i&\x13\xcc\x95\x87\x86\x02\xf0\
B7\x92O\x95\xcfq\x12x\x00\xd8\x81\xba)\xa0\xdc\
\x9f#\x17X\x05|\x11\x98$\x9f\xe4\x9b\x91\x0fK\x0b\
\xc7\x8a\x8eLU\xe0\x9ap\x18xN\xbe\x11\xf27u\
Q\xd2\xa3R\xba\xf7\x03\x7f\x22\x92D.\x97\xcb\x95\xf3\
9\xc6V\xae\xb2D\x87\x85\x85\x85\x85\x85\x85\xc5\xeb\x94\
tz<\xc2\xb9\x17\xb6\x00\xc2\xecJ\xe4\xea\x05*\xc3\
o.P\x8c0\xb0sC\xf7\xc9\x0b\x1d\xab\x0a\xdfG\
\x16\x1e\x90}\x09\xe6\x89\xdc\xa6u\x94\x9cm\xddTt\
\xa8\x8c\xda\xfd\xc07\x10;\xea\xb1\x9a\x02\xbe\x17\xf8\x5c\
\xf8\x966h=\xaf\x18\x5cV\x12yZ9\xdcO\xd5\
\xb6\x9e\xe8\xcaU\xf7!\xc4qt\xe5*\xed$\xf2X\
\x82\xe3\x5c\xd4q\x16\x16\x16\x16\x16\x16\x16\x16\x1a\xa4R\
NW):\xfc(\xda\xf9\xd9\x03A\x18\x0a&(<\
\x1c\x22g9b\x9e]\x88\x08\xb9\xaa\x04f\x00\xb35\
\xcf\x1b\x8e\xb3\x81\x9c.\x81`\xa6q\xb8\x7f\x80\xca\xdd\
\xbd8\xfc\xaa\xe7\xf1m\xe0q\x22!;r>\x87\x1d\
\xe1\xf1\xc9\x07\xaeEt\xc4\x06\xc0\x9fc\xa3\xfd\xfcb\
\x98d\xa4\x13y\x1a\x9ePJ\x97H\xe1\xe4L'\x98\
\x1f\xe8C\xda\xde\xa3<2\x80\x10\x1d\xff\x08\xfd_\x16\
\x1d#\xa8\xc3\xab\xc2\xe2\xdcwm]\xec7i\x86E\
G\xcd\xf4\x19\x99\xbd\xa1\x85\x85\x85\x85\x85\x85\xc5\xeb\x9e\
\x96\x13\xc7\x81\xf4\x95\xd3\x95\xc5G\x84\x81 \x14\xc58\
S\xcb\xd8\xca\x1ds\xf0S\x86f2\x14L\xb30\xc8\
\xd0\x16\xb4?\x08\xbb\xfa\xa9>\xd4\xa7\x14[\x03\x88R\
\xb9O\xa2n\x0ahC\x9dD\xfe\x09\xe0:\xf9$\x9f\
\xe4\x84UEiL\xb2\xd7c\xbc\x13\xd43\xc0P\x00\
^\xeaB:=\xa4<\xaa\xac\x5c\xa5L\x22\x97=\x1d\
c+W\xc5\x13\x1d`y<,,,,,,,\
^7\xa4\x92\xe3\x01j\xaf\x87\xba\xdaT_\x00\xaa\x13\
H0\xd7\x89\x0e\x0a\xda `\xb7\xe1w\xda\xe8*\xb2\
C\xa1\x1drl %\xf8\x14\xb2!\xc1\xbc}\x14\xb6\
\xf7DWF:\x0c<\x08\xbc\x86:\x9fC\xd9\x14p\
!\x22\xd1<\xbcm\xed\xab\xcb\x85\xd5\xc5Z\xc2-\xc5\
\xe7b\xe6\xb5\xb2\xa4zX\xf4\x04\xe42\xc1\xc3\x01\xec\
Oi&\x91\x7f\x0c\xed\xcaUc\x9a\x02B\xb4\xe8\x18\
\xf7'h\x06\xeb\xa2\x1e\x16c\xd9\x14\xf5\xd0\xc2ZG\
}\x8c\xac\xa3\x85\x85\x85\x85E\x96\x93\xce\x1c\x0f?\xb0\
\x07\xb9\x97\xc7` \xd6\xb9\xda\xe4\xdb\x19\xcd\xb5\xd1\x97\
kg4\x07\x82\xf9v(r@\xa1M\x18\xd5E\x0e\
\x11`\xe4\xb0A\x8e=E\x1b.\x95\x0aT)\xe6\x88\
\x9c\x1d\xa1lK7\xb9\xea\xf5\x91\xf39\xf6\xa0n\x0a\
\xa8\xcc\xe7X\x09|\x15\x90\xe4\x93|S\xf2`Mq\
\xc2S8w\xec_\x13\x9eL\x97\x1f\xfb\xc6N-\xd1\
\xf1u\x22\xfd9bv!WL\xcc8\x13\xeb5)\
\x01\x1e\x06>0\xde\x13\x99 \xbc1\xf4\x90\xb9\x01\xf8\
)\xd6:&J\xacu\xb4\xb0\xb0\xb0\xb0\x98@\xa4Z\
\xd5*Z|<\x0c\xfc\x04\x80\x8e\x800\xc9\x12\x88\xfe\
\xe9\x5c_\x04\xf9\x8e\xb1F\x98\x96Q\xa6e\xac\x85\x1d\
,\x09Zr\xc9\x18~\x89\xe6\x86\x04\x80SCT\xbf\
\xdc\xad\x0c\xad\x1a\x01\xbe\x03\xfc\x11\xf5\xee9\x88\x95\x93\
E\xc7\xc5\x88\xcaU\xa5\xa0H\x22\x9f\x1a\xe5&\xca\xa8\
\x01\xab\xf0\x10\x9c+x\x06\xa8|\xb9;:\xdf\xe6\x01\
\xe0\x09\x84\x97C\x19R\x15.\x8f\xab\x81-\xce\xcf&\
2W\x22~\xc7\xdd\xe3=\x91\x09\xcc\xc3\xc0\x05\x08\xcf\
\x86\xb5\x8e\xc9#\xaf\xe3\x0d\x08/\xa4\x85\x85\x85\x85\xc5\
\x04 \x1d\xc2C\xe9\xf18,\xff\xb0\xb2\xcbO{\x80\
\x84\x84\x07\xf91<\x19i(D\x95\x81\x93b3\x1c\
\x80\xad\xbdT\x9f\x19R\x8a\x8e\x16D9\xd6\xcd\xa8\xf3\
9 \xd2\x89<\x1f\xd1\xa9\xfcc\xf2I\xfe\x1c\x1b\xed\
k\x8a\xa1.\x5cU8I\xc6;O#C*\xc9\xe8\
m\x0e\x0dR\xb5\xa3;\xbar\xd5\xd7\x89\xe4\xdb\xc8\xa2\
P\x1e`\x8bz\xd8I\xd6\xe311\xc4\xdb\x95\xc0\xbf\
\xc6{\x12\xe7\x08\xd7\x8c\xf7\x04\xce\x11\xaeA\x94\x11\xbf\
l\xbc'baaaaa\x0c\x83\x09\x181\x89\xf6\
zt\x01\x1e@t\xdd\x8e\x15n\x15\xd7,3\x12\xa2\
5\x0e\x9b\xc9\x86o\x195\xb0'\x80\xfd\xb9n\xa4\xd3\
*\xd1q\x0c\xb8\x0d\x11\xab<\x88\xda\xd3!\xe7s\x14\
\x00\x9fE!:\x86\x0a\xec\xb4\xaf+I\x83\xe8H\x07\
\x09\xbc\x06\xe9~\xb9\x821\xbfI\x8e\xfd\x03H\xdb\xba\
\x94\xa2\xe3\x18\xf0i\xe0\xef\xa8\x05\xc7U\xc0#\x88\xf7\
\xf8\x9f\x80\xb7\x12iti'\xd2\xe021)\x91\xfd\
\xbe\x119,\xc8\xc2\x22\xdb\xb8\x14Qe\xce\xc2\xc2\xc2\
\xc2b\x02\x90\xce\x1c\x0f\xd9\xebq\x049\x84\xa0;\x00\
%\x09$\x98C\x82c\x93\xc4H\x22x\xd2\xd7U|\
\xdf4B\xe1\x8e\x1e\x8azU\x05\xbf\xf6!v\xd2\x95\
\xfd9\x94I\xe4y\x88\xa6\x80_@\x99D>)W\
T\xaeR%\x91\x9b\xe85\x18\x8f\xbc\x83L\xdfs(\
\x00\x1b\xbb\x91\x1aU\x95\xab\x0e\x03\xdfC\xbc>\xca\xaa\
b\xef@x\xa8d\xe4D`\x1b\xf0\x97\xa8+\xcb\xcf\
$\xa8}x\xc2a\x85WYd3_Fx\x8e\xff\
=\xde\x13\xb1\xb0\xb0\xb0\xb0\x88O\xba<\x1eJ\xf1q\
6\xfc\xd3\xfe$\xb6r\x83)n\xff\x86\x1d&z\xd7\
\xd11\x00S\x99F \x08{\xfb\x91\x9e\xef\x8c\x16\x1d\
\x0f \xca\xe0\xee&\x12^%'\x91\xcb\xa1U+\x10\
\xd5\xad\x22\xa2\xc3\x95\x07\xab\xa3EG\x0ad\xff\x0e\xbb\
\xf9\x0c\x05\xc8y\xaa#Zt\xec\x07nD\x88Ce\
\xae\xcd\xdbP\x8b\x0e%\x9fF\xbcv9\xa1\xb1a\x8f\
\x87\xf4\xcb&\xe3/Xv\xbf&V\xa5%\x8bl\xc7\
z\x8fZXXXL\x00R\x11\x1e\xb1*[\xed\x0b\
\x8f\xe8\xf4k\x9e\x986\x8c\x1ak\x9a\xe346\xa3\x13\
\xbd\xb1\xd69A`{/\xd2^U\xbec+\xc2\x83\
\xf1G\xd4I\xca\xd1\xa2c\x1d\xf0#\xa0\x1cD>\x87\
oY\x91\xf0t8\x0c\xda\xb0\x996`S\xba_\x0a\
''rj\xf4\xd8.?9Ouhu\x8a\xff\x0e\
\x91\x86\x8d\xb2\x07\xea\x1a\xe0^yPEU5\xefx\
\xcf\x07\xb1\xd9\xc2\xaf\xc7r\xc4\xeb\xe5$\x12v\x95x\
\xb8U\xf6:B\xa6\x02\xae\xf1\x9e\x84\x85\x85\x0e\x96\xf0\
\xb0\xb0\xb0\xb0\x98\x00\xa4\xa3\x8fG\xb4\xf8\x08'\x98\x17\
w\x07\xe8M\xf1\x06\xaa;\xd9\xe2\x1eH3I\xf4\x9a\
\xe8\xf0\xc3\xae>\xa4\xe6a\xe5\xd1\x17\x10\xa1U\xcdD\
\x04\x87\xec\x97\xc9!\x22:n\x00>,\x9f\xe4w\xd8\
h_[\xa2\xeeSb\xb4'\x86aR]\xc3\xf1N\
PO\x82\xe3\x03T\xbd\xdc\xa3\x95D\xfe\x14j1h\
G\x948^-\x0f\xaa\xa8\xaa\xe6\xc2\x8b/\xc7n\xb7\
S[7\x99\xa6\xc6\xd3\xf2\x8f.\x08\x9d/\x97\xd7\xb5\
c,Y)B\xf6FaY\x06\x9d\xc5D\xc0z\x9f\
ZXXXL\x00\xcc\x10\x1e\xed\xf2\x0f\xf3\x86e\xe1\
\xa1\x91\xe7\x91\xbd\x86Vr4\x0eS\xf9ROt)\
\xd6\xdf\x01\xdf%\xd2\xfbA.\xc3j'\xd2\x89\xbc\x01\
\xb8\x0b\xd1\x1c\x10\x80\x91<;\x9dkK\xa02S\x9d\
\xc8c\xa0\xfb\x1a\xa5Z\xb28\x09qg\xfc\xe2c9\
\xd8O\xd5+\xbd\xd1\xa2\xe3\x1b\xc0\x7f\x88\xe4\xda8\x80\
y\xc0-\xc0\x5cyPm\xddd\xce_\xb7\x9e\x1c\xa7\
H\xec/*V\xf5Oq#\x04\xa4\x5cjw4\xf6\
\x84\xb2\xef\x8d\xef\xf3zb\xfeLr\xb9\xd7\xeb\x9d\xff\
\xed\xfb\xef\xe7\xfc\xd5\xab\xd2:\xa7s\x85\xfb\xee\xff\x1a\
\xffy\xe1ECc\xadu\x8c\x8d\x81u\xcc\x01\xd6\xf8\
\xbc\x9e\x9734%\x0b\x0b\x0b\x0b\x8b\x10\x92\xcbx\x1a\
h\xaa\xc2\x03\xc6\xe6x\x0c\x01\x1d@\x85]\xfe./\
\xd1\x88\xae\x04\x12\xd2G\x82\x22I8`\x83\x22[T\
HR\x1c#\xcfH\x82\xb9\xd1^\x1d\xc7\x06\xa9|\xad\
/Zt\xfc\x00\xf85\xea\xaaU\xf2n\xba\x5c\xb9\xaa\
\x14\xb8\x1b!>\x00\xf0M\xc9\x85\xc5\x85\xa23\xbb\x99\
\xa4\xc5\xfe\xcd>#Z\x93\xe1\x00\xbc\xd2\x8btl@\
y\xf4\x08\x22\x89<:\x9fc\x01p30G\x1e\xb8\
h\xd9\x0a\xe6\xcekP\x9eKuM\x0d\xc7\x8e\x1c\x94\
\xbf]\x05\xfc\x06\xf1:\x8f\x10y\xf3\x9e\x0b\xfd<\x16\
\xeb\x0d\x98:u2\xf9\xf9\xf9\x99\x98\xcb\x84\xe3\xf0\xf1\
\xd8\xa2.\x1ak\x1dccp\x1d\x8f\x9b=\x0f\x0b\x0b\
\x0b\x0b\x8b\xd4HW\x03A\xa5\xd7\xc3\x8f\xc8i\xa8\x00\
\x84(\xc8\x83\xa4\xd2I\x02\x88D\xed\xe1 \xf4\x05\xc4\
\xd7\x91\xa0\xa8\x96\xd5\xe7\xc7\xe6\x87\x92\xc1@\xb8\x0bx\
\xeb%%P\xecHH\xb7$O\x10\x06\x82\xb0\xab\x8f\
\xeaS\xaaR\xb9\xcd\x88f\x7f;\x19\xdb\x14P\xce\xe7\
\xc8\x03\xd6\x22\xf2>\xa6\xc8'\xfa\xa6\xe7\xc1\xca\xa2\xb4\
L\xcd\xb8\x1eH\x83x\xc8f\xfd1\x14\x80\xe7\xbb\x90\
|\xaa\xf0\xb7\xc3\x08O\xd4~\x22\xf9\x1c\x0e\x22\x8d\x1a\
\xed\x00v\xbb\x9d%\xcbV1s\xce\x5c\xa2)+\xaf\
T~;\x9fHryr%u![\xd7q\xec\x93\
\x8f\xa2\xae\xb66\x13\xf3\x98p\x0c\x0e\x0er\xe2\xd4)\
\xc3\xe3\xadu\xd4\xc6\xe0:v\xf9\xbc\x9e\xe6L\xcc\xc7\
\xc2\xc2\xc2\xc2\x22y\xd2\xe5\xf1\x88\xf6z\x1c\x01f\x03\
B$\x94&\xa8\x02:\xfcpp\x00\xe7P\x90\xa2\xe1\
\x00\xf6Q\xa2\xbd\x09\xda\x18\x19\x13\x8fD\x0c\xbf\x1e?\
y/\xf5R\xda\xadJP>\x8c\x08\xddy\x95\xd8M\
\x01\xf3\x805\x88\xdd\xf6p,\x95ov\x01,.H\
\xef\x1c'\x04)<!\xbdS\x87\x028\xff\xd3Ay\
\x97\xea5\xfa\x03\xa2<\xac\xb2Tn\x0e\x22F\xfc\xcb\
\xf2 \xbb\xdd\xce\xb2\x15\xabq\xcf\x9a\xadyig\x8e\
\xeaW\xa7\x10uryr\xe2#\xcb^W\xc9\xe5\xae\
\x04\xaa\xe3\x8d\x99\x5c[CQQ\x1a\xc4\xf29HK\
K\x8b\xe1\xb1\xd6:\xc6\xc6\xe0:\x1e1{\x1e\x16\x16\
\x16\x16\x16\xa9\x93N\xe1\xa1\x14\x1f\x91\xed\xa9\xde89\
\xb6\xb1\x0c\xc7\xde R\xeb\xa8\xc6\x0ft\x18\x8e\xf3\xb3\
t\xe5\x0e\x04\x81\xf6QJ7\xf7\x907\xa0zn\xfb\
\x10\xe5r\xe5\xfe\x1cJ\xc3V\xce\xe7\xc8Gt\xd9\xfd\
\xba|\xd2H\x9e\x9d\xcee\x85097\x05\xc3s<\
\xd5H\x96*\xa1SC\x14\xed\xe8\xa1\xb0OUY\xed\
\xfb\xc0_\x89$\x91\xcb\xa2\xe3S\xc0;\xe5A%%\
e\xac^w!\xe5\xe5\xe51/\xef\xc8qPTT\
L__/@\x0d\xa2\xfa\xd3!\xa2D\x87\xf4\xcb&\
\x9b\xef\xda:c\x8a8\xfb\x96R[u)\x98?o\
^&\xe61!il6.<\xacu\x8c\x8d\xc1u\
<d\xf6<,,,,,R'\x1d\xc9\xe5\xf2W\
\xa5\xc7#\xe2\xf2\x1e\x92\x87$\x10\xff\x94\xaf9\xee\x04\
p\x12\xe8\x0e}\xf5\x85\xee\xbb\x16\xb8\x1c\x80n\xbf\xba\
\x0aT\xba\x09\x02\xbb\xfb\xa9<>(:\xb3G\xb8\x17\
x\x12\xe1\xe5\xd0j\x0a(w\x22\xff\x02\xa2\x11\x1d\x00\
\xa3N\x1b\x9d\xeb\x8b\xa0,'r\xfd\xec2<\xd3;\
'\xa3\xd7JU$\x1e\x1f@\xda\xdc\x1d=\xe0k\xc0\
\xd3\x8c-c|\x17\xa2\xfb1\x00EE\xc5\x5ct\xd9\
\x95\xe4\xe9\xc4\xda\xdbmvrrs!R5\xb9\x0c\
\xc3\x1d\xcc\xb3\xf1\x85\xd6D\xd7\x1a\x9e1\xdd\xaa\xb4\x1b\
\x8b\xc6\xc6\xb3\xfa\x83BX\xeb\x18\x1b\x83\xebxX\x7f\
\x88\x85\x85\x85\x85\xc5x\x93n\x8f\x87,@\x14M\x04\
\x03\x10\xb4\xa1L\x82\xd0E\x1d\x9a\xd5\x07|\x16Q-\
k\x80\x88\xe1\x98\x83\xf0 L\x0a\x8f\xec\xd1\xf2\xae\xe8\
%\x98\xeb\xccE\x1e3\x1a\x84\xed}H\xa7U\x0d\xe7\
\x06\x80;\x81\x17\xd1\xce\xe7\x90;\x91/\x0a\x8d[ \
\x9f\xd8_d\xa7o]\xb1\xc8I\x19/&\x8c\xfd\x9b\
\x00\x07\xfb\xa9\xda\xa9*\xe2\xdc\x8a\xf0tlD\xbbr\
U\xd8\xb8v\xcf\x98\xcd\xc2\xa5\xcb\xc8\xcb\xd3O\xf0u\
\xe4\xe4PT\x5cLWG\xb8\x88\xdbT\xe05\xd4\xc2\
#q\xb2\xeb5\xd1\xf5xL\x9e4Io\xc8\xeb\x96\
S\xa7\xcf\x18\x1ek\xadcl\x0c\xae\xa3%<,,\
,,&\x00\xe9r\x0fD\x87Z\xf5\xc8?p\x8e\xc0\
\x88?\x98\xd8\x9d\xd4\x1d\xba\x8b\x80.\x84\x00Q\x0a\x0f\
g\xe8^m\xe1\x91C\x0a\xe1a\xd8\xc1b\xc0\xd2k\
\x1e\xc1\xb9\xab?:W\xe0\x18\x22\x9fc;\x91|\x0e\
\x7f\xe8b\xca$\xf25\x08OGxK\xd37#\x1f\
\x1a\xf2\xd3\xd7\x89\x5c\x8b\x8c\x1a\xb0\xc1\x90\xb8\xcc\xd4\xfd\
\xd4\xb7\xc6\x86\xa8\x5c\xb5\xbd\x0f\xc9\xa3\xaa\x5cu\x18!\
Z\xfbQW\xaeZ\x01\xdc\x86B\xb4\xce]\xb0\x90E\
K\x96\x1b\xbe\xad\xcdf#?O\x95\x93S\x85\xba\x81\
\xa0\xd2\xeb1Q+[\xe9z<&\xd7O\xce\xc4<\
&$\xc7='\x0c\x8f\xb5\xd616\x06\xd7\xd1\x12\x1e\
\x16\x16\x16\x16\x13\x00\xb3<\x1e\x1d\xf2\x0f\xf3F\x02\x8c\
\x8c\x04!'%\xabtX\xf1\x18\x09\x1d\x93\xa5E\xb8\
\xceb~\x8f\x9fA\xbd\x99\x1a\xf5p\xc8x\x87\xa8\xde\
\xd1\x1b\xed\xb0\xf9\x7f\xc0O\x89\xf4\xe7\x88\xce\xe7\x90\x9b\
\x02^\x0a<(_1h\x83\xd6\xd9\x05\xb0HkG\
=\x01\xa5\x90u\x8d\x04SU\x1c)\xde\x7f(\x00\xcf\
u!\xb5\x8e(\x8f\x1eFt\x22\xefC\xdd\xb0\xf1|\
\xe0\xfe\xd0\xff\xb1\xd9l\xcckXD\xc3\xc2%\x09\xdf\
\xb6\xb8\xb8D\xf9\xed\x14\x0c\x87ZM\x18\xe6\xe8\x0d\xa8\
\xad\x9521\x8f\x09\xc9\x9e\x03\x07\xf5\x07\x85\xb0\xd61\
6\x06\xd7\xd1\x12\x1e\x16\x16\x16\x16\x13\x003r<\x82\
\x08\x0f\x05\x00y\xc3\xd0\xebO<\xdc\xa9\xa7\xc8NI\
_\xd8\x83Q\x17\xba\xa6|}\xe5#\x1c\xd6U\xd2\x17\
\x88/<\x12\xe5\xd0 U\xfb\xfa\x95\xa2\xa3\x1f\xf8\x16\
\xf07\xe27\x05T\x8a\x0e@\xe4st,+\x84)\
\xb9\xf1\xef\x99\xb4\x0d>\x9e6n\xaa\xa2)\x85qm\
\xa38_\xee\x8e\xf6F=\x06\xfc7B\xa4\xca\xaf^\
\x0e\xa2\xdf\xc67\xe4ANg\x1e+\xcf_\xc3\xa4\xc9\
S\x8d\xcc|\x0c\xa5\xe5e\xcaog\xa0-<&\xa4\
\xf8\x90\x5cn;\x22D0&\x0e\x9b\x0dI\xb2\x0cf\
-:;\xbb\xe8\xe8\xea44\xd6Z\xc7\xd8\x18\x5c\xc7\
3>\xaf\xa7Wo\x90\x85\x85\x85\x85\xc5\xf8c\x96\xc7\
c\x00\xb1\x035\xc7\x1e\x08\x8a\x04\xf3bH$\xc1|\
\xb0\xd8\xa1\x14\x1eS\x11\xe5\x12\x1d\xa8\xcb\xd3\xca\xc6~\
j\xb3\x8f6\x0d{\xfd\xf0\xda\x00R\x93\xaaL\xd6\x11\
\xc4N\xf9n\xd4\xf9\x1c\xd1M\x01\x17\x11\xd5\x89|\xb0\
\xd0N\xcf\x9a\x12(7\xb3\xb9H\x92\x8a%\x19/P\
\xb6\xe0\x19\xa4r\xeb\x98n\xf1\xdfE\x08\xc3\xe8r\xb9\
\x1f\x00>.\x0f*((d\xed\x86K(\xab\x10\xed\
f\xc4SL\xec\x89F\x85ZU\x12\x11\x1d\xaa<\x0f\
\xed\xcaV\xd9\xba\xa8a\xa6\xe8\x0d\x983k&\xceP\
'w\x0b5->\xe3\x15\xad\xacu\x8c\x8d\xc1u\xb4\
J\xe9ZXXXL\x10\xd2Y\x02*\xba\xb2\xd5a\
\xe4P\x8d\xfe\xa0\x88\x80O\x84<\x95QV\x85\xc8\x97\
\x08\x10\x11\x1arry.\xa2\xd2U)\x10jX\x98\
\xa8\x81\xaf0\x02\xbbF)z\xb9/\xba\x0c\xeb\x01D\
\x09\xdc]\xa8\xf39@\x9d\xcfQ\x80\x96\xe8X_\x02\
E\xf6\x09`kN \x8e\x0e m\xedQ\x1e\x19D\
x\xa3\x9eB]\xb9J.\x97\xfbny`n~>\
\x1b.\xbe\x9c\xe2\xd2R\xf55\x13|}\xca+UM\
\x04g\xa1\xdd\xc7c\xa26\x12\xd4\x0d\xb3\x9a3kf\
&\xe61!ijJLxXhcp\x1d\xad0\
+\x0b\x0b\x0b\x8b\x09\x82Y\x1e\x8f\x00\xa2\xdc\xad`0\
N/\x8fX\x14\xab\xc4\x83\x0b\x91d\xee@\x18\x95 \
\x9a\xb6U \x1a\x9c\x9dE\x16\x1e=\x0a\xe1\x11v\xb0\
\x18\xb0\xe4\x82@\xd3\x08\x15\xdb{\xc9\x19QmN\xff\
\x14\xf89\x91\xd0*e\xf8\x8e\xb2)\xe0R\xe0\x0e\x14\
\x09\xb9\xbeiy\xb00?Vy`\xf3\xc9\xb4\x01\x9b\
\xd2\xfd\x0c\x9e\xec\x0f\xc2\x9e~\xaa\x0e\xf4+\x8f\x1eE\
\xe4s\xecE-:\xe6!\x92\xc8\xc3\xafI]\xfd\x14\
\x96\xaf\x5cMAQa\xb2\x13\x8d\x85\x0d\x91\xb4\xfe<\
\xa9\xe6y\x8c\xbf\xe8\x00\x03\x1d\xcb\xdd\xd3\xac\x12\xb0\xb1\
8{\xd6xE+k\x1dccp\x1d\xad\x1e\x1e\x16\
\x16\x16\x16\x13\x04\xb3\xaaZ\xf9\x81\xfd\xe1\x9fv\xa5,\
<\xa6\x03oB\x08\x8d\x0aD\x18\xc8\x0c\xcd\xf3\x06t\
\xee\xa5e\xdf\x06\x81\x9d}H'\x86\xa2\x8f\xde\x81\xe8\
\xfd\xa0L\x22\x97\xaf\x10\xdd\x14\xf0\xce\xd0\xdc\x00\xf0-\
\xc8\x87y\x06:\x91\xebN.\x91\xa1\xe3\x99`\x9e\x81\
\x04\xf5\xe1\x00<\xdf\x85\xe4\x1b\x93D~\x03\xea\xfe)\
\xb2\xe8x\x08\x11\x02\x05\x80k\xc6LV\x9ewA\x0a\
s\x1c\xcb\xec9\x0b8r8\xfcV\x7f\x07\xa2lo\
t\xb8Ub\x95\xad&\x88\xc7c\xd2$\xab\x12S,\
N\x9d1.<\xacu\x8c\x8d\xc1u\xb4B\xad,,\
,,&\x08\xe9\x0e\xb5R\x8a\x0f\xaf\xfc\x83\xfc^\x9d\
\xa4o-CK\x9d\x83\xbd\x00E\x0f\x8c\xb8\xf4\xf8\xf5\
\xc7(\x19\x0a\xc2\xab\xfdHgU\xf9\x1c\x8d\xc0W\x80\
-\x08\xd1\xa1\xcc\xe7P6\x05\xcc\x07\xde\x8ch \x08\
\x84*W-,\x80\xd9\xfa\xbd b\x92\x1d\x86\xa7\x1a\
\xd3\x1b\x09j\x1cT\x1e\x1a\x0c\xc0\x0bc*W\x1dB\
x:\x86P\x87\xbe-G\xe4\xe3\x94\x01\xd8\xedvf\
\xcfk`\xe1\xe2\xa5\xc9N.&s\xe77(\x85\xc7\
b\xc6&\x98\xa7\xed^\x19FWx\xd4\xd5\xd5db\
\x1e\x13\x92CG\x8e\x1a\x1ek\xadcl\x0c\xae\xa3\xf1\
\xf2a\x16\x16\x16\x16\x16\xe3\x8aY\x1e\x8f\x00\xd0$\xff\
\xb0p0\xc8`\xc0\x06vy\x88\x81\xd0#\x87-n\
\xdf\xc1\x80\xdd\x86\xdf\x09\x03N\x1bCE\x0e(\xb0\x8b\
\xa0\xa7\xda\x04\x924;GE\x12y\xbb\xaa\x22\xd2\xe3\
\xc0O\x10\x0d\x0b\xb5\xf29\xe4\xa6\x80\xf9\x88\x9d\xf6\x8f\
\xc8'\xf6\x17\xd9\xe9[^dn\xf7t3\xc8j\xfb\
\x17h\x1d%\xef\xe5nJ\xbbU\xaf\xd3\xf7\x81\xbf \
D\xa1\x9cDn\x07\xd6\x01\xf7 \xf2m\xb0\xd9l\xac\
\xbd\xf0\x12jj\xebuo\x13D\xbc\xdf\xfa\xfa\xfb\xe8\
\xeal\xa7\xa3\xb5\x15\xa9\xae\x9e\x9a\xda\xba\x98\xe7\xe4\x15\
\xa8\x04f%1zyh'\x98\xebM\xc6\xf0h3\
\xd0\x0d\xb5\xaa\xab\xad\xcd\xc4<&\x1c\x81@\x80\xfd\x87\
\x8c\xa7\x1dX\xeb\xa8M\x02\xebx\xc2\xe4\xa9XXX\
XX\xa4\x89\x94-d\xdf\x1b\x8b\x83\xd2\xdf{al\
\x9eG\x1f\xc2\x05>\xdb\xe1\x0f\x8aJQ\xa5\x09\xe4:\
8mt\x15;\x08\xda`4\xcf\x0e\x85v(\xb2\x89\
|\x89|\x1b\x14\xd8 \xd7.\xfa\x83\xd8\x00\xf4\x1a\xd8\
EYr\xc7\x86\xa8\xda\xd3\x8f]\x1d\x99\xf5\xbf\x882\
\xac\x03D\xf29\x94F\xad\x9c\xcf!W\xaej\x90O\
\xec(u0\xba\xa6\x08\x8a\xc6\xb1\x13\xb9\x16\x09\x19\xb0\
i\xb0v\xd3m0{\x06\xa9\xda\xd2\x83=\xa0\xb2\xd9\
\xbf\x0d<\x81\xbar\x95\x1d\xf8 \xf0\x09y\x90\xd3\x99\
\xc7\x9a\xf5\x1b\x90j\xf4\x0d\xbb\x91\x91\x11z\xbb\xbb9\
u\xf2\x04'O\x1cghH\xf8\xe8\xec99q\x85\
\x07@II\x19==]\x84\xe60\x1d\xd8\xc3\x04\xee\
\xe5!\xb9\xdcy\x80;\xde\x98\xa2\x82\x02*\xd5\xc9\xf5\
\x16!Z[[\x19\x1a\x19\xd6\x1f\x88\xb5\x8e\xf10\xb8\
\x8e\x87}^\xcf\x88\xde\xa0l@r\xb9\xab\x119\x89\
\xca\x18\xdc\x0e\xa0\xc5\xe7\xf5\xf4k\x9f5>H.w\
!b\xae\x95\x88\xcf\xb0Q\xa0\x17h\xf3y=\xdd\xe3\
9\xb7\x89@h\xfd*\x80\x12\xc4\xeb\xdd\x87h\xac\xdc\
\xf3z,\xfd,\xb9\xdc\xa5\x88\x5c\xddi\xa1\xaf.\xc4\
\xe6m9\xc2\x0e-\x0e\x0d\xedCl\xf8v\x03\xcd\x88\
F\xcd\x1e\xe0\x88\xcf\xeb\xe9\xe0\x1cGr\xb9\x1d\x88|\
\xe5\x12D\x1e\xb3\xfcY\xd1\x82\xf8\x9c\x98\x10\x9fuz\
\xa4\xdb\xe3!\x8b\x0e\xb9\xb7\xc5!`6 \xf2<\x12\
\x11\x1eyvF.(\x14\xc2\xc2\xaea\xbbi\x99s\
ZF\xaf\x96\x83e\xff\x00\xd2AU\xf0\xd7\x08\xa2\x22\
\xd2\xef\x89\x9d\xcf!\x8b\x8e\x0a\xa2D\x87oR.,\
\xc9\x17^\x17=\xcb[\xd707\xa1'\xc6\x84A\xf1\
\x84\x82\xc0\x91\x01\xa4\x1d\xaa\xcaUr\x1f\x95gP'\
\x91;\x80k\x80\x8f\xc9\x03\xf3\x0b\x0b9\xff\x82\x0b\xa9\
\xaa\xaa\x8a\xbbN\x1dmm\x9c:y\x82\xa6\xc63\xf4\
\xf5\xf6\x10\x08\xa8\x95h\x7fo\xfc\xbf\x116\x9b\x8d\xfc\
\x82|Yx\x80\xf8c\xadYV7!\xc6\xf7u\x9d\
\xa57`\xd1\xfcy\xd8l\xe7\xd4\x9b/m457\
\x1b\x1ek\xadcl\x0c\xaec\xd6%\x96\x87\x84\xfbj\
`=\xb0\x0c\xf1\xb7b&\xe2oH\xacs\x1a\x11y\
\x91/#\xf2\xc46eJ\x8cH.w\x03b\xae+\
\x81%\x88\xdf\xff\xf28\xe3\xdb\x11s\xddFd\xae\xad\
\xe6\xcf4;\x91\x5c\xee\x1c\x84\xa7}=\xa2W\xd4b\
\x84a\x1dk|\x07\x227q'\x91\xf5;\x95\x81\xa9\
f\x84\xd0z\xacD\xac\xc7\x1aD\xe8s\xca\x154$\
\x97{?\xb0\x89\xc8\x9a\x9dH\xf5\x9a\xe3\x89\xe4rW\
\x22\xd6\xe8|DN\xeal\x14ve\x8cs\x0e\xa0\xfe\
\x8c0\x1e\xd3\x9bE\x98YN\xd7\x8f\xe8y\xf1&\x00\
\x9aFaj\x02\xb7\xb3\x01\xceD\x0cx\x03Vx\x8f\
\x1f\x0e\x0d\x22\x9dR\xed\xa2\x1dD4\xfa{\x15\xa1\xb4\
\x95I\xcaZI\xe4\xb7\x03\x12\x84\xf29\x16\xe4\xc3\xac\
|\xa3\xedI\xceq\xd2\xa4\x84\xfcAx\xb1\x1b\xa9Q\
\x95\xec\x7f\x04\xd1\xa3c/\x91\xd07\x07\xe2\x17\xf6s\
\xc0|y`]\xfd\x14V\xadY\x8b\xd3\xe9\xd4\x9cQ\
\x7fo\x1fgN\x9f\xa4\xa9\xb9\x91\xb6\x96&\xfc\xfe\xd8\
yAM\x8dg\x18\x1d\x19!'N\x9f\x85\xd2\xb2\x0a\
|-a#i&\xe2\xc3q\x22\x97\xd4\xd5\xcd\xef\x98\
9C\xbb\xb6\x83\x0547\xfb\xf4\x07\x85\xb0\xd616\
\x06\xd7\xb1Lr\xb9_0i\x0a\x1b\x11\xbf\xcb\x9b\xe2\
\xedRK.\xb7\x840<\xe5\xc7yI\xdc\xab>\xf4\
\xb8Tq\xdd\x9d\xa1\xfb?\x13\x9aC{\x12\xd7\x1d\x83\
\xe4r/G\xfc-\x93\xe7[\x11\xff\x8c1T*\xce\
\xfd\x5c\xe8\x9a\x07Cs\xfdWh\xae\xc6\xd5w\x02H\
.w\xb1\xe2\xde\xeb\xcd\xb8G\x88\xb8\xaf\xbd\xe4ro\
@\xe4w\xaeC\x18\x8e\x89P\x81\x10\xa6\xab\x11\xe1\xda\
H.\xb7\x97\x88Q\xfd\xb4\xcf\xeb9\x96\xfc\xd43K\
\xc8\x80V\xbe\xff\xd7\x98t+9\xd7\xf7\xfa\xd0}O\
#\xd6\xecE\xe0\x1f>\xaf\xc7\x1b\xe7\xdcqGr\xb9\
\xa7#\xde\xb3\xf2:\x19\xcb[V3?\xf4\xf8H\xe8\
\x9aM\x885\xf8\x07\xf0w\x9f\xd7\xa3Y\x7f<\x03\xbf\
7\xe1\xdf\x17\x84g4.fy<\xe4\xc7Vy@\
qw@1\x1b\x0d7D\x5cC\xcbx\xe3\xc1\x98\xb4\
\xf9\xa9xyL\xa9\xdc\xe7\x81/ B\xab\xe25\x05\
,@\x08\xa8\xfb\x94'\xb7.)\x00w\x9e\xc1\xe7\x90\
 I_\xcbD\x8b5\x13\xcfoH3\x89|?\xf0\
\x19\x22\xa2P\x16\x84E\xc0\x97\x11\x0d&\x01\xa8\x9b4\
\x855\xeb.\x1c\xb3\x8b<\xd0\xd7GWg\x07g\xcf\
\x9e\xa2\xf1\xcc\x19\x06\x07\x07b\xcd\xec\x18\xf0[\xe0F\
\xa0z`\xa0\x9f\xf6\xf6\xb6\xb8\xe1V\xc5\xc5%\xcao\
\xaf\x04~\xcdXoG\x8c\xcaVY\xe9\xb6\xd2\x15\x1e\
S\xa6\x98_\x89\xe9\x96\xcf\x7f\x81\x17\xb7l1\xfd>\
\xe3\x89\xb5\x8e)\xb3!\x13\xd7\x96\x5c\xee\xd7\x80\x1b|\
^\xcf\x96\xd0\xf7\x95\xc0U\x88\xc6\xa4W\x9bt\xff\xe5\
\xa1\xc7M\xc0\x80\xe4r\xff\x1f\xf0C\x9f\xd7\x93p2\
\xbd\xe4r\xaf\x06\xae\x03\xde\x85\xf0\xca\xa6\x9by\xa1\xc7\
\xc7\x80\x80\xe4r\xff?\xe0\xc7>\xaf\xe7\xb5t\x5c\x5c\
r\xb9\xcf\x07\x1eF\x94\xad\xcf\x04c^{DX\xdc\
'\x81kI\x5c\xac\xe9!\x87\x1f} t\xcf\x1d\x88\
\xd0\xef?f\xa37Ir\xb9k\x80+\x10\xfd\xb1\xae\
&\xbd\x9b\xd8F\x99\x02\xbc7\xf4@r\xb9_\x04~\
\x860\xc0\xb3\x22,Kr\xb9\xe7\x01\xefA\xfc\xde-\
\xd4\x19\x9e\x0cu\xa1k\xbf\x0b\xf1{\xf7S\xe0\x9b\xb2\
7(\x83\xbf7\xca\xcf\xe1\xd7\x10\xfd\xd4n\x8f58\
\xddo\x96\xe8p\xab\xb0k\xc1\xe9\x0f\x8a\xefrc\x9c\
i\x16A\xe0\xc40\x15{\x07\xa2E\xc7\xaf\x80\x1f \
B\xab\xa2\x93\xc8\x1d\xa8\x93\xc8\xdf\x03|^>q\xb0\
\xd0N\xcf\xa2\x02\x98\x94d\xb7\xe1l\xb45\xb3aN\
\xdd\xa3\xd87\xf7R\xd5>Ft|\x1b\xf1\x1a\xc9\xf9\
\x1c\x0e\x84;\xfbN`2\x88\x90\xa7\xa9\xd3g\xb0b\
\xd5\xf9*\xd1\xd1\xdb\xdd\xc3\x81}\xaf\xd1\xe2kah\
 \xa6\xd88\x8aHV?\x1e\xfa>\x1f\xb1\x8b\xf2\x0e\
\x80V_s\xfc\x04\xf3<U\x82\xf9\x22\xd2\xd1D\x10\
\xc6\xf35\xd1M,\x9f2\xd9|\x83y\xcf\x81s\xbf\
X\x91\xb5\x8e\x13\x86\xa5\xc0\xcb\x92\xcb}+\xc2\xe8\xbc\
\x09\xb9wTf(@l\x86\xdc\x182.\xbe\xea\xf3\
z\xce\xea\x9d$\xb9\xdc\xefF\x18\x00+M\x9e\x9f\x12\
;B\x80|Lr\xb9\xff\x071\xd7\xd3\xc9^Lr\
\xb9?\x87\xf8\x1b0^,E\x84\xb7d\x92\x95\xa1\xc7\
C\x92\xcb\xfdU\xe0\xe7\xd9`L\x87\xbce7\x22\xc4\
W\xb6U\xd1\xd9\x10z4K.\xf7W\x80G\xc7k\
\xcd$\x97\xfbJ\xe0V\xe0\xf2\x0c\xde\xd6\x8exmn\
\x90\x5c\xee[\x10v\xc8x\xfc\xde,\x0d=.@\x08\
\xf6=\xd1\x03\xcc,\xa7\x1b@\xc4\xe4\x03`\x0b z\
l\xe4&\xe1\xb9\x08\xea%\x8eG\xcdB\x1e;\x1a\x84\
]\x03H\xa7U\xa1U\xbd\x88\x0fb\xb9T\xae\x9c\xcf\
!\x07\xf7+\xf39\x16\x01w\xa3\x88\xbb\xeb)q0\
\xb8\xbe8\xba\xb3zv3\x11\x1a\x09\x9e\x1c\xa2\xf2\xe5\
\x1e\x1c~\x958\xfc.\xf0W\xd4I\xe49\x88\x1d\x96\
\xdb\x95w9\xef\x82\xf5L\x9e2m\xcce\xdb\xdb[\
9uR\xd3\x03{\x16\xd1\x1c\xf2eD\xd2\x9f|\xfd\
\x5c\xc4{\xe25B\xc2\xa3\xcd\x17?\xe4\xa3\xb8\xa4\x04\
\x87\xc3\xa1\x0c\xd9*\x08]3\xb5\x04\xf3,\x0e\xb5\xaa\
\xad1\xb7\x04lgg\x17\x1d]\x9d\xa6\xde#\x1b\xb0\
\xd6q\xc21\x9e\x06\xb0\xcc'\x81wK.\xf7\x0d>\
\xaf\xe7\xf7Z\x03$\x97\xfbRD\xa9\xf1\xc5\x19\x9d\xd9\
X\xae\x07\xde\x1b\x9a\xeb#\x89\x9e\x1c\xf2\x9c|8\xfd\
\xd3\x9a0\x94\x02\xdf\x04n\x0a\xad\xe1\xdf\xc7c\x12\x92\
\xcb\xbd\x16\x11]p\xc5x\xdc?Aj\x81\x1f\x03w\
dz\xcdB!x\x0f\x92x\xf8]:\xb1\x01\xdf\x1b\
\xc7\xfb\xcb\xacE\xa4[,&J|\xa4%3\xc1\xf7\
\xc6be\xa8\x95R\x80\x84\xb7\xaem\xc1\xa0\xe2\xbb\x0c\
0\x14\x80-}\xd1\xa2\xc3\x83\xe8d\xfd\x12B\x14)\
{t\x80:\xb4j)\xf0E\x94I\xe4U9\x0c\xae\
+2 :\x8cWMM\xf9|\xcd\xa1\xa9\xdc?\xd5\
\xb9'\xc1\xb1A\xaa6\x8f\x11\x1d\xdfdl\xb9\x5c'\
\xf0vDx\x9c\x0d\xc0\xe1pp\xfe\xba\x0b5E\x07\
@]\xdd$\xe5\xb7\xbd\xc0\xef\x80O!vl\x9e\x06\
Z\x09U\x1b\x09\xfd\x5c\xfe\xbaS>\xc9\xd7\xea\xe3\xcc\
\xe9\x931\xa7\x9f\x9b\x9b\x8b\xcd\xa6\xfaUr2\xd6\xe3\
a\x93~\xd9\x94\x98\x94\x18\x87\x97\x22\xc4\xb8\x0b\x8f\x96\
\x16\xcdP\xd5s\x0ek\x1d-\x92\xa4\x0ax\x5cr\xb9\
\xbf\xab<(\xb9\xdc\x93%\x97\xfb\x17\x88\xcf\xb6\xf1\x16\
\x1d2\xa5\xc0o%\x97\xfbG\x89\x9c$\xb9\xdc\x1f\xe5\
\xf5-:\x94L\x05\x9e\x94\x5c\xee\x072yS\xc9\xe5\
\x9e'\xb9\xdc\x7fA\xc4\xeeO\x04\xd1\xa1D^\xb3o\
J.w\xbaC\xe3TH.\xf7T\xc9\xe5\xfe\x0d\xf0\
\x02\xe3+:\xb2\x91\x87\xa3\x0f\xa4;%:\xda\xeb1\
@\xa8\xea\x88=\x00\xf4'\xd1\xc1\x5c\xefn\xd1\x07\x82\
\x80o\x94\xbcM}Hm\xaa\xbe\x0f\xbfD\x84L\xbd\
D$\xa7C\xdeI\x8f\xce\xe7X\x0f|\x8dP\xf2O\
\xd0\x06>w\x1e\xac)\x12\xe5|3\xc5\xf8\x19\x9e\x99\
!\x00\x1c\x1a@\xda\xaa*\x97{\x02\xe1.|\x02!\
:\xe4|\x9b\x5c\xe0m\xc0\xcd\xf2\xc0\xb2\x8aJ.\xbe\
\xec\x0dL\x9a4%\xe6-r\xf3\xf3\xc8\xcf\x0fW\xaf\
,\x0e]\xff\x04Bt\x0e\x84\x1e\xfd\x8a\x87|\xac\x13\
\x91\xefA`t\x84\xb3\xa7N\x8e\xa9x%SX\x5c\
LN\x8e\xaa\x8cr>\x09U\xb5\xca\x9e\x17Zr\xb9\
\xcb\x08\x15O\x88E\xadTMqqq\xbc!)\xd3\
\xd8\xdc\xa4?h\x82c\xad\xa3E\x1a\xb8Yr\xb9\xff\
#\xb9\xdc\x95\xa1\xb0\xaa]\x88M\x95l\xe4S\x92\xcb\
\xfdl(\x19?.\x92\xcb=\x1f\x0d\x83\xc5\x82;%\
\x97\xfb/\xa1\x1c\x0b\xd3\x90\x5c\xeer\xc9\xe5\xbe\x1b8\
\x00\xbc\xd5\xcc{e\x80\xdb\x80]\x92\xcb\xfdF3.\
.\xb9\xdc\xefC\xec\xe8\x7f\xc0\x8c\xeb\x9f\x03\xac\x05\x1e\
R\x1e0Kx(\xc5\xc7\xe6\xf0O\x07\x95\x86\x9b\x86\
\x11\x97\x0e\xfb\xeb\xc8 \xd5/\xf7R\xda\xab\xaaT\xf4\
mD>G\x1f\x91\x1e\x1d\xcar\xac9\x08c\xb1\x10\
\x91,\xf5#D\xbdiQ\xb9jI!,*\x88_\
e+\x9d\xcfa\xbc02w\xdd1\x06\x17\xc0\x1f\x84\
\xe7\xba\x90^Q\x15@8\x0c|\x03\xf1K,\xabF\
;\xa2\x8a\xc3\xc3(DGU\xb5\xc4\xba\xf5\x97PR\
V\xa6{\xdf\x99sT)\x0b\xef\x0e]{\x14!l\
\x86\xa3\xbe\x8e(~\xfeS\xf9\xa4\xfe\xfe>\x82A\xed\
{\xd8\xed\xf6h\x8fG\x1ej\xd11\x91\xfay\xe8\xe6\
w4\xcc\x9bg\xfa$N\x9f9c\xfa=\xc6\x1bk\
\x1d-\xd2\xc4\xe5\x88\x0d\xb5\xc7\x11\x9e\x90l\xe6b`\
\x8b\xe4r\xc7o\x8e$\xaa\xef$\x99Dy\xce\xf3V\
`\xb7\xe4r\x9bR\xd4 t\xdd]\xc0\xfdf\x5c\x7f\
\x9cH\xbb\xc7($\xce~\x08<\x02\x94\xe9\x8d\x7f\x9d\
\xb3N\xf9M\xbas<\xe4\xaf\xca<\x8fH\x02\x5c\xcc\
\xdc^#\xe8T\xb6\x0a\x04\xe1\xe00\xd2QU\x7f\x8e\
N\x84\xd2\xfa'\x91|\x0ey\x17\x1d\xd4M\x01\x0b\x80\
\xf7!\x12\x82\x00\x18\xc9\xb3\xd1\xb9\xa8\x10&\x9f\x03\x9f\
\x7f\xd9\x90<.3\x14\x80\x17\xba\x91\xdaT\xb1w\xaf\
\x01\xb7\x10\x09}S\xf6O\xb9\x15Q1\x05\x10\xa2\xe3\
\x82\x0d\x97\x90\x93c\xec\xed[_?\x85\x03{w\xcb\
\x1e\x8b\x99\x88\xe6x\xaf\xa1\x16\xca\xa0V/6\x22\xc9\
\xe6tvt\xd0\xdf\xdbGI\x99v>iYy\x05\
\x03\x03\xe1\x94\xa69\xa1sm\xa4#\xc1<\xb3\xe8Z\
\xc33\xdd\xd3M\x9f\xc4\xc9\x93\xe7LY\xfb\x98X\xeb\
\xf8\xfabj\xfd$jk\xaa)\xcc/\x0c\x1fk\xeb\
\xec\xe0\xf4\xd93t\xf5\xa4\xdcS.\xad*\xb6\xbc\xb4\
\x8cIu5TUTb\xc3\x86?0JWO/\
\xcd--\xf8\xdaS\xae\xea;\x03!>\xce\x8bU\xfe\
\x93(Ce\xa2Q^ZFMu%e\xa5\xa5\x14\
\xe4\x15\xd0\xdb\xdfGwO7m\x1di\xcb\xb9\xaa\x05\
\xfe.\xb9\xdc\x0f\xf8\xbc\x9e\xbb\xd3qA\x00\xc9\xe5\xfe\
\x1a\xa2OYZ\x91*+\x99=\xc3\xcd\x94I\x93\xa9\
\xab\xaf\xa5V\x92p:\xf3(.*\xc4\xe6\xb0\x93\x9f\
+\x0a\xb4\x0c\x8d\x0c122\xca@\xff\x00\x1d]\x1d\
466r\xf2\xf4\x19\x0e\x1e:\xc4\xd9\x16\xe3e\xca\
\xe3p\xa7\xe4r\x17\xfa\xbc\x9e\x9bSz>B\x9c=\
Lh\x83:]8\x1c\x0ej\xab*)++\xa3\xb8\
\xa8\x88\x82<\x11\xad\xd1\xe4k\xc6{\xea\x8c\xe1\xc6\xb4\
Y\xc8\x1a\x84=\xe7\x07\xf3\xaaZ)\xbd\x1e'\xe4\x1f\
\xda\xfa\xfc\xe6\xd8Q]\xa3\xb0o\x88juh\xd5>\
\xe0\xeb\x88\xddsYt\xc8\x8d\x0d\xa3\x9b\x02\x16\x22\x8c\
\xdb\xf7\xc8'\xb7V\xe4\x10<\xaf0\x85\xd0\xaaT\x1b\
\x09\xa6\xefV\xe3r\xc1X\x978;L\xc9\xf6^\xf2\
\xfbU\x1e\xa9\x87\x81\xc7P\xe7s8\x10\xc9\xfd\xb7\x10\
jBi\xb3\xd9\x983\xbf\x81\xb9\xf3\x1bp8\x8c\xbf\
u\x0b\x8a\x8a\xa8\xac\xaa\xa1\xd5\x17\x0e;\xb9\x09\xf88\
\x91\xeae\xb2H\x96\xbf\x97\x1fC\xc0)`\xea\xc8\xc8\
0\x8dgOSR\xa6]z[\xaa\xa9\xa5\xa91\xbc\
\xbb\xbc\x04\xf8\x0f\xda^\x8f\xc4~\x052/\x16g\xeb\
\x0d\x982i\x92\xde\x90\x949tl\xc2\x94\xb1O\x1a\
k\x1d\xcfM\x8a\x0a\x0a\xd8p\xc1\x1a\x96/Y\x82{\
\xba\x9bI\x93\xea\xa8\xae\xae\xc6\xe1p\xc4<\xa7\xbb\xbb\
\x9b\xb3\x8d\x8d\x1c=z\x94-\xdbw\xf0\xcc\x0b\x1b\x19\
\x1e\xcdLR\xe4\xd2\x86\x06\xd6]\xb0\x86\xd9\xb3f1\
m\xcad\xaa%\x89\xc2\x82\x82\x98\xe3\xfb\xfa\xfbij\
l\xe2\x98\xe78[\xb7m\xe7\xb9\x177\xd2\xd5\xd7\x97\
\xe8m]\x88\x1c\x95\x8b}^\x8f\xd6g\xe2\x84\x12\x1e\
\xebW\xaf\xe6\xc2\xf5k\x999c\x06S&O\xa6\xb2\
\xb22\xe6\xd8\xfe\xfe~ZZZ8\xe1=\xc5\xde\xfd\
\xfbx\xe6\xf9\x179y6i\xcf\xe4]\x92\xcb\xfd\x92\
\xcf\xeb\xf9G\xb2\x17\x80p\xd3\xcb\xff&\x0daz\xb9\
9N6\xac]\xc3\x8a%K\x983g6\xd3\xa6N\
\x8d\xbb\x1eF\x08\x06\x83457s\xe4\xc81\xf6\xee\
\xdf\xcb?\xff\xf3T*B\xe4\xb3\x92\xcb\x9d\xe7\xf3z\
nH\xe6\xe4t\x89\xb3\xc9\xb55lX\xbb\x96\x05\xf3\
\xe71\xa9\xbe\x9e\xda\x9a\x1a$I\x8a\xb9\xa1\x1a\x08\x04\
hi\xf1q\xccs\x9cm\xdbw\xf0\x97\xbf\xff\x83\xde\
\xfe\x8c\xf4\x18M\x17\xeb\x1090\xd8\x82\xc1 5\xd3\
\x93ob\xe5{\xa3\x88Q\x96\xfe\xdek#\x12\x8b/\
\x87-\x95 B7\xfe\x02\xd0_`\xa7\xef\x92B\xc5\
\xd9\x1aF}<CK\xab\xc3o\xcb(\x15;\xfb\xa3\
K\xe5\xeeE$\xa5i\xf5\xe7\x90+#9C\xf3\x5c\
\x8a\xa8\x5c\x15\x0e1\xf1U\xe5\x88|\x0eG\xd4\xfd\x8c\
j\x10\x9b\xde\x13Q\x8e\xd3\x19`\xd4\xf0\xd4\x1cg3\
0&\xd6)q\x06\x1b\x9a\x93\xc6\xdcO\x0e!\xbd\xd4\
\x1d=\xf0\xdb\xc0\xdf\x18[\xb9j=\xe2u\x09\xbfa\
\x96.?\x0f\xf7\xac\xb1vqd\xca\xb1'\xe6\xf5\x1c\
g\xe7\xf6\x97\x95\xe1R\x97 \x92\xc8\xe5\xd0;Yx\
\xe4\x12y\xef\x96\x22\xca\xf3}\x16\xa0\xae~2\xeb.\
\xba\x14-N\x9d<\xc1\xd6\x97^\x94\xbf}\x09\xd1w\
\xa4\x0b\x11\xde\xd7O(\xa7\xc8wm]\x8cD\xa78\
\x8b\xfa\x95\xcd1\x7f$\xb9\xdc\xb1\xcf3\x88\xcf\xebQ\
^\xefqD8ZL\xfe\xe7\x07\xdfc\xc5\xb2e)\
\xdf7\x16~\xbf\x9fu\x97]\x991\xc3\xcb\x046\x01\
\x8dX\xebh*sf\xb8\xf9\xea\x97\xbeh\xda\xf5o\
\xff\xd2=xO\x1b\xab\x02\x9b\x9b\xe3\xe4\xedo\xbc\x9a\
\x8b/\xbe\x88E\x0d\x0b\xc8\xcf\xcf\xd7;%.\xdd=\
=lz\xe9%~\xf5\xc8\xa3\x1c1\xa1A\xf3\xaa\xa5\
Kx\xdb\x9b\xde\xc8\xca\x15+\xa9\xaeN-:\xab\x7f\
`\x80M/\xbd\xc4#\xbf\xff\x03{\xf6\x1fH\xf4\xf4\
\x9f\xf9\xbc\x9e\xeb\x95\x07$\x97{2\x10w\xe1\xcd~\
\xed\x1f\xf8\xd6\xb7\xd9\xb5o\x7f\xdc1\xb3\xa6\xbb\xf8\xc0\
{\xfe\x8bu\x17\x5c\x90\x92a\x1d\x0c\x069|\xe4\x08\
O=\xf3,\x8f\xfe\xe9\xcf\x0c\x0e\x0e\xea\x9f\xa4\xc6\x0f\
,\xf6y=\xf1'\x1c\x03\xc9\xe5\x9e\x02\xfc\x01\xd1\xd0\
0)\x8a\x0b\x0by\xe3UWp\xe1\xbau,lh\
\xa0\xa8\xb0P\xff\xa4\x14\x08\x04\x02\xec\xdb\xbf\x9f\x7f>\
\xf5\x14\x7f\xf8\xeb\x13q\x9b\x00\xc7\xe1\x87>\xaf\xe7\xa6\
DN\x90\x5c\xee\x07\x89\xd3\x9fB\x8f\xd9\xee\xe9\xbc\xe5\
\x8dWs\xfe\xaa\xf3p\xbb\xa7\x8f\xe97\x96\x08\xfd\x03\
\x03<\xff\xc2\x0b\xfc\xf4\x7f\x7f\xce\x99fcED\x96\
4,\xe0\xae\xdbn\xd5\x1f\x98 {\xf6\xee\xe3\xfeo\
\x7fGo\xd8\x97ZN\x1c\xbf\x1f\xcc\xa9\xc3\xac\x15j\
5\x00\x14\x14\x0e\x04\xe8\x1b\xd5\xb9k\x22\x9b\xed\xa7G\
\xa8\xda\xd5/\x12\xd7#\xecE\xc4&\xf6\x11\x09\xad\x92\
\xdf\x95\xb2Q+\xf7\xe7X\x0e|\x05\xd1\x88\x06\x00\x9f\
\xcb\x09\x0b\x0b\xc6\x8a\x8e\x84I\x93\x1b\x22\x9bB\xa4d\
\x92\x99\xd3\xd1A\xaa\xd4\xf9\x1c-\x88\xde\x19\x1b\x89\xe4\
\xdb\xc8\x95\xab\xae@\x88\x0e@\xe4P,^\xbe\x0a\xf7\
\x8cYIO\xac\xae~26\x9bM)<JC'\
8\x10\xef\x13e\x12{9\x22$k2\x0a\xe3\xb1\xa3\
=v\x1f\xa7\xda\xdaz\xe5\xb7\x0bC\xd7r`8\xdc\
*k^h\xdd\x8aVu\x19\xa8\xc4d\xc0X\xde\xe7\
\xf3z\xcch\xc8\x94\x16BM\xc7\xe2b\xadcl$\
\x97\xfb2D\x13\xaa\x98\xcc\x9f;\x87Y\xb3\xf4>\x13\
\x92\xa7\xcf\xc0.~uE\x05\x1f\xbd\xe6\x83\x5cq\xf9\
e\x94\x97\x97\xa7\xed\xde\xa5%%\x5c}\xd5U\x5cq\
\xd9e<\xfd\xcc3|\xeb\x87?IK\x88\xce;\xde\
x5\xefz\xc7\xdb\x99;G\xf7\xd7\xdc0\x85\x05\x05\
\x5cq\xd9e\x5cz\xf1\xc5<\xfd\xcc\xb3|\xf7\xc7?\
I$\x1c\xeb\xe3\x92\xcb\xfd\xb2\xcf\xeb\xf9?\xc5\xb1\xf9\
z'\x99\xfd\xda\x8f\x8e\xc66dk\xa5j>\xf7\xa9\
\x1b\xb9\xe8\xc2\x0b\x0d\x87\xfb\xc6\xc3f\xb31w\xce\x1c\
\xe6\xce\x99\xc3\x07\xdf\xf7^\xfe\xf4\xd7\xbf\xf2\xd3\xff\xfb\
e\x22\xc6\xb4\x03\xf8\xa5\xe4r\x9f\xef\xf3z\x12\xb2\xc0\
C\x8d%\xffI\x92\x0d\x11\x9764\xf0\xdew\xbd\x8b\
\x0b.8\xdft\xb1\xa1\xc4n\xb7\xb3h\xe1B\x16-\
\x5c\xc8u\x1f\xfc \x7f\xf8\xd3\x9f\xf9\xc5\xa3\xbfKT\
\x80|Fr\xb9\xfb|^\xcf\x9dF\x06K.\xf7C\
(\xfa\xb9%\xc2\x15\x17n\xe0\xbf\xde\xf9.\x96,Y\
\x84\xdd\x9e\x9e\xd4\xea\xc2\x82\x02\xae\xbe\xea*.\xbe\xf0\
B~\xfd\xc8\xa3\xfc\xf7/~\xa9{\xceU\x97^j\
\xca\xef\xcd\xc1C\x87\x8c\x0c\x0bw\xdbN\x9b\xf0\xf0\xbd\
\xb18(\xfd\xbdW+\xd4J\xaen%|\xb7*\xe1\
\x91dG\xf2\xa1\x00\xec\x1f\x8a.\x95\xdb\x8c\x10\x11\x9b\
Q'\x90\xcb\xf9\x02r\x12\xb9,:\xaeD\x94e\xad\
\x80P\x12\xf9\xb2B\x98\x1a'\x9f\xc3\xe8t\x8d\xda\x90\
Yck*H\xf7\x9c\x86\x03\xf0j?\xd2qU\x82\
\xcf\x09\x848<\x84:\x89\xdc\x89\xa8\x0c\xf1qy`\
aa\x11+\xcf_KUU\xecf\xbbF\xa6\x9c\x97\
\x9fG~~>\xfd\x11\xd7\xe4bD\x02]nh\x0e\
\xd5\x88x\xcd\xeb\x89\x11n444\xc4\xd93\xa7\x98\
4y\xea\x98\x9f\xe5\xe6\xe5)\xbf-#\xd2DPU\
\xd9J\xfae\x93\xcdwm]6\x97 \xd0\xb5H$\
\x93\x0d\xe6fc%`\x8f\x98:\x89\xd4\xb1\xd615\
ts\x16\xa6\xbb\xa6\x9bv\xf3@ @kG\xec\xde\
cy\xce\x5cn\xfc\xf8Gy\xfb[\xdeLQQ\x91\
i\xf3\xc8\xc9\xc9\xe1\xaa+\xafd\xd5\xca\x95<\xf8\x9d\
\xef\xf2\xcc\x8b\x1b\x93\xba\xce\xc5\xeb\xd6r\xc3\xc7>\xc6\
\xcc\x99\xc9G7\xe8\xe1p8\xb8\xf2\x8a\xcbY}\xde\
*\x1e\xfc\xcew\xf9\xcfs\xcf\x1b=\xf5a\xc9\xe5\xde\
\xec\xf3zd\xebe\x5c_{\x80\x8e\x0em\xe1\xf4\xd1\
\x0f~\x80k\xde\xff>JJJL\xb9oyy9\
\x1f\xb9\xf6Z.\xbf\xe4\x12\x1e\xfa\xcew\xd9\xbc\xe3\x15\
\xa3\xa7\xaeD\x84,_\xaf7PFr\xb9/\x02\x9e\
Kx\x92\xc0\x05+W\xf0\xe1\x0f]\xc3\xb2\xa5KS\
\xda\xb5O\x075\x92\xc4\x8d\x9f\xb8\x9e7]\xfd\x06\xbe\
\xff\xe3\x9f\xf0\xfcK\xb1#\x044\xb8#\x14\xaa\xf6d\
\xbcA\xc9\x8a\x8e\xf5\xabW\xf3\x89\x8f~\x94\xf9\xf3u\
k\xb6$MAA\x01\xd7\x7f\xf4#,[\xba\x84;\
\xbe|\x1f\x9d\xdd]1\xc7\xae\x5c\xb1\xc2\x949\x9c>\
\xab\xdb\xcb\x14\x14\x7fk\xcc\xf2xD{=\x8e\x01\xc2\
\x17\xd9\x13H\xad$\xed`\x00\xfb\xb6~\xaa\xbaT\xca\
\xf6\x08\xa2\xfc\xedN\x22\xbd9\x94\xa1;\xd1I\xe4\x1f\
\x06>-\x9f\x1c\xb0\xdbh[Y\x08\xf5\x19n\xc4\x99\
\xe9\xdf\xd7\x8c\x0a\x9dP\xdf\x96\x8d=H-*\x81x\
\x08\xd1\xd8\xea \x11O\x94\x1d\xf1\xc7\xe6VB%\x8c\
\x01JJ\xcb\xb9`\xdd\x85\x14\x86\xff\xb0\xa7\xf6\x04\xa6\
Lss\xf8\xe0>\xf9\xdb\xcb\x81\x22D\x89\xde\xb8\x9f\
\x0aNg\x1eE\x85\x85\x14\x96\x94\x90\x9f\x17;\xf6\xd9\
\x99\x97\xc7\xc8\xd0\x90\xfcm9c\x9b\x08f\x9b\xccT\
!\xb9\xdc\xd3\x907\x08b0\x7f\xf6,r\x9d\xe6\x16\
[8\xdb\xd8hdX\xd6\xb6\xe3\xb6\xd61-\xe8\x0a\
\xb7)\x93\xea\xf5\x86$M\x7f\x9c\xd8\xe9\xcb.\xdc\xc0\
\xcd\x9f\xfe\x14\xf5uz\x85\x99\xd2GUU\x15\x0f\xdc\
w/?z\xf8\xa7\xfc\xfaq\xcd\x9e\x81\x9aTWT\
\xf0\x85[>\xcb\xc5\x17]\x941\x03\xb1\xbc\xbc\x9c\xfb\
\xef\xf92S&M\xe2\xff\xfd\xd6P\xcf\xc0<\x84\xd1\
|I\xe8\xfbq}\xed\x811\xf9\x03Re%\x0f\xdc\
\xf3e\x96/7/4R\xc9\xd4\xa9S\xf9\xee7\x1f\
\xe2\x97\xbf\xf9-?\xf9\xf9\xff3z\xda\xc7C\x02\xee\
\x17z\x03\x93\x15\x1d\xb3\xdd\xd3\xb9\xf9\xd3\x9fb\xf5\xaa\
U\xe3.8\xa2\x996u*\xdf|\xe0k\xfc\xf5\x89\
'\xf8\xfaw\xbf\x9f\x88\xf7C\x16\xbe\x9aj3\x94\xd3\
\x91\x90\xe8\xa8\xa9\xae\xe2\x0b7\xdf\xc2\x85\x1b\xd6el\
\x9dV\xadX\xc1\xcf~\xf8}>}\xdbm4\xfb\xc6\
FgL\x9f:\x15\xb7I\x05M\x8e\x19\x0b\x07\x0d\xff\
\xad1Sx\xc8\xe2\xc3\x8f\xe8^\xb8\x0a\x80\x8eQ\x90\
r\x93\xbbr\xdb(\xf9\xbb\x06(\xe9S\xc5V\xedE\
\x88\x8e=\x888z9\x89\x5c\xb6R\xe5$\xf2|\x84\
1p#\x8a\xa6D=Ev\x06\x97\x15BU\xec\xc4\
\xbf\xe4I5\xc1<\x01C;\xdb\x12\xcc\x87\x82\xd8_\
\xe8\xa6\xaa]\x15\xea\xf1G\xe0\x87\x8c\xad\x5c\x95\x8b\xa8\
\xb5\x1dv\xb1\xd7\xd6Mf\xf9\xca\xd5\xe4\x15\xa4\x16+\
\xadd\xba{\xa6Rx\xac\x0f=\xc6`s8()\
.\xa1\xa0\xa0\x90\x8a\xaaj\xa6M\x9fAII\x89\xee\
\x07HeE\x15\xcdMa\xe5?\x1f8CB\xfd<\
\xc6\x1d\xdd\xc4\xf2\xd93g\x9a>\x89\xd3g\x0c\xed\x9e\
\x1c6{\x1e)`\xadc\xea\xe8\x87\xfc\x99h\xf8\x0f\
\x0c\x8c-\xc1\x98\x9b\xe3\xe4\xae[o\xe1\x8dW\xbf!\
m\xe1\x12\x89\x90\x93\x93\xc3gn\xbc\x81\xe1\xa1a\x1e\
\xfb\xeb_u\xc7o8\xff|\xee\xfe\xc2\xe7\xa9\xae\x8e\
\xed-6\x0b\x87\xc3\xc1\x8d\x9f\xb8\x1e\xbb\xdd\xce\xff\xfe\
\xfa7FN\xb9Xr\xb9\xdf\x1d\xea\xc4\xae\xfb\xfbS\
[[\x9b\xf2\x1cc\x11\x9dcq\xc1\xca\x15\xdcs\xf7\
]\x19_\xc7\x9c\x9c\x1c>z\xdd\xb5L\xaa\xab\xe3\x9e\
\x07\xbe\x8e?F9\xf7(\x1e\x96\x5c\xeeM>\xaf\xe7\
h\xac\x01\x92\xcb}>\x09\x8a\x0e\x87\xcd\xc6g>y\
=\xff\xf5\xcew\x92\xa7\xf6\xeeg\x15v\xbb\x9d\xb7\xbf\
\xf5\xad\xcc\x9e5\x8b[\xef\xbc;\xae\xd7R\xc1\x14\xe0\
>D^\xa6\x8aP\xf5\xaa\x84\x12\xc9\xaf\xbe\xecR>\
w\xd3g\xa8\xa80\xb5g\xa1&3f\xb8\xf9\xc9w\
\xbe\xcdG?u\xd3\x18\xcf\xc7\xd5W\x5cn\x9a\x082\
\x18je\x9a\xc7\xc3@I\xdd$\xa3L\x0e\x0d!\x1d\
\x19\x8a>\xfaUD\xe2\xbaV\x12\xb9\xb2)`\x1e\xa2\
B\xd2}(>\xd4|5NX\x11\xab?G6\xc6\
AM\x10\xce\x0cS\xf2J/\xf9\xea\x86\x91?D$\
\xb0EW\xaeZ\x06|\x0eQ\xe2\x16\x9b\xcd\xc6\xac9\
\x0bX\xb0hq\xf8\x97\xc4\xf0+\xa13\xb0\xa8\xa4\x04\
\x87\xc3\x89\xdf?6\xee\xbd\xa0\xa8\x88\xe2\x922J\x8a\
\x8a\x99\xe6\x9eIYy9\xce\x9c\x9c\xb8\x09\xeb\xd1\x14\
\x16\xa9b\x5c\xebP\x87[\xc9\x17J\xbc\xb2U\xe6\xd0\
5\xf6\x5c\xd3\xc6\x86\x99\xa5\x9b\x13'N\x18\x19f\xe8\
\x93n\x9c\xb0\xd61ut\xd7\xd0\xcc\xae\xef\xfd\xfdj\
\xe11\xa5\xae\x9e\x87\xbe\xf6\x95\xb4\xe6F$\x83\xc3\xe1\
\xe0\xb3\x9f\xf9\x14G=\xc7ye\xf7\x9e\x98\xe3>\xfa\
\xc1\x0fp\xfdG?\x92\x96\x1c\x84d\xb1\xd9l|\xe2\
c\x1f\xe5\xcc\xd9\xb3\xfc\xf3\x99g\x8d\x9cr\x0f\xf0{\
\x0c\xf4\x12\xaa\xcb\x90\xf0x\xf3\x95Wp\xc7m\xb7\xa6\
\x5c, \x15\xdep\xd5\x95\xe4\xe6\xe6q\xfb=\xf7\x18\
\x19\x9e\x0f|\x17x\xb3\xd6\x0f%\x97{:\xa2\xe2\xa2\
a\xe6\xcd\x9a\xc9\xbdw\xdf\xc5l\x13sj\xd2\xcd\xc2\
\x86\x06~\xf6\xa3\x1fp\xd3m_\xe0T\xa3\xa1\x0d\x98\
OK.\xf7\xd3>\xaf'\xac\xe8%\x97\xbb\x9c\x04\x9a\
X:l6n\xfb\xcc\xa7y\xf7\xbb\xde9\xae\xde\xa0\
\xe9\xd3\xa7\xf3\xcd\xfb\xef\xe3\x93\x9f\xbdE%VW\xaf\
Zi\xca\xfdz{{\x8dT\x18k\x05\xc2*\xd0\x8c\
m\x1b-\x8fGx\x9b9\xbf\xc3/\x12*\xf4\xae \
\xe3\x0f\xc2\x9e\x01\xaa\x8f\xaaDG\x17\x22?\xe3\x8f\xc4\
n\x0a\xa8\x0c\xad:\x1f\xf1\xcb\x18\x11\x1d\xf5NX]\
h\xac)`2\xa4\xd3\xb4L\xfaZI\x9e\x98J#\
A\xcf\x10\xd2\xc6\xeeh\xd1\xf1\x10\xe2\x0f\x8aRt\xe4\
\x00\xe7!\x1a;\x86K3\xcdkXD\xc3\xe2%\x09\
\xff\xe2\x065\xfe\x17\x8d\xcdfC\xaa\x11\x7f\xb0\xf2\xf3\
\x0b\xa8\xa9\x9d\xc4\x8c\x99sX\xbdv\x03\x97]\xf1F\
\xd6_x\x09\xcbV\xad\xa6\xaa\xbaZ\xf1\x07\xdb\xf8\x1a\
VU\xab\xfe\x18.!\x22<\x0c\x86Z\x8d\xbb\x1e\xd1\
\xfd\x83?e\xf2d\xd3'\xb1\xef\xa0\xa1M\xf8l5\
\x98\xc1Z\xc7\x94\x08\x95\xf6\x8c[\xae\xad\xa8\xa0 \xe5\
\x12\x9d\xf1P\x0a\x8f%\x0d\x0b\xf8\xd9O~8\xee\xa2\
C&//\x8f\xbb>\x7f[\xcc\xf2\xbc_\xbc\xf5s\
\xdc\xf8\x89\xeb\xc7Ut\xc8\xd8\xedvn\xff\xdc-L\
\x9fjHh7H.\xf7\x85\x8c\xf3k/{\xbb\xde\
r\xd5\x95\xdc\xfd\x85\xdb\xc7Ut\xc8\x5cz\xc9E\xdc\
u\xcb\xcdF\x87\xbfIr\xb9\xdf\x14}Pr\xb9\x8b\
\x80?#*6\x1a\xe2mo\xb8\x8a\xff\xf9\xf1\x8f&\
\x94\xe8\x90\x996m\x1a\xdf\xff\xe6\x83\xd4\x18\xaf\xda\xf6\
\xb0\xe4rK\x8a\xef\xff\x1b\x83}:\xf2\xf3\xf3\xf9\xfe\
7\x1f\xe4\xbf\xde\xfd\xae\xac\x08A[\xbel\x19\x9f\xbd\
\xf1\x93\xe1\xef\xab+*\x987\xd7\x9c<\x13\x83\xb9\x84\
\xaa\xbf3f\x0a\x0f\xa5\xc7#\x5c\xaf3*L\x0a\xcd\
\x0e\xe62}\x01\xd89\x88\xe4\x1d\xc1\x16\xb1\xc9\xf6!\
\x12\x90\xff\x89(S*\xe7t\xc8\x01}\xd1\xfd9.\
\x01\xbe\x85h\xb8\x03\x80oy!\xac,L\xce\xa1\x11\
g\xbaI1\xee\xb6f\x1a92H\xd5\xf6\x1e\xe5\x91\
\x16\xe0N\xe0\x09\xd4\xa2\xc3\x89(S\xfb\x9d\xd0\xf7\xe4\
\xe48Y\xbct%s\xe77\xc4\xbe~0\xfcO\xd2\
,hX\xc4\xa2%\xcb\xb8\xe4\xf27\xb0\xfe\xe2KY\
\xb6j5S\xa6\xba\xc8\xcd\xcb\xd3\xfe\xc0H\xe0v\x05\
\x85\xaa\xb0\xfeeD*[\xa9\xfayH\xbfl\x1a\xff\
O&mtC\x1c\xcc\xdci\x04\xd1#\xe0t\x93n\
nB\xbb\xcf\xebi3u\x22\xa9a\xadcj\xe8Z\
9\x8b\xe6\xcf3\xf5\x0f\xbc\xdc\x0ct\xd9\xc2\x85|\xf7\
\xc1oP#I:gd\x96\xe9\xd3\xa7\xf3\xb1k>\
8\xe6\xf8\xd7\xbex\x17o\x7f\xdb[\xc7aF\xb1)\
--\xe5\xcbw\x18\xae@\xaa\x9b\x1cm\xf6k?8\
8\xc8\xa5\x1b\xd6s\xe7\xed\x9f\xc7ir\x1eV\x22\xbc\
\xe3\xedo\xe3\x1doz\xa3\xd1\xe1\x0fi\x1c\xfb\x7f\x88\
\xf6\x01\x86\xb8\xf9\x13\xd7\xf3\xc5;\xef\xc8h\xb5\xaat\
\xe3rM\xe3[_\xbb\x9f\xdc\x1cC\xafc=\xf0)\
\x00\xc9\xe5\xfe\x06\xf0_FN**(\xe0\xa7\xdf\xfd\
6kV']\x8d\xd8\x14\xde\xf3\xaew\xb1|\xd1\x22\
@\x84Y\x99\xb5\x11aPx\xa8v\xc1\xcc\xda\x12\x89\
\xf6x\x8c D\x82x\x07\x8f\x06\x85\xe9\x19\x8f\xc6Q\
*v\x0fh\xf5\xe7x\x00Q\x15I\x99D.\x0f\x8a\
\xce\xe7\xf88\x10\x96}~\x87\x8d\xf6\x95\x85P;\xfe\
;A\xe3\x86\x19\x11dr\xe5*\x8f*6\xf6(\xf0\
\x0d\x22I\xe4JO\xd4\x9bP$k9\xf3\xf2\xd8\xb0\
\xe1RJ\xca\xcaL\x9c\xa4\xa0\xbc\xaa\x8a\x8a\xea*C\
\xd7Ot\x16\xa5\xa5\xe5\xe4\x17\x162(\x12S\xebB\
\x8f^\xd4^\x8fl\xc6@\x88\x83\xb9\x09\xb5\xcdM\xcd\
F\x86\x1d\x94\x5c\xee\xef\x9b:\x91\xb1l\x046\xf9\xbc\
\x9e&\xdd\x91\xd6:\xc6\xc3\xc8:\xea\xba\x16f\xce0\
\xaf:\x13@o_/K\x1b\x1a\xf8\xf67\x1e\xa0,\
\xfc\xb9\x94]\xbc\xf3\xedo\xe3\xff~\xf3H\xb8d\xf2\
\x17o\xfb\x1cW]y\xe58\xcfJ\x9b%\x8b\x17\xf3\
\x8e7^\xcd\x9f\xfe\xae\xdb\xe7\xee\x1dz\x03\xcc~\xed\
\x0b\x8b\x8a\xb8\xe7\xae;M/\xfe\x90(6\x9b\x8d\x9b\
n\xbc\x81W^\xdbe\xa4\xbf\xcc|E\xce\x0c\x92\xcb\
\xfdM\x0c\x1a\xd2\x00_\xbd\xeb\x0e\xae~\xc3\x1bR\x98\
m\xf6\xd0\xb0`\x01_\xfc\xfc\xad|\xf9\xeb\xdf02\
\xfcn\xc9\xe5~\x05\x11Q\xa3KQA\x01?\xfe\xce\
\xb7X\xb40\xeb*\x92\x93\x93\x93\xc3g?u\x03\xd7\
~\xf2F\xd6\x9co\x9e(:}\xc6P\xf3K\x95\xc7\
#\xad\x16xTI]\xd9\xdb\xe1G\x88\x83\x13\xc8\x15\
\x8b\xfa\x02P\x1e\xc3\xd9\x12\x04N\x0d#\xed\x19\xd3D\
\xe7a\xe0g\xc4\xce\xe7\x90\x93\x94\xe5\xf0\xaa\xcf\x02\xd7\
\xc8'\x0f\xe7\xdb\xe9Z\x11'\x89\x5c\xd3\xca\xcc\x86<\
\x8fT\x13\xccSy\x0e\x06\xce\x1d\x0d\x8a\xcaU>U\
\xde\xc4!Dc\xc0\x03hW\xae\x0a\xbb5\xf2\x0b\x0b\
Y\xbb\xee\x12\x8aKK\xe2\xde2\xad\xaf\x84I/k\
Aa!\xc5E\xc5\xb2\xf0\x00\x98\x04\x1cg\x02$\x98\
K.\xb7\x13\xd1\xbb$&\xf9\xf9\xf9TV\x9a\x9b0\
\xd7dl\xf7\xe4\x82\xd0#\x93\xdc\x04 \xb9\xdcG\x11\
\x0d\x02\xbf\xef\xf3z^\x8b\x1ed\xad\xa3.F\xd6Q\
\xbf\xaa\xd1\x14\xb3C\xd5\xec|\xfd\xab\xf7e\xad\xe8\x00\
\xa8\xaa\xac\xe4\xddo{\x0b\xbf\xfd\xc3\x1f\xb9\xfe\xdak\
x\xfb[\xb3\xcb\xd3\x11\xcd\xfb\xdf\xf3_F\x84\x87n\
\x5c\x93\xd9\xaf\xbd\x99\xb9C\xa9RRR\xc2\x1d\xb7\xde\
\xc2\x0d\xb7\x18j\x02w3\xf0{\xc9\xe5~\x1b\xa2x\
\x8b!\x1e\xbc\xf7\xcb\x5cv\xa9v\xa3\xdc\x89\xca\xd5o\
\xb8\x8a\x97\xb7m3\x92k\x94\x83\xc1\xbc\x0e\x87\xcd\xc6\
\xb7\xbf\xfe@V\x8a\x0e\x99\x85\x0d\x0d\xbc\xfd\xea7\xb0\
\xa8!N$I\x8a\x9c>mHx\xa8<\x1ef\x95\
\xe6P\x8a\x8f\xd1\xd0#\xb2\x057\x18#~e8\x08\
[\xfb\xa3E\xc7I\xe0\x06D\xbc]\x1f\xc2\xd3\xa1\xac\
\x5c\xa5\xec\xcfQ\x80\x08q\xf9\x15\x0a\xd1\xe1\xabu\xd2\
uQ\xb1I\x95\xab\xf4HS,U6\x86d\xb5\x8e\
\xe2|\xaa+Zt<\x0e|\x02\xe1\x9dR\x86\xbf\xe5\
!>\xfc\xc2\xbf\x01\x15\x15\x95\xac[\xaf\x10\x1d\xe9\xc0\
p8V\x22\x0bj|lQQ\xb1\xf2\xdb\xa9L\x9c\
<\x0f\xdd2K\x8b\xe6\xcd5\xbd\x9a\xcfYc\xbb'\
\xe3\xc9,\xe0:\xe0U\xc9\xe5\xbeQ\xe3\xe7\xd6:\x1a\
#\xde:\x8e{\x8e\xcc\xfau\x17d]x\x95\x16\x97\
\x5ct!\x97nX\xcf\xc7>\xfca\xfd\xc1\xe3\x8c\xdb\
\xedf\xc3\xea\xf3S\xbeN&\xf2\xa3\xb2\x99\xf3V\xae\
\xe4\xea\xcb\x0c\x09\x83\x0b$\x97\xbb\x81\x04\x12\xa4\xbfz\
\xf7\x9d\xe7\x9c\xe8\x00\xe1-\xfa\xcc\x8d7PT\x10\xb7\
\xca\xb9\x8c\xa17\xd8\xbdw\xdd\xc1\xaa\x15\xcbS\x9bX\
\x06\xb8\xe5\xb37Q`\xecy'\xc5q\x8fG\x7fP\
T\xbf(3\x85\x87\xec\xed\x90C\xad\x8e\x85\x7f\xda\x1b\
\x18\x9b`\xde\xeb'\xef\xe5~\xa4\xb6Q\xe5\xd1\xbd\xc0\
\xfb\x10;c\xb1D\x872\x89|%\xa2\x1bv\xb8\x17\
\x84oJ.\xac,\x80\xdc4n4\x1b\xcd\xf3\xc8F\
\xb1`\x14\xbd\xb9\x9f\x1a\xa2\xea\xd9N\xca\xbbT\xaf\xd7\
\xf7\x80\x1f\x11y\x8d@\x88\xc2\x15\xc0\xff\xa1x]\xa6\
\xb9g\xb0\xfe\x92+(J\xb4\x11S\x1caa\xdar\
'p\xe1jiL\x82y\xb4\xb7#[C\xaet\x9b\
ve\xa2\x04\xecI\xfd\x10\x82l\xe2\xc7\x92\xcb\xfd\xdb\
\xa8c\xd6:&N\xf4:\x8ekE+ +\x12D\
\x8d\xb0\xb0\xa1!n\xa2y\xb6\xf1\xb6\xb7\x8e\xc9yN\
\x98Z){=\x12\x99\xe2\xa3\xd7~\xc8\xe8\xd0\xcf\x22\
B~u\xb9\xe5\xc6\x1b\xb8\xfa\xaa\xab\x92\x9eS\xb6S\
[S\xc3\x8d\x1f\xfdHZ\xaeu\xed{\xdf3a\xd6\
\xca\xcc\x1c\x9d`0\xc8\xee\xfd\x07\x8c\x0c5]xh\
U\xb5\x1aA\x91`N\x7f\x94%wf\x84\xe2\xad\x03\
\x94\xf6\xaa\x1a\xbe\xecAt\xb7\xeeD\x1d^%\x9b\xfd\
\xca\xd0\xaaBD\xb2\xf2O\x80*\x10\xba\xc67=\x0f\
\x96\x17\x80cb\xfc\x11\xc9\x18\x09Y\xe8\x1a\x83O\x0c\
!m\xee\xc1\x1e\x11`\x83\x88\xdc\x9b?\xa2\xee\xd1\x91\
\x83\xf0p|\x03\x98.\x0fv\xcf\x98\xcd\xb2\x15\xe7M\
\x88?\xeeA\xc0\xef\xf7\xd3\xd9\xde\xce\xd1#\x87xm\
\xc76FG\xc6\x96\xe3\x95)P\x97\xd4\xadA\xbcO\
\x95^\x8flE7!zj\x06v\x1a\x8f\x1d?n\
\xfa=\xd2\xcc\xfb\xa3v\xec\xaduL\x0e\xe5:\xeaz\
<\xb29\x1c&\x93\xe4\xe4\xe4P^^>\xde\xd30\
\xcc\xf2\xa5Kq\xa4\xf8\xb9_[k\xbd\xf6\xd3\xa7O\
\xe7\x1do\xbc\xda\xc8\xd0\x8f\x1b\x19\xf4\x9e\xb7\xbe\x95\x0f\
\xbc\xf7=\xa9Mj\x02\xf0\xe67\xbf\x89\xb2\x92b\xfd\
\x81qX\xbeh\x11\x9f\xf8\xd8G\xd34\xa3\x89M{\
G\x07}\x1a=\x8f\xa28\x81\xb0\xdf\xc3d*\xd4j\
\x04Er\x89\xad\xd7/\xca\xe4\x06\x82\xb0o\x08\xe9\xb5\
\x01\x0a\x06Un\x84\xbb\x80\x0f\x01\xbb\xd0\x16\x1dr\x7f\
\x8e|\x22\xdd\xa7\xbfG\xa8[p\xc0n\xa3uu\x11\
,\x1a\xff2x\x02\x1dK_W\x08$\xa0\x14\xcc\xf4\
\xb2\x04\x82\xb0\xab\x9f\xaa\xed\xbd\xca\xa3'\x11\xbb*\xff\
 \xf2\x1a\xc9\x9e\xa8\xf3\x10e\x8c\x0b\x01r\x9c\xb9\xac\
X\xb5\x86\xc5\xcbVhN6S\x0e\x22#\xd1X\xc1\
`\x90\xc1\x81\x01N\x9f\xf2\xf2\xdc3\xff\xe6\xd9\xa7\xfe\
\xc1k;\xb6r\xf2\xd4\x09\x06\x87\x86b\x9eWU\xa5\
\x0a\xcfX\x88Ztds\x92\xb9\xeeN\xfdd\x93c\
\xab\x03\x81\x00{\x0edk#\xed\xb8\xfcXr\xb9\x97\
\x86\xfeo\xadc\xf2\xc8\xeb\x18\xb7S\xdb\xa4\x1a\x89\xe2\
\xe2\xd4\x8c\x07\x8b\xf1\xa1\xa4\xa4\x84\x0b\xce;/\xe9\xf3\
k\xa5j\xeb\xb5\x0f\xf1\xb6\xb7h\xb6\xeaH\x98\xe5\x8b\
\x16q\xd3\xa7o\x9c\x10\x1b\x81\xa9RTX\xc8u\x1f\
\xf8@\xd2\xe7\xe79s\xf9\xd2\x1d\xb7gu\x13\xc5L\
\xd2\xdcl\xa8\x88\xc9\x98\x92\xedf\x06\x1a+C\xadF\
\x81\xed\xf2\x0f\xaa:\xfd\x22\x9f\xe3\xd5a\xa4\x13\xaa\xdd\
\xe3\xb3\x88rf\x7f%\xd2\x9fc\x08u\x7f\x0e\xa5\xe8\
X\x02\xfc\x12\xb87t\x9c\x91<\x1bmk\x0b@\x0a\
\xe5\xcd\xa7\x1c\xca\x9f\x0esx\xbc\x7f\xa1\xd3\xf0\x1cF\
\x82\xf0b\x0f\xd2\xc1~\xec\x81\xf0\xf5\x8e \xba\xc0\xef\
el\x0f\x95k\x10\xe5r\x0bA\x84.\x9c\xbfv\x03\
S\xa6\xb9\x0cNw\xec\x9c\x0d?\x8b\x14\x9en \x10\
\xe0\xf8\xb1\xa3lz\xf19\x9e\xfd\xcf?\xd8\xb6y#\
\x9d\xedm\x04\x02B\xf3\xfaGF\x18\xe8\xef\x8dy\xbe\
37W\xf9m1\xda\xa1VdaI]\xfdn\xc1\
&\xef2w\x18\xdb=\xc9V\xd6\x85\xbeZ\xeb\x98\x1a\
\xeb\xf4\x06\x98U\x8f\xde\x223\x9c\xbfzU\xd2\xe76\
\xcc\xd3\xd5\xf5\xaf\x1b\x16\xcc\x9f\xcf\xbcY\xa9\x85m\x16\
\x17\x16r\xef\xddwfE\xaf\x92LqE\x0a9,\
\x9f\xbf\xe9\xd3L\x9bf\xa8\xb5\xc7\xeb\x82\xa6&#E\
\x1e\xd5\x89\xe5\x90Y\x8f\xc7 \xb0\x03\xc0\x16\x04\xfb\xce\
A\xa4\xa61I\xc9\x97\x22\xbaj\xca\xfd9\xe2%\x91\
\x97\x01_Dt$\x07\xa0\xb3\xc4A\xe7\xf9\x85P\x9e\
E\xf1\xaei\xe8=\xa1\xbe\xd680\x1a\x84\x17\xba\x91\
\x9a\x87\x95G\x0f\x01\xdfD\x88CYt8\x10;\xbe\
\x0f\xa3\xa8\xc7\xee\xcc\xcbc\xed\x85\x97RY\xa5\xd8\xc8\
4\xe9\xb9\x18i$\x18=:\x10\x08p\xf6\xf4)v\
n\xdf\xca\x0bO\xff\x8bW\xb7\xbfLK\xe3\x19\x06\x06\
\xfa\x09\x06\xd5\xd7\xf1\xfb\xfd\x1c>p`\xccq%\xb9\
\xea\x0f\xf1*\x12\xce\xf1\x18\x97\x17z\xdc\xc3[\x1a\x8d\
}\x88e+\xb2\xc1l\xadcj\xe8\x0a\x8f\x99\xee\xe9\
\x19\x98\x86\x85Y\xb8\xa7OO\xfa\x5c\xeb\xb5\x8f`\xb3\
\xd9xW\x8a=[\xee\xbe\xedsL~\x9d%\xeb\xd7\
\xd5\xd5r\xd1\xda\xc4\x8b\xf9\xadX\xbc\x887\x1b\xef\xa3\
\xf2\xba\xe0\xf4Y\xdd^Q\xa0!<\xd2\xde\xd0\x22T\
R\xd7\x86\xba\xa4\xae\x9c\x81|\x0f\xf0w\x80\xaa.U\
>\xc7w\x11\x1d\xace/\x89|\x9e\x5c\xf8T\xdeE\
\xcfE\x88\x8eu\x88\xc6t\xe1v\xa8\xbei\xb9\x22\xb4\
\xca\x9e!\xa3M\x0e(J\x17\xd9P\xb97\x9a \xd0\
6\x8asG_t\x12\xf9\xc3\xc0\xef\x10\xc20:\xe7\
FU\xb9\xaa\xb6n\x12\x8b\x97\xaf\x0aWUH\xcb\xd3\
L\xc3E\x82~?m\x1dmtuu\xd1x\xfa4\
\xcdMq\xab\x00\x1dA\x08\xe3\xbb\x01\x1a\xcf\x9e\xa2\xbb\
\xb3\x93\xb2\x0a\xed\x92\xa85R-\xa7Oy\xe5o\x97\
\x22\xc2\xd1\xc6x=\xb2\x05\xc9\xe5.C\xe4\xa3\xc4\xa4\
\xa6\xba\x8a\x92D\x0b\x01$H\x931\xb7m\xb6\xb2\xce\
Z\xc7\xb4\xa0+<\xa6L\x9a\x94\x89yX\x98\xc4\xe4\
\xfa\xe4_?\xeb\xb5W\xb3v\xcd\x9a\xa4\xcf\xbd\xe2\xe2\
\x8b\xb8\xfc\xb2\xcb\xd27\x99\x09\xc4\xc5\x1b\xd6\xf3\xfcK\
\x9b\x13:\xe7\xd3\x9f\xfc\x84iM\xf8&*'\xbc'\
\x8c\x0c\x1b\x13\xf7kv\x03\xc1 \x91\xeaF\x00/\x01\
\x9fF\xf4x\xc8C\x84Q\xdd\x810b\x95\xe7\xc8\xc8\
\xfd9\x94\x95\xab\xd6 DJx\xee\xbe\x19\xb9\xb0 \
\x1fe{s\x0b\x1d\x8c\x18\xef'\x87\xa9\xde\xda\x13\xbd\
\xac\xdf\x01\xfe\xc2\xd8\x9c\x9b\xc5\x88\x1e\x1d\xe1\xae\xc3u\
\xf5SXy\xfe\x1a\x93J\x87&\xaf>Z}-\xec\
\xdf\xf3\x1a\xedm\xad\xe1\x10\xaa(\x86\x11\xef\xb1\xed@\
\x17\x91\xa6\x94\xcf\x02\x97\x00\xb4\xb6\xb5\xc6\x14\x1eE\x85\
\xaa\x18d\x17c\xf3<\x08\xfd?[\xde\xb0\xba\xe1A\
\x0b2\x10\xde\xe2vM\xe7\xa1\xfb\xee3\xfd>\xc9\xf0\
\xeb\xc7~\xc7\x9e\xf8\xd5;&c\xad\xa3.\x06\xd71\
.\xf5Y`|\x0e\x0e\x0e\xd2\xde\xd1\xc1\xd0\xe0 \xb9\
yy\x94\x95\x96f}\xeeAwO\x0f===\x0c\
\x0f\x0d\x91\x97\x9fOyY\x19\x85\xe3\xd0\x95:\x95\xe4\
\xf0I)\x88\x96t\xd2\xd5\xddMoo/###\
\xe4\xe5\xe5QYQ1.q\xff5554\xcc\x9d\
\xcb\xbeCc\xc2\xe8\xe3\x92\x9f\x9f\xcfM7\xde\x90\xd1\
\xbc\x8e`0\x88\xd7\xeb\xe5\xd0\xe1#\x9c:s\x86\xee\
\xeen\xfa\xfb\xfb)))\xa1V\x92\x98=g6\x8b\
\x1a\x1a\xc8U\x87+\x9b\xc2\x82y\xf3\x13\x1a\xff\xa6\xcb\
/c\xf1\xa2E\xfa\x03M \x18\x0c\x8a\xf0\xd9\xbe>\
\x00\xf1~\xab\xac\xcc\x0a\x11t\xf4\xf8\x09C\xc3\xa2\x0f\
\x989s\xd9\xe3\xa1\xfc\xde\x8e\xe8\xb1\xf1\x1b`9\xf0\
\x1aj\x03L\xfe-\x90\x05G\x0ej\xd1q\x05\xf0\xa0\
|\xc1\x91<\x1b\x9d\x8b\x0a\xa0\xde\xc1X\x1bN\xe1\x92\
H\xc4F5\xcd\xf3\x90\xea\x853\xd8H0\x00\x1c\x1f\
D\xda\xd9\xa7<\xda\x87\xf0L\xfd\x0b\xe1\xc1\x92\x178\
\x07\x11^\xf5E\x14F\xc3\x94\xa9\xd3X\xba|\xb5\x01\
\xd1\xa1\x9eW\xbc\xef\xd2Eg{;\xad>\xcd\x06k\
\xff\x87\x08\x07\xdcM\xc4\x9b#{r\x86\x11\xb9,\x97\
\x00t\xb4\xb6\xc0,m;S\xaa\xaf\xe3\xd0\xa1}\xf2\
\xb7\xb1J\xeaf\x13\xba\x81\xd33\xddn\xd3'1s\
\xe6\x0cf\xce4\xb7+q\xb2\xfc\xdfo~md\x98\
\xb5\x8e:\x18\x5c\xc7\xb8\xd4\x8dCE\xab`0\xc8\xbe\
\xfd\xfby\xe9\xe5-l\xdc\xbc\x99\x03G\xc6\xfc-e\
\xee\xcc\x19\xbc\xe1\x8a\xcby\xf3\xd5WgE\xa5\xa9\xfe\
\x81\x01\xb6m\xdb\xc6\xd6m;x~\xf3K\xb4\xb4\xb6\
\x8d\x19\xb3|\xd1\x22\xdet\xd5\x95\x5cq\xf9e\xa6\xd6\
\xfaW\xe2t:\x91*+\xf1\xb5\xb7'|\xeexU\
\xb4j\xef\xe8`\xeb\xd6ml\xde\xba\x95m\xaf\xec\xa4\
\xb5\xa3C\xf5s\x87\xc3\xc1\xdaU\xabx\xe3\x1b\xae\xe4\
\xa2\x0d\x1b2j\x14^\xb4~m\xc2\xc2\xe33\xd7\x7f\
\x8c\xfa:CUvS\xc6\xef\xf7\xf3\xfc\x0b\x1b\xf9\xe5\
#\x8f\xe8\xce\xb3V\xaa\xe6\xe6\x1bo\xe0\x0a\x93=1\
\xd3\xa7\xbb\xa8\xae\xa8\x18\xf3:j\xe1\xb0\xd9\xf8\xd8\x87\
\xaf3u>Z\xec\xd9\xbb\x97\xa7\x9f}\x8e\x7f?\xf3\
\xec\x98\xdf\x15\x87\xc3\xc1\xb2\x85\x0d\x5c\xb8~\x1d\x17\xae\
_\xcf\xe4q\xd8\x8c\x19\x1d\x1d\xe5\xe0\xe11QTZ\
\x9c\x8c>`\xb6\xf0\x80\x88\xf8\x90\x85\x88\xbc\xeb\xbb\x8d\
\x88\x01fS\x1c\x97\x1f\xca$\xf2\x02\x84g\xe4\xdd\xf2\
\xc5G\x9d6\x91\xcfQjn#\xae\xc8\xd4\xb3\xc4V\
4{*A`S\x0fR\x93*\x9f\xc3\x0b|\x0d\xd8\
\xc7\xd8D\xff\xcb\x80[\x10978\x1c\x0e\x1a\x16-\
c\xfa\x8c\x99\xa9\xcd7\xc6y\x86/\x17g`\xfd\x94\
\xa9\xec~m\x87\xfcm;\xf0{\xe0y\xa0\x15\xe8E\
\xe4\xad(\x85G\x1e\xc2s\xb7S>\xa9\xa5\xb9\x89\x81\
\xfe~\x0a4v\x0c\x8b\x8aK\x95\xdfN!\xfb\xfbx\
\xe8\xf6M\xc8D\x09\xd8lexd\x84\xc3G\x8f\xe9\
\x0f\xb4\xd61.\x09\xacc\x5c\xa4\x0c\x0a\x8f@ \xc0\
K/\xbf\xcc\xcf\xfe\xef\x97\xbaF\xd3\xa1c\xc79\xf4\
\xf0\x7f\xf3\x9b\xdf=\xce\x03\xf7\xdd\xc3\x8ae\xcb24\
K5===\xfc\xed\xef\x7f\xe7\xe7\xbf\xf8\x15]}\
}q\xc7\xee\xdc\xb3\x87\x9d{\xf6\xf0\xbb?\xfe\x91\x07\
\xbf\xfa\x95\x8c%\xce\xd6\xd5\xd5&%<\xa4\x0c7u\
lkk\xe3\xb7\xbf{\x8cG\xff\xf0'\x86Gc\x97\
Q\xf7\xfb\xfd\xbc\xb8e\x0b/n\xd9\xc2\xd2\x86\x06\xbe\
\xfa\xe5/2)C\xc6\xe0\xd2\xc5\x8b\x13\x1a?\xb5~\
\x12o{sz*b\xe9q\xb6\xb1\x91\xaf<\xf0u\
\xb6\xbf\xb6\xcb\xd0\xf8f_+w\xde\xf7UZ\xdb\xda\
x\xff{\xcc+\xefk\xb7\xdb\xb9`\xf5y\xfc\xed_\
\xff\xd6\x1d\xfb\xfew\xbf\x8b\xa9S\xa7\xea\x8eK\x17g\
\x1b\x1b\xf9\xce\x0f~\xc8s\x9b^\x8a9\xc6\xef\xf7\xb3\
c\xd7nv\xec\xda\xcd\xb7\x7f\xf4\x13\xde\xff\xcew\xf0\
\xb1\x8f|\x98\xb2\xd2\xd2\x98\xe7\xa4\x9b\x96\x96\x16\xfcq\
r]C\xecA\xa3\xf3\x9d)V\xbb\xef\x8d\xc5\xf2l\
\x94I\xe6\xd1U\xae\xe4\xff\xcb?\x03a\x90)C\xab\
\x0a\x111\xf2\xbfB!:\xfa\x0a\xedt\xac\xcb\x94\xe8\
\x88\xc3\xb9\xd6Hp(\x00\xcfwG\x8b\x8e=\xc4\xae\
\x5c\xf5fDE\xb12y\xf0\xf2Ukp\xcd\x98\x19\
\xf7)\x07\xc7\xfc'\xbd\xe8%\x98\x17\x15\x15\x91\x93\xe3\
\x94\xbf\xadD(\xf2.\x84\xe0\xe8W<\x06\x14\x8fA\
D\xd55\x00\x06\x86\x06\xe9\xee\xee\xd4\xbc\xbe\xd3\x91\xa3\
\xf4\xf4LA\x88\xe7\xe8r\xba\xd9\x94`\xaek0\xd7\
O\xaa\xcf\xc4<\xb2\x12\x9f\xcfg\xe4\x03v7\xd6:\
\xc6\xc5\xe0:\xc6e\xfe\xecY\xe4:\x9d\xfa\x03\xd3\xc0\
\xe9\xd3g\xb8\xed\xce\xbb\xb8\xf9\x8e\xbb\x12\xdaQn\xed\
\xe8\xe03\xb7\xde\xce\xc9\x93c6\xfaLg\xf3\x96-\
\xbc\xff\xba\x0f\xf3\x9d\x1f?\xac+:\x94\x1c>\xee\xe1\
\xe6/\xdcIoo\xec\x8a}\xe9D\xaa\xaaJ\xf8\x9c\
y\xb3ff$\x0cG\xe6\xe9g\x9e\xe1\xdd\x1f\xb8\x86\
_\xfe\xee\xb1\xb8\xa2#\x9a\xd7\xf6\xed\xe3\x13\x9f\xb9\x89\
\x96\x16M\xafz\xdaq\xb9\x0cT\x8aT\xf0\xa9\xeb?\
\x9e\x91*V\x87\x8f\x1c\xe1C\x1f\xff\xa4a\xd1\xa1\xe4\
\xdb?\xfa\x09G\x8f\xa5\xbeI\x11\x0f\xd74cb\xe2\
moN\xbd\xe9\xa5Q\xb6\xbf\xf2\x0a\xef\xbb\xee#q\
E\x87\x16\x8f\xfc\xf1O|\xf8\x137\xe0\xf5f\xee3\
\xa7\xd9\xe732\xec\x88\xd6A\xd3,\xf7\x18\xe2C)\
B\xa2\x05G\xb4\x97\xa3\x10\x98\x86\x08\xe1\x09'+\xfb\
\x5cN\xfa7\x14A\xf18\x8b\x8es\x8d^\xbf\xf0t\
\xf8T\x1f\xb0\xff\x83\xc8\xc9\x89\xae\x5c\x95\x0b\xbc\x17\xf8\
\x82<\xb0\xb8\xb8\x945\xeb/\xa2nR\x86vtS\
\xac\x166}\xc6,\xe5\xb7\xf3\x119+\xc3Q_\xe5\
\xc7h\xe8\x11Qd\x81\x00C\x03\xda\xfd<\xec9\x0e\
\x0a\xd5y\x1euh\x84YeQI]\xdd\xc4\x83\xba\
\x9aZ\xbd!\xe7,\x06k\x95\x1f\xc6Z\xc7\xb8\x18\x5c\
\xc7\xb8d\xa2\xeb;\xc0\x8b\x1b_\xe2\x03\x1f\xfd\x18/\
l~9\xa9\xf3\x87F\x86\xf9\xc5o~\x93\xe6Y\xc5\
ftt\x94\x87\xff\xe7g|\xe6\xf3_\xe0l\x8b!\
\x83`\x0c\xde\xd3\xa7y\xf2\x9f\xffL\xf3\xcc\xb4)J\
\x22\xac+S\xaf\xbd\xdf\xef\xe7\x87?y\x98/\xdc\xfb\
\x95\x84\xc4\x9b\x92\xb3->\x1ex\xe8[\xb1r\x08\xd3\
JUe%\xd51\xf2\x0d\xa3\x996i2\x17n\xd0\
\xad\xdf\x902g\xcf\x9e\xe53\xb7~\x9e\x8e\xae\xce\xa4\
\xaf\xf1\xe4?\xcc}/N1\xe0}~\xc3\xa5\x970\
=\x85*l\x89\xb0y\xcbV>u\xcb\xad\xf4\xf6\xf7\
'u\xbe\xf7\xf4in\xb8\xe5\x16|\xc6\x04A\xca\x9c\
=sV\x7f\x90Fb9\x98\xdb\xc7CK|D[\
\x8aJ\xc1\xa1\xcc\xe5(\x02\xae\x04\x1e\x01\x16@\xa8\x13\
\xf9\xcc\x5cXT\x009\xd9b\xaf%J\xaa\x8d\x04\xd3\
\x8c|\xbf3\xc3T\xfe\xbb\x0b\xa9MU\xb9\xea\x87\x88\
\x5c\x9c!\x22\x05\x02d\xd1\xf1YD\xbf\x15\x00\xca\xcb\
*Xw\xf1eTK\xf1B \x92}r\xe6,\x8a\
T\xab\x8ao\xdd@D\x18G\xbfgel\x88u8\
\x04\x22\xe6\xbb\xa9\xf1\xb4fY]\xbb\xdd\x8e3O\xb5\
3WFv\x87[\xe9&EKR\xdc\x9en\xe74\
g\x1b\x0d\x95\x0c<\x84\xb5\x8eq1\xb8\x8eq\x99\xee\
2?\x14\xe8\x89'\xff\xce-w\xdd\x95\xb4\x01 \xf3\
\xe4\x7f\x9e\xce\x88\x07\xc1\xef\xf7\xf3\xb5\x07\x1f\xe2\x7f\x7f\
\x9d\xba\xd0y\xc2dc/\x152\xf1\xda\x07\x83A\xbe\
\xfb\x83\x1f\xf2\x8bG\x7f\x97\xf2\xb56n\xdd\xca\xb6\x1d\
;\xf4\x07\xa6\x81\xe5\x8b\x8d%>\x7f\xf4\xda\x0f\x9a\xee\
5\x1a\x1e\x1e\xe6\xcb_\xfd\x9a\xa1\xfc\x89x<\xf3\xfc\
\xf3q\xcb\xd6\xa7J]\x8d~\x8e\xcb\x7f\xbd\xf3\x1d\xa6\
\xdd_\xc9\xe1\xc3G\xb8\xed\xae/\xa6\xec\x11n\xf6\xb5\
\xf2\xb5\x07\xbf\x99\x11\xc1{\xfa\xac!\xe1\x91Y\x8f\x87\
\x8cB|(Q\x0a\x8e\xe8\x5c\x8e\x22\xe0r\xe0[@\
\xb9|B\xeb\x9c<\x98\xafp\x0f\x06\x8d\xd8m\x8a\xc5\
?'\x1a\x09&0\x07\xa3\xcf\xc1;D\xf5\xe6\x1e\x1c\
~\xd5\xcf\xbe\x05<\x86\xba\x5cn\x0e\xa2g\xca\xff\x00\
\xef\x94\x07VK5\x9c\xbf\xee\x22\x9c)%\xd3\x05\xb5\
\xbf\x8b\xf1t\xd3\xd1H\xb0\xb8\xa8\x18\xa73\xfc\x01<\
\x0d!\x0e\x1c\xa8\x8b\x1a\xc8\x8f\x1c\xc5\xb1\xff\x96O:\
s\xfad\xb8\xd2\x84\x92\x9c\x9c\x1c\x8a\xd4\x15n&\xa1\
\x16\x1c\xd9$:\xa6 ~\xe7b2w\xe6\x8c\xd7u\
\xa7\xd6\xd3g\xe2\x96Z\x969\x8c\xb5\x8eq1\xb8\x8e\
q\xc9D\x12\xe5\xa3\x7f\xf8CZ\xae\xe3\xf7\xfb9u\
*\xf5\xe7\xacGSS\x93\xa1Xu#\x1c<z\x8c\
\x9e\x9e\x9e\xb4\x5c+\xdd\x18\xd9\xa1N\x95G\x1f\x7f\x9c\
G\xff\xf4\xe7\xb4]\xef\xcf\x7f{\x22m\xd7\x8a\x87\xdb\
@\xd1\x8a\xa2\x82\x02.\xda\xb0\xc1\xf4\xb9<\xf6\x87?\
\xf0\xea\xde\xbd)_\xe7l\x8b\x8f\xae\xae\xae4\xccH\
\x9b\x82\xc2\xf8\xe1f\xb3\xdd\xd3Y\xb4p\xa1i\xf7\x97\
\xe9\xeb\xeb\xe3\xcb\xf7\xdf\xcf\xd0\xc8\xb0\xfe`\x03l\xdc\
\xba\x95\x9d\xaf\xbd\x96\x96k\xc5\xe3\xc4\x89\x13F\x86i\
\xc6\xa8\x9a.<B==@\x9d@\x1e]\xb1J\x0e\
\xadZ\x0a\xfc\x1aa\xf8\x02\x22\x9f\xc3wA\x11\xcc>\
\x17\xfe`gQ#\xc1\x00pt\x10ik\xaf\xb2\x5c\
\xee\x19\x84'\xe3\xcf\x88\x10#?\xe25\x93\xcb\xc9\xde\
\x86\x22\x9cd\x9a\xcb\xcd\x8a\xd5\xebp\xe6*c\xae5\
&g(\xe1\xc3,b\xe4y\x14\x17SQ\xa9\x8a3\
\x9eO\xe4\xbd\x18\xfd(\x08}\xcdC\xe4y\x9c\x04a\
X\xf8\x9a\xb4wq\xf3\x9c\xaa\xf7k\x92\x19_\x19q\
\x81\xe9\xee\xd2\xcf\x995Ko\xc89\xcd1\xcf\x09#\
\xc3N\xe9\x0d\xb0\xd6\xf1D\xca\xd7\xa8\xab57Tm\
hh\x88C\xc7\x8e\xa7\xedzm\x1dc+I\xa5\x9b\
\xb6\xb6\xd4v\x96\xa3\xe9Hq\xa7\xda\x08\xfe$vd\
\x8d\xecP\xa7\xc2\xc0\xc0\x00\xdf\xfe\xd1O\xd2z\xcd\xe7\
^\xdcHwwwZ\xaf\xa9E\x95\x81P\xab\xf7\xbe\
\xf3\x1d\xa6\x97|nlj\xe2'?\xfb\x7fi\xbb^\
_\x8a^\xc7x\xe8\xe5\xb9\xbc\xe3\xado\xc9H\xb9\xe1\
\xdf<\xfa(G\xd2\xf0\xd9\xa8$\xc7a~\x13\xed\xfd\
\x874\x9d\x19\xd1h\x96\xbdJ]x\xc4\xf1<D\x89\
\x8eh\xc1\x91\x8b:\xb4\xaa\x18\xf82\x8aN\xe4\xfd\x05\
v\xfa\xd7\x14Be\x16u\x22\x8ff\x22&\x98\xcb\x95\
\xab^U\xed\xd6\x1fG$\x8a\xbfJ\xa4G\x87\xec\x95\
\xba\x00\xf8-\xa1\xe4Y\xbb\xddN\xc3\x92e,^\xbe\
\x0a\xa739OGZ\x96#\xceE\xf4\xaeow8\
\xa8\xacVUHY\x8c\x10\xbf\xf2{\xb1\x18(Q\xfc\
\xbf\x1eX\x01\xbc!t\x1c\x80\xb3g\xb4\xed\xcd\xb2r\
\xd5\x1f\x82\xec\xacm*\xd0\xcdKpe\xa8\xd2M\xb6\
\xb2\xef\xa0f\x98j4\xd6:\xea`p\x1d\xe3RW\
k\xae\xf1\xe9\xf3\xb5\xa6\xf5zC\x83\xe9\xd9\xc5\x8cG\
k{z\xe7<<l\xfe\x9c;;;\x13>\xa7\xae\
\xce\xdcjf\xcd&$\x83\xfb\x83A\x0e\x1c2Tr\
4%\xca\xca\xcbt\xc7\x5c}\xe5\x15\xa6\xcf\xe3\xb1\xdf\
\xff!\xa1D\xfc\xf1D\xaf|\xf4\x85\xeb\xcc\xcf\x85\xf1\
x<\xfc\xfcW\xe9\xcf\x05\xab5\xb9\xf2_\x7f\x7f?\
\xa7cl\xba*\xe8\x004w^L+\xa7\xab\x10\x1d\
\xca\xc6i\xca\x90\x15yw\xb9\x00\xd1\xd3\xe3N\xc4\xae\
3\x00\xbe\xa9\xb90/\x17\xf2\xac$\xf2\xb42\x14\x80\
\x97{\xa3\x93\xc8_C\xe4m\x0c#\xbc\x1c\xca\xcaU\
\x97\x02\xaand\x8b\x97\xaed\x8a\x81J\x1ac+\xda\
\x9aQ\x0b8\xf9kVTV*\xbf}\x03\xf0'\xc4\
\xfbs\x18\xf1\xdck\x11\x06\xe5{\x11\xe1Xch<\
{\x9a\x96\xe6&j\xa2\x0c\xa2\x22uw\xea\xcc\xd5\xe2\
K\x1c\xddJLS2U0 \x0b\xe9\xed\xed\xa5Y\
\xdf\x18\xf5a\xadc\x5c\x0c\xaec\x5c\xf2\xf3\xf3\xa9\xac\
4\x96D\x9b,M-\x09%\xc0\xefA\xb1Q\xa6\xc5\
\xd0\xf0`J\xf31B\x8b\xf1d\xd2\x00\xa2:a\xdc\
\xfa\xabC\x19\x10\x1em\x09zU\xc4k_\xa9?0\
\x05\x9a\x12+~\xd0\x89\xf0|\x0f\x02\xe7\xc5\x1bx\xf4\
\xd8QV\xafZ\x99\xfc\xc4\x0cPVV\x1e\xf7\xe7\xab\
\x96.1=I\xba\xab\xab\x8b\xc7\xff\xfc\xd7\xb4^s\
$\x03\xefE-.Y\xbf\x8eZ\x93\xbd\xab\x00\xbf\xfc\
\xcdo\x13\xc9\xeb\x90\xcb\xf9/\x8f7(7\xc7I\x8d\
\xc9\xc2\xc3`\xa1\x90\x98;M\xa6X\xf5!\xd1\xa1\xec\
\xcb\x11\xed\xe9P\xe6s\x5c\x89hL\x17\x11\x1d\xb3\xf3\
`I~\x9aD\x87\xf9I6\x89\x91j\x82y\x0ay\
\x1eM#\x94>\xd5\x15-:\x1e\x06nB$\x91G\
W\xaez\x0b\x0a\xd1\x91\x9f_\xc0\xf2\x95kb\x8b\x8e\
\x94\xdc\x181\xf2<L\xa4\xb6n\x12%%\xe1\x9d\xa2\
RDn\xd1e\x88<\x8e'\x81\x9f\x03\xb7\xa3!:\
\x0a\x8a\x8a\xa8\xab\x9f\xcc\xac9\xf3\xc9/\xd0\xe8\xe5Q\
\xa8\x0a\xf7\xaf#\x92\xbc\x9em\xe8\x97\x80\xcdP\xa3\xa9\
l\xa4\xb9\xd9\xd0.\xe8!\xacu\x8c\x8b\xc1u\x8c\xcb\
\xa2ys\x0d4$M\x8d\xc6\xb3\x86\x12\xe0\x1fC4\
\x06}No`^\xae\xf9eKO\x9f6\x94Gr\
\x0f\x22\xd7\xacSo`^\x06J\xd66\xfb\x12\x0bA\
[8w\x8e\xe9\xaf}SS\x93\x91am\xc0\xc7\x81\
\x99>\xafg\x09\xf0U\xbd\x13\xbc\x19(\xab\x9c\xe7\x8c\
\xff\x9a]u\xb9\xb9\x0d\xf9\x00^x\xf1\xc5\xb4\xe5)\
\xc8\x94\xa87\xf0\xd2K\x1c\x83\xff\xe2\xf5\xe6{;\x8e\
\x1d;\xce\x13\xffy\xca\xe8\xf0\x07|^\xcf\x0a\x14m\
%b1w\xce,\x1c&\x87Z5\x19\xf3\x0e\xc6t\
\xf5\xa5\xdd\xe3\xa1\x10\x1d\xca\xf0*\xb97\x87\xb2rU\
!\xa2\x0fD\xf8\x177h\x83\xd6\xf9\xf90\xc3\xe0\x07\
_\xd0\x862AA\x7f<)v0\xcf\xa2F\x82\x89\
rf\x98\xaa-}\xd8\x03\xaa\xf5\xfa>\xf0\x07\xd4I\
\xe4\xb2\xe8\xf8\x12\xc2\x10\x07\xa0\xa8\xa8\x98\x0b\xd6]L\
^~\xbe\xaa)\xbc6\x1a\xeb\x94R#\xc1\x14|'\
q\x06\xda\xedvf\xcd\x99\xc7\xab\xafl\x95\x0f},\
\xd6e\xf2\xf2\xf2()-\xa3\xb4\xb4\x9c\xea\xdaZj\
k\xeb\xc5Z\xc4\xa0X\xdd\xc8\xc7E\xa4|\xb4Vu\
\xb7\xf1D7D\xa8\xb66\xb3M\xbb\xb2\x89f\xed\x0e\
\xf7\xd1\x1c\x01\xd6\xeb\x0d\xb2\xd6152QN\xf5\x94\
\xb1\x04\xf8'}^\xcfn\xc9\xe5\xd6\x8do),2\
\xbf\x1b\xf8\xd1\xe3\x86rR\x1e\xf7y=\xcdF\xe6l\
v\x07\xf3\xd1\xd1Q:\xbb\x13K\x1a\xce\xc4k\x7f\xf2\
\xd4i#\xc3n\xf4y=\x8f+\xbe\x1f\xdb\xc2>\xb9\
\xeb\xa6D\x8e3\xbe\xa1y\xde\xaaU\xa6\xcf\xe1OO\
\xfe=\xed\xd7,+\xd3\x0f!K\x96\x81\xc1\xd8\xde\xc8\
\xa5K\x96\x98v_\x99\xbf>\xf9\xa4\xd1\xa1\x0f\xfa\xbc\
\x9e\xbbC\xff\xd7\xfd{=g\xa6\xf9\x91\xddg\x8cU\
\xb42_x\x18H\x22W\xe6t\x14\x22v\xd3\xef\x95\
\xcf\xef/\xb0\xd3\xb7\xa4\x00\xaa\xb38\x9f#U\xd2\xa9\
[\x12\xb9\x96w\x98\xea\xed\xaa$\xf2VD\x02\xffF\
\x84\x97CY\xb9j\x01\x22\x89<\xec\x81*\xab\xa8`\
\xd5\xf9\xeb\xc9\xcb\xd5N\xf0O\xf9i\x99\xa4\xe7\x22\x97\
\x8d}\x83\xfaISx\xed\xb5\x1d\x04\xfd~\xd5\xf1\x9c\
\x1c'\x85E\xc5\x94\x95\x95QS[\x8fTWOa\
a!v\x9b-t\xa9\x84'\x1c\xdd,\xd3 \xa6j\
\x14'\x107\xe39??\x9f\xaa$\x9a}\x9d+\x9c\
1\xb6\x9b|\x10\xd1d3&\xd6:\xa6^\xdd)\x13\
]\xdf\x8fy<F\x86\xc9!\x04\xba%\xb6\xcaM4\
\x9c@tV\xdfs\xd0PsC\xb9\x1b\x9b\xee\x9c\xcd\
4\xf6\x00\xda\x93\xe8X>e\x8a\xf9\xaf\xfdqc\x09\
\xbe\xd1\xc6\x94n\xfc`sKzsp\xb4\x88\xd7T\
siC\x03\x93\xea\xcdm\x5c\xda\xdc\xd2\xc2\x9e\xfd\x07\
\xd2z\xcd\xa9\xf5\x93\xc8I\xa9Zf|\x02Q\x7f\xf3\
e\x1a\xe6\xce5\xbd\xeb|WW\x17\xbf\xfb\xf3_\x8c\
\x0c=\x09|C\xf1}V\xe4\x12\x9e2&\xa6c~\
0\xa5\xe5U\xd5H\x22\x8f\x17^U\x08\xdc\x0f\x5c%\
\x9f\xdfYbgdU\x01\x14NP\xd1\xa1\xeb\x01H\
\x90t\x19\xe2#A\xd8=\x80\xe4Q)\xfbS\x88\xf5\
\xdfCDt\xc8\xf97uD\x89\x8e\x99\xb3\xe71{\
\xde\x02\x1cv\xad\xd7&\xb5\x89\xa6\xe5i\xc6\xf0\x88\x18\
\xc5\x99\x97KeE%\x1d\xedmTTV\x91WP\
@Ue5u\xf5\x93)*.\xc6\x11\xf5\xc1g\xe4\
v\x81@\x80];U\xf5\xdbw\x12\x11\x1e\xb1z\xda\
\x8c\x07\xba[#\x0dsf\x9b\x1e\xe2\x90\xcd\x9c<m\
\xe8\x03V7{\xd4Z\xc7\xd4w}'g\xc0\xf8\xdc\
o\xacC\xb9\x5c\xceE7w\xcb\xec\xbc\x84\xf6\xf6\x0e\
\x06\xe3\xec\xdc\x868\xe6\xf3zF$\x97;\x1f\x88\xeb\
v+.,4\xbd\xf2Q2U\xb8\xa6L\x9eb\xc2\
L\xd4\xec9`\xa8\xf8A\xf4\xef\xba\xae\xeb\xc6`\x87\
g\xd3\xb8\xf4\xe2\x0bM\xbf\xc7\xae\xdd\xbb\xd3~\xcd\x05\
su\x0b.\xa6Do\xafv\xc5\xac\xcb/2\x7f\xbd\
^\xde\xb2\x05\x7f\x0c\xe1\x13\xc5M>\xaf\xa7S\xf1\xbd\
nH\xef\xe4z\xf3?'=\xc6J\xe9\x9a\xe7\xf1\x90\
\xfe\xd1\x13Kt\xc8\xa1U\xcaN\xe4\xe5\x88\xf0\x9e\x15\
\xf2\xf9\x9d%\x0eF\xd6\x14\x88\x91\x16\xe9#\x80H\x22\
oQ\xe5s\x1cA\xa8\xe7\xfdD\xf29d\xd1\xb1\x1e\
\x91\xe0_\x0e`\xb3\xd9\x983g\x01\xb3\xe6\xcd'!\
\xa2\x8c\xf2\xcc$\x98'\x8f\xc3\xe1`\xfe\x82E\xd8\x1c\
v\xa4\x9a\xba\xb4\x94\xcf\xdb\xb5s\x07\xc7\x8e\xa8\xfe\x88\
=\x82X\xef$\xbd\x1e\xa6\xa1\xbb{2kVf\xba\
\x05g+G\x8e\x1d\xd3\x1fd\xe0\xf5\xb4\xd6\xd1\xd0:\
\xc6\xc5\xecJ-\xdd==\xb4\xb4\xea\xe6\x1e4\xfb\xbc\
\x1e\xd9\xd8\xd4\x15\x1ef{<\x9a\x9a\x0d\xe5%\xc8j\
J\xd7\x22\x99e\xa0\x1fD\xaa$S\x85\xab\xae\xc6\xdc\
0\xc5\xce\xce.#\xe1_g|^\x8f\xcaZ\x0d\x09\
\xba\xb8'\xa5;\xefA\x8bx\xe5\x89\x17\xceo0\xfd\
\xfeS\xa7L\xe1\x9e/|>\xbd\xd7\x9cjnM\x96\
\xb6\x0em\xcf[C\xc3\x02S\xef\x0b\xf0\xef\xa7\x9e5\
2l\xb7\xcf\xeb\x89\xce\xd6\x9f\xa7w\xd2\xa4zss\
\x09\x83\xc1 {\x8dy\xb7b\x86!\xa6*<\xa2\x9b\
\xa2)\x1b\xb0\xc9\xa1U\xb2\xe8\xb8\x0c\xf8\x02\xa2R\x10\
\x10\xeaD>+\xd7\xc4\xdaZ2\x0a\x97D\xcay\x1e\
\xe9 \xd5\x0b\xeb\x9c?\x18\x80-}H\xad*\xd1\xf1\
G\x84\xe8\xd3\xaa\x5cu\x1e\xf0\xa0r\xf0\x9c\xf9\x0d\xcc\
\x9a\xa5\xfb\x1eO3\xea\xe7\x15\xef;\xed#\xc9QS\
?)\x14=\x95\xda\xd5\x86\x86\x86\xd8\xfb\xdaN<\xc7\
U\xf5\xad\x1fET\xcb\x92\xfb\xa2dS\x9e\x87\xee\xee\
\xc9\xb4)\xe6\xef4f+\x09\x84\xb1X\xeb\x18\x87\x04\
\xd61.f\x0b\x8f\x96\x04\x12&%\x97\xbb\x0a\x9d\x86\
\x91S\xea\xeaMo\x18i\xb0\x12\x93\xfc\x814]o\
\xe0\xb4\xa9\xe6\xbfO\x93)[kv\x95\x9eD^\xfb\
ld``@\xf3xn\x8e\x939s\xcc\xef\x1f4\
\x7f\xde<\xe6\xcf\xcb\xb4\xbd\x90\x1a\xedm\xda\x02x\x96\
\xc9\xfd\x96\xda\xdb\xdbyq\xeb\x16#C\xbf\xa3qL\
\xd7\x0dTc\xb2H\xef\xe8\xec\xa4K\xa3qr\x14'\
\x01\xed7%\xa9\x99\xfc\xd1I\xe4\xd1\x9d\xc8\x95\xf9\x1c\
oB\x84\xf7\x84\xf15\xe4\xc1\xf4h7G\x121K\
\x89&\x98\xa7L\x16\xed\xd8kM\xa5i\x84\xd2W\xfa\
\xc8\x1bP\xed\x80\xfc\x88H'r\xd9\xbf'{\xa5.\
\x01\xbe\x22\x0f\xcc+(`\xd9\xf2\xf3\xa8\xaa\x1a\xfb\xe6\
\x8d\xf7\xcc\x0d\xc9\x82\x94\x12\xcc\x938/\xe1\xf3\x93W\
\xa5CCC<\xfb\x9f\xbf\xd3\xd7\xdb\xab\x1c\xf4\x18\xa2\
\x9a\xcc0j\x8fG6\x88\x0e0\xe0\xf1\xc8D\xb7\xe0\
l\xc5h\x18\x0b\xd6:\xc6\xc5\xe0:\xc6\xa5\xa6\xba\xca\
\xdc\x0a7@\x93\xb1\xca[\xb2\xf1\xa9k\x9d\xcc39\
T\x04\x0cw\x83\x97U\x9f\xee\x84\xa6\x99\xbc\xcb\x0c\x86\
\xabp\x85\x91*+)U\x17\xebH;\x8d\x89y\x8e\
\xc2H.\xb7n\xac\x86^\xa3\xbat\x10+Qz\xed\
\xf9\xe7e\xe4\xfe\x13\x11-\xef\xe6\x92\x86\x05\x94\x9a\xfc\
9\xb3{\xcf>#\xc3z\x81\xbf)\x0fH.w1\
\x10wg\xa0\xa2\xac\x9c\xf2\xf2\xf2\xa4\xe7f\x84t\x88\
\xf4d\x84G\xbc$rYt(\xf39\xfe\x0b\xb8C\
>\xb9\xbf\xc0N\xdf\x82<\xa8\x9b\xa0\xf9\x1c\xb10\xaa\
\x99\xcc\xd4-\xa7\x86\xa9\xda>\xa6r\xd5w\x11\xde\x0e\
y\xc7\x1d\x22\xb97\x9f\x05\xde%\x0ft:sY}\
\xc1\x85\x94\x14\x19\x88\xf1\x0d?_\xfd'dH\xb0\xa4\
\xb2.q\x12/\x8c$\x98\xa7\xca@_?/<\xfb\
\x9fh\xd1\xf1[\x84\xd8\x1eB\xac}\xb4\xf0\x08\xfa>\
T7\xde\x02Dw\xa7\xbe\xce\xe4\x9d\xc6l&\x810\
\x16k\x1d\xe3`p\x1d\xe3\xb2`\xae\xae\xb6K\x99\xd3\
g\x0c\xe5\xa1\xc81\x94\xba\xdb\xbb3\xa6\xeb\xf7:J\
\x15\xefI\xed\x06\xa6Q\xc8F\x80\xee\x22N\x9dln\
R-\xc0qc\x09\xfca\x1a\xe6\x9b\xbf\x93n\xb0\x8c\
\xb2V\xabf\xdd?\x96\x95\xa5\xe6\x1a\xb2\x00\xfd}\xda\
\x9b\xcb\xcb\x97\x9a_\x9di\xa2\xa2%\xdaW\xaf\x5c\xa1\
12\xbd\xbc\xb6{\x97\x91a\xbf\xf1y=\xd1\xc9P\
\xba\x1b\x07\x8b2\xe0ujl4\xe4e\x8d\xeb\xe2N\
Tx\x18I\x22\x97=\x1dK\x81\xbb\x81\x85\xf2\xc9\xdd\
\xc5v\x86\xd6\x14\x8aQZ\x04\x01[\xba3\xb5_\x07\
\x04\x82\xb0\x7f\x80\xaa\xc3\x83\xd8#\x8e\x8efD\xe5\xaa\
\xcdD:\x91\xcb\xe1p\xf3\x80\xcf\x03\xe1\xe0\xcf\x82\xa2\
b\xce[\xb3\x96\xc2\xc2\xa8\xe8\x81\xb4(\x83s\x0b\xa5\
\xce\xe9log\xeb\xcb\x1b\xe9\xed\xedV\x0e\xb9\x0d\xf8\
\x17Bt\x0c\x13\x11}\xd9\xe6\xf10\xe0\xb6}=\x1b\
\xcc\x86\xc3X\xfeKo\x90\xb5\x8e\xa913\x03\xb9\x07\
\x06w\xe2e\xe3S\xf7wg\xb2\xc9\x95q\xc0p\xee\
\x8c\xe19\xd7\xd5\x9a[\xfd(\x81\xf8\xf003\xdd\xd3\
\xcd\x99\x8c\x02\x83%o\xb5vqu\x7f\xb13\xd1\xbf\
\xa7G\xfd\xf7'\xcc\xcc\xe9\xe6\xff\xdeLT\x0e\x1d\x19\
\xab#\xe7\xce6\xdfK\xf9\xe2\xe6\x97\x8d\x0c\xfb\x9d\xc6\
1\xdd\x0d\xae\x193\xcc\xdf\xec8{\xd6\xd0\xe7d\xda\
<\x1e\xf1DG.jO\xc7b\xe0\x8b(\x0c\xdb\xd6\
\x0a\x07\xc1\x15\x05\xb1EG\x98\xd7\x8b\xe8\xd01\xe4\x8d\
\xda\xf9#A\xd8\xd6\x87\xd4\xa8J`\xf3\x02_#R\
\xb9J\xbeZ\x0e\xa2\xd3\xeem(\xde\xc4S\xa7Mg\
\xfe\xa2%8\x1c\xe2\xed`\xbe\xf4\x1b\xaf\x98+\x9d+\
'x\xf9\x93\x9e\xe3l\xdf\xfa\x12Au#\xa2\xdb\x81\
\x7f#\xe2\x1b\x07\x89\x84Y\xc9\x15\xc4\xc6vJ\x1c\x1f\
=W\x0a\xc4\xb522\x11\xe2\xb0o\xdf\x01^\xdab\
\xe8\x838\xe3\xec\xde\xb3\xc7\xc8\xb0\x8d\x08\xcfaL\xac\
u4\xb4\x8eq\xc9D)]\x83F\xbc\xbc\x93\xa7\xbb\
\xb5hvu\x99\xe1\x91\x11\x0e\x1c\xd1m#1\xe0\xf3\
z\xe4\x0ev\xbas\xae\xab3W \x1b\x8c\x0fW\x91\
\x890\xc5CGu\xd7\x11@K1\xe9\xaa\xcbI\x19\
\x10\x1e\xbeV\xed|\x85\xc9\xaf\xe3\x10\xcfx\x0c\x0d\x0d\
q\xf8\xf8X\xcf\xdb\x14\x93s\xf1\xda\xda\xda\xf0\xeaW\
\xf8\xeb\xf0y=/h\x1c\xd7\xfd\xfd\x9d6\xc5\xfcP\
\xc9\x13\xc6\x1ab\xa6\xc5\xe3\xa1\x97D\xae\x14\x1dr7\
\xcf\x19\x10j\x0a85\x17\xe6\x9b\x98Dn(\xcf#\
\x9d\x09\xe6\xe9\xb0\x16S=?(\x9e\xd2\xe6\xde\xe8N\
\xe4\x07\x11\x9e\x8e\xbd\xa8+W9\x81\x95\xc0\x03(\xdc\
\xc3\xae\xe93hX\xb4L\xbebzHiyb\xa4\
\x94\xc7\xb8\xa6)\xe9\x1b\x068y\xe2D\xb4\xe8\x18\x01\
\xbe\x0c\xfc\x13\xe8'\x22:\xe40+U)\xdd,\x08\
\xb3\xd2\x8dQ_0\xcf\xfc\xf0\x96\x9d\xaf\xee\xe4\xbf\x7f\
\xf1K\xd3\xefc\x22\xbaq#\xd6:\xa6N\xfd$s\
w\xe2\x03\x81\x00{\x0f\x19\xca\x1d\x96\xd5\x89\xee\xee\xa3\
\xd9\x0d#}\x89%\xc3;\x81\xb8\xa5\xd5\xf2\xf3\xf3M\
/\xffk0>\x5cE\xbd\xc9=(\xfc~?\x07\x0e\
kEQ\x8dA\xcb\xe2\xd2\xb5\xec3\xe1\xedl\xd4\xe8\
\xba\x9e\xe7\xcc\xa5\xae\xaeVc\xb4EK\x8c\x12\xc7f\
{)\x0d\x1a\xedO\xc78\xae\xef\xb14\xf9w\x05\xe0\
\x88\xb1P\xc9\xb8\xbfPF\xa4\x80^\x12\xb9Rt\xbc\
\x0dQ\xb9*l\xd8\xb6.\xca\x87)\xce\x04\x12\xc0_\
/\xa1V)Z\xc2\xed~\x9c;\xfb)\xef\x1aU\x1e\
\xfd_\xe0\x97\xa8+W\xc9I\xe4K\x81\x87\x10\xaf\x15\
v\xbb\x9d\xf9\x0b\x970mZb\xaeXS\x13\xccM\
\xdf\xfd7r\x83\xf8c\xfc\xa3\xa3\x1c\xd8\xb3\x9bC\x87\
T\x09b\x87\x11\x09\xfa\xaf!<\x1d\x03\x88\xd7 :\
\xa9<\x9b\xc2\xactwO2\x11\xde\xe29\xe95\xfd\
\x1e&r\x04k\x1d\xd3\xc1\x11t\xfe\xa8\xd6\xd5\x98k\
@\xb5\xb7\xb7'\xd2\x0f\xc3\x8e\xf0\x1c\xc7\xc4a\xb3!\
I\xe6\x0a\x0f\x83\xd5\xa1d\x03@\xb7\x9e\xf3\xc2\xb9s\
L\xef5c0>\x5cE]\xad\xb9\xaf}[[\x9b\
\x91\x92\xb7\x87}^\xcf\x88\xc6q\xdd-\xf2\x9a\xea\xea\
\xa4\xe6\x95\x08'O\x8d\x0d\x7fY\xb6\xa8\xc1\xd4\x06|\
\x13\x19\xad\xf0\xcfy\xb3fRPP`\xea}O\x1b\
\x0b\xe9\x8b\x95}\xae\xfb\xb7\xa6\xded\xa1\xe9\xf7\xfb\xd9\
ol\x83&\xee\x1f\xa4x\xefJ#I\xe4J\xd1\xf1\
\x01\x84\xe8\x00B\x9e\x8e\xa5\x050\xc9A\xf6\xd8Z&\
\x93\xee\x04\xf3X\xe3\x9aF\xa8\xde\xdc\x1b\xad\xe5\xbe\x0f\
\xfc\x9e\xb1\x95\xabr\x81\xb7\x22r:\x00\xc8q\xe6\xb2\
r\xf5\x1a\xca+\xaaS\xb3\xf3\x13H0\x8fG\xfa\x1a\
\x09\x9ax\xfd\x10\xdb\xb6\xbe\xc4\xd9S\xaa]\x8b\xa3\xc0\
}\x8c\x15\x1d\xd1\x09\xe5a\xd1\x91\x05\xde\x0e0\xb0c\
\x9b\x89D\xd3#\xc7\x8e\x9b~\x0f\x13\xd9\x84\xb5\x8e\xe9\
@w\x81$\xc9\x5c\xe3\xad\xa9\xc9\x90\x11/'\x96\xeb\
\x1a\x9bsg\xcf\xc2\x19\xa7\x9bt:8\xdbh(!\
Z\x0ey\xd0u\xbb\xcd\x9ei~\xaf\x19\x83\xf1\xe1*\
jL\x16p\x06s\x90b\x85\x8e\xe8z<*\xab\xcc\
\xf5\x22\x01\x1c9>\xf6\xf7\x7fV\x06^\xcf\x89J\xe3\
\xd9\xb3c\x8ee\xa2\x88\xc1qc\x8d\xf7\xf6\xc68\xae\
\xfb\xb7\xc6\xec\xdf\x95\x96\x96\x16#\x8d\x0f\xf7\x11\xb1A\
5\x89%<\xe2\xe5sD\xf7\xe8(@\xc4\xb5\xbf_\
>\xb9\xb3\xc4\xc1\xc8\xa2\x5c\xa8H\xa2r\x95\x95`\x1e\
A\xcbZ>5L\xd5\x8e>\xa5\xe8\x18D\xd4{\xfe\
;\xda\x95\xab>\x12z\x00\xa2a\xde\xaa\xf3\xd7RV\
^Al\x93<V\x17\xc0\xe4M\xf8\xcc4\x124O\
\x00\x05\x02\x01\xb6n\xde\xc8\xd9\xd3*\xd1\xf1ODx\
U\x1f\x22\xbcj\x88d\xaaX\x8dO\x9e\x87\xee\x87X\
\xbd\xc9n\xe7\xd1\xd1Q\x0e\xe9\xc7\xa8g3\xff\x0b|\
Zo\x90\xb5\x8e\xba\xc4\xed\x871w\xe6\x8c\x0c\xf4\xc3\
H\xa8\xaa\x91\xee\xef\xce\xec\x993R\x9a\x8f\x11\x0c\x96\
\xd2\x95\xb7'u\xc34\xa6d\xa03\xbc\xc1P\x930\
\xb3\xdd\xd3\xb3\xad\x17J4\xba\xee\xcc\x9ajsC\xad\
:;\xbb\xe8\xed\x1f\xdb\x85\xbb\xde\xe4Fr\x13\x99\x93\
\x1a\x85$\xa6M\x9df\xfa}\x8fi\x08D\x0d\xb4\xca\
6\xd7\x03q\xcb\xa3\xcd\x9a\xee2\xbdtr\x82^\xd6\
\x98hY\xf7\xd1aU\xd1U\xab\x94\xa5rW \xba\
2\x87E\x87\xaf\xd2\xc1\xc8\xba\xfc\xe4DG\xdci\xa5\
\x03Eo\x8bl\xd8s\xd6\x9b\x84\xf2\xc7\x81 \xec\x19\
\xa4z{\x9f\xb2rU\x13\xf0)\xe0I\x22\x9e\x0e9\
\x89<\x0f\xb8\x11\x85\xe8(\xab\xa8d\xed\xfa\x8b)/\
\xab\xd0\xbc\x9d\xd2\x83\x92rk\xed\x94\xd6wl\xfeu\
\x9a.\x1c\x97\xb0\xb6\x8a\xa2\xa7\xa7\x87\x8d\xcf=\x15-\
:~\x8e(\xa0\xd0\x83\x10\x1e\x83\xa1G\xb6\x96\xce\x8d\
F?\xd1\xd4\xe4\x10\x87\x96\x96\x16\xfc\xc1l[\x16\xc3\
|\xde\xe7\xf5l\xc6Z\xc7T\xd1mw<\xc7\xe4\x86\
^\x00\xa75v@5\x90\x8d\xf8\xf9z\x03\xdd\xd3\xa7\
\xa72\x1dC\x1c?a(\xbcN6bt\xe7<5\
\x03M.\x0f'\xe8\x99\x9b\x9b\x89\xd7>\xb1^(\xd1\
\x18H\xd87\xff\xf7_\xf3\xbe\xaf\xe3Jzz\x1c\xd3\
H,\xaf3\xb9\xf1\x1e\xc0~c\x8dT\xb5\xaa\x5c\xe8\
z,\xe7e\xa0\x22Wccr\xfdn\xa2\x89\xf6x\
h\xe5s\xc89\x02N\x841+{:V *'\
\x85\xd3\xe8}SsaAnb\xba!h\x83\x81\x00\
t\x06\xa0\xd2\x0e\xf96\xb2\xae\x91\xa0i\x09\xe6\x06\x91\
+W5\xa9BL=\x88D\xf1}\x8c\xad\x5c\xd5\x80\
\xa8\x5c\x15\xfecS[7\x89\xa5\xcb\xcfKK\x0c\xaf\
\xea\x99\xeb\xbeT\xe67\x12LW\x82\xb9\xd6\x8f{\xba\
\xbax\xe1\xd9\xff04\xa4\x8a\xff\xde\x03\xfc\x18!8\
\x06P\x97\xcd\x95\x13\xc9\xb3Yt\x80\x91R\xbaf\xc7\
\xa8\xc7H\xf0\x9b\x00\xfc\xc5\xe7\xf5|+\xf4\x7fk\x1d\
\x93\xe7/\x08\xe1\x1e\x97\xe9\x19hjw\xc2kh'\
^\x0e\xb5\xd2/\xa5\x9b\x81$\xcf\x83\x87\x0c\x191\x86\
K\xe9\x9a\xdd\x19~tt\x94\x03\x1a%L\xe3\xe1r\
\x99\xbf\x0b\xed5\xf6\xda\x8f\x09l\x97\x5c\xeertr\
gj\xa5j\xaa\xab\xab\x92\x9b\x98AN\x9e\xd6\xee\xe5\
bv\xa1\x80\x89\xcc\x9e\x03\x07\xc7\x1c\xab69\x17\xa7\
\xb7\xb7\xd7HE7\x9f\xcf\xeb\xd1j\xca\xa2\xdf\xfcs\
\x9a\xf9\xbf+\xa7\xd3PJ\x17\xd4&c\xac\x9c\x8eh\
O\xc7R\x84\x97\xe3W\x84DG\xd0\x06\xbe\xc5\xf9\xb0\
(\xcfx\xe5\xaaa\xe0\xd8\x08\xec\x18\xa0|s?\xd2\
\xab\x03\xd0\xa2\x1b;v\xee`\xd4\x14\xed\x0b\x88\xcaU\
j\xd1q\x00Q9l7j\xd1\xe1\x04\x96#\x12\x9d\
\xc3\xa2\xa3~\xcaT\x96\xadX\xad):R\xf6lD\
\x91\xb2\x85m\xa2v4~\x031\xa6\xb7\xbb\x9b\x8d\xcf\
?\xad%:\xbe\x82\xe8,*W\xaf\x92\x85\xc7D\x11\
\x1d\xf5\xe84\xbe\xcaD\x88\x83V\x9c\xed\x04\xe0\xf3>\
\xaf\xe7\xed\x10v\x7f[\xeb\x98\x1c\xf2:\xea\xee\xe4M\
\x9el\xfeN\xbc\xc1R\xbar<\x9b\xee\x9c\xeb\xeb\xcc\
\x0d\xaf\xeb\xeb\xeb\xe3\x8c~\xa7\xf5V\x9f\xd7\xd3\x1e\xfa\
\xbf\xee\x9c\xcd\x16\x1e->\x9f\x91\xf8p\x15S'\x9b\
/:\x0d\x96\xd2\xd5Ry\xeb\xf4NZ\xbd\xc2\xfc\x86\
t\xc7='4\x8fWThG6\xbc\xde\xe9\xec\xec\
\xa2\xa3\xabs\xcc\xf1\xea*s\x85G{Gt?@\
Mb\xa9`]\x8fe&J\xe9z\x92\x14\xe9\xd1\xc4\
\xf2x\xc8\xe5r\xa3\x9b\x02\x16\x02\xf7 \xfat\x00\x10\
\xb0C\xdb\xb2\x02\xa8\x0d]*\x9e\xe7\xa17\x00\xa7G\
\xa1'@ao\x80\xa2\xfe(\xb3\xb7\xdb\xaf1\xa5\x09\
F:\xd3S\x9aG\xa9\xdc\xda\x8bcT\xb5\x9e\xff\x83\
\x10}\xca$r\xb9\x5c\xee*D\xf8\x8f\x04`\xb3\xd9\
\x981k.3f\xcf\xc5\x16s\xa7?v\x9eG\x00\
[\xe4\xa9\xe8\xe6y\xe8\xfb\x1dL/h\x95L3\x8e\
\x184\x9d9\xcd\x8em\x9b\x19\x1a\x1aR\x1e\xfe4\xa2\
oC?jO\x87\x1cZ%W\x12\x0b@\xd6$\x91\
k\xa1k\x84d\x22\xc4\xe1\xd4\x99\x09a0w \x92\
\xc87\x01\x9bB\xe1U2\xd6:\x1a'\xd6:\xea\xe7\
\x1a\x99\xdc\x07axx\x98\x83Gu\x85G\xbf\xcf\xeb\
\x91\xb7\x96\xf5\x8dx\x93K\xe9&\x92\x10-\xb9\xdce\
\xe84\xba\xab\x95\xaa))1\xb7\xc3v2\xa5t\xcd\
^\xc7\xa1\xa1!\x8e\xc40\xdc\x15\xf4\xf9\xbc\x1e\xad$\
\xa0\x8b\xf4N\x5c0\xd7\xfcR\xda\x07b\x84\xefT\x94\
\x97\x9b~\xef\x89H\xac\xf7\xa1\xd9E\x00\xda\xdb\xdb\xf5\
\x07\xc5\x16\x1e\xfa\xa5tM\xee\xc1\x03p\xe0\xa0\xa1\x8a\
Vc\xddIQ\xc8V\xbe^s\xc0|\x84\xe8\xf8\x12\
\x0a\xd1\xd1Y\xe2`\xa4!\x17*\xe3\x88\x85\x9e\x00t\
\x04\xa0s\x94\x8a&?9#\xb1m1g{\x80\x91\
\xe1\xd0\x1d_\xefM\xb2\xcf\x8e m\xe9\x8d>\xfa=\
\x22\x95\xabd\xd5fG\xac\xd8\xbb\x80[\xe4\x81\x0e\x87\
\x93%\xcbV \xd5\x09\x97\xff\xb8\xa4\xeb\xebj\x80\xec\
l$x\xec\xd0\x01v\xbf\xb63\xba1\xe0g\x81\x17\
Q\x8b\x0e9\xb4*\xda\xd3\x91\xb8\xe8\xc8l\x82\xb9\xae\
\xb1\x97\x99\x10\x07C1\xea\x1f\xd1\x1fb\x1a\xdb}^\
O\xac\x0a#`\xad\xa3Q\xe2\xad\xe3\xb8\x1b\xf1>c\
\xa1jG\x00$\x97;\x1fp\xc5\x1bX\x5cXh\xfa\
nss\x8b\xf19c\xe0}\x9a\x09\x03\xf9l\x12\x9e\
9\xd3\xf3\xa3\x8c\xbd\xf6\xb1\xac\xad\xb7\xeb\x9d8s\x86\
\xb9E\x06\x02\x81\x00;w\xef\x1es\xbc\xb8\xb0\x90\xe2\
\xe2\xb8\xce\xd8\xd7-\x8d\xcdc\xf3\x14*\xca\xca)4\
\xb9\x94nk[\x9b\x91a\xb1\x84\x87\x81\xcfIs\x7f\
W\x06\x06\x068\xa9\x1fj\xd5\x05hw\xb3T\xa0T\
\x0c\xd1\x0d\x02\x95\xd5\xab\xd6\x22<\x1d\xe1\x0a\x0e\xbez\
',\xce\x03\x87\x86\xb5\xd4\x13\x80\xfe \xf8F\xa9:\
5\x8a=\x10\xd3\x06\xebD\x84m\xdd\x08P\xda\xe7\xa7\
\xad\xc3\x0f\xb5\xa9$\xa6\xeb\x91m\x8d\x045.y|\
\x88\xea\xdd\xaa*\x15>Dx\xcf+D*W\xc9\xaf\
S.\xf0\x0e\x14\xa2#'\xc7\xc9\xd2\xe5\xab\xa8\x96j\
\x13\x8e\x5c\xb2\x05\x85\xd3j\xfc1\xa9\x91\xa0\x0eG\x0f\
\x1dd\xf7k\xaf(\x0f\x9d\x01\xeeGx:\x0c\xf5\xe8\
\xc8bO\x87\x8cnBd&B\x1c\xf6\x1f2\x14\xef\
\xfd\x84\xcf\xeb\xd1\xfd \x1b'\xacuL\x81PS\xbb\
\xb8.\xa1\xfc\xfc|\xaa\xaa\xcc\x8d\x91o\xd6\x0fY\x82\
H\xa8\x8d\xee\xce\xe3\xe2\x05\xf3\xb1\xc5v1\xa7\x85\xb3\
\x89%DgE\xaf\x99D=sy\xce\x5c\xd3\xe3\xee\
\x9b\x12{\xed\xc3H.\xf7ZBM\x92c\xe1\xb0\xd9\
\x983\xc7\xdc\x84\xdf\xd3\xa7OkV\xb4*-\x8e[\
(.mtww3\x9a`\xf8\xdcxsD\xc3\xbb\
Yo\xf2\xe6\x06@wW\xb7\x91ac\x94p\xe8s\
2\xee\x1b)??\x9fj\xb3?'\x8dy,\x0d%\
\x9ei\x09\x8f\xe8\xdc\x8e\xab\x10\x89\xb4a|.'4\
h\x94\xedj\xf3\xc3\xa9\x11*[F\xa3\xc3\x83\x94\x9c\
\x04~\x860\xe8\xda\x10\xde\x947\x00n{\x00\x11\x8e\
U\xeb \xeb\x12\xccMCa2\x07\x81\x97\xfb\x90\x9a\
T\xcd\x8c\xce\x22\xc2\xa7\xf6\x13\xd9Y\x97E\xc7|D\
)\xe3\x06ypye\x15\xcb\x96\x9dG^\xa8\xacZ\
,!\xa1<\x9e\x8c7\xc4\xd4F\x82f\x12#\x1c\xcb\
\xef\xf7\xb3\xf5\xa5\x17ijT\xfdA\xdf\x8f(\xa0\xf0\
\x1aBp\xc8\xf9\x1c\xb1{t\x5cS\x1b\x1c\xb7\xe7f\
\x1c\xdd\xf8\x1f\xb3w\x99\xfb\xfb\xfb9\xd5\xa8k\x88t\
d\x9b\xb1\x1c\x85\xb5\x8e\xa9\xa1\xbb\x1d\xdc0g\xb6\xe9\
M\xed\xce\x18\xdb\x897,<f\xb8\xa7\xa72\x1dC\
\x9c:c\xa8\x11\x99\xf1R\xba&\x97|\x06\xc3\x9e\xb9\
0\x0b2\xd2\xd00\xa1jfJ>\xaaw\xd2\x9aU\
+M\xf7:\x1c<\xac\xed\x8c\xc9\xc9\xc95\xf5\xbe2\
\x1f\xfa\xd8'\x8c|\xfed=\x15ee\xa6\xdf\xa3_\
\xbfA)\x88\xdc\xd1h\xb2\xe2s2\xc5~7*\xb4\
r<\x94aV\xd7 \x92\x98\x01\x18u\xda\xe8\x98\x9f\
\x07\x93c4F\xea\xf4S\xdd8\xa2e\xfb\x1f\x03\xfe\
\x88\xd8\xb1?\x89\xba\xa3\xf60\xf0/\xe0\x06@xJ\
&:\xc94\x12\x1c\x09\xc2\xd6>\xa4\x16U\x12\xf9A\
\xe0\x9bhW\xae\xca#Jt\x94UT\xb2\xe2\xbc\x0b\
p:2\x9c'\x93@#AC\x82%\x15\xc3=N\
\x9eG\xac\xcb\xfa\xfd\xa3\xbc\xf4\xc2\xb3\xb4\xfaT\x8a~\
/\x22<E\xee\xd11H\x9c\xc6\x80\xbekj'\xd2\
\x1bW\xd7mkv\x88C:wO\xc6\x11k\x1dS\
Cw\xfdf\xcd2\xbf\x09\x9a\xc1R\xba\xb2[Iw\
\xce\x99H\xf2\x8c\x95P\x1c\x85\xe19O\xce\x80\xf0\xd8\
g,><\xcc\xdc\xd9\x99(\xa5\x9b\xd0k\x0f\x80\xe4\
rO\x05>\xacw\xd2\xc5\x17nHrV\xc6\xd9\xbb\
o\xbf\xe6\xf1\xd2Rs\xf3ud\xce\x05\xd1\x01PZ\
Zj\xfa=\xfa5<S\x1ah\xb9E\xb2\xe2s\xb2\
\xd1X\xc3RC\xee\xf7h\x8fGt\x09\xdd\xfb\xe4\x1f\
\xf6\x15\xda\xe9_\x99\x0f\xc5q\xc2\xa0\xear\xf0\x1f\x1f\
V\xe6q\xfc\x0ex\x19\xb1s,\x97\x1e\x1dA\xd8\x80\
v\x84\xf1\xecG\x08\x12\x00\xf2\xdbF\x19\xf4\xe7\x8a\x19\
\xbc^\x1a\x09\xf6\xf9aG?R\xdb\xa8\xf2\xe8\xcf\x81\
_ v\xd8\xe5\xa4e\xb9r\xd5\x22D\xb9\xdc\xf0\x1b\
\xb2Z\xaac\xe9\xcaU\xd8\xed\x0eb\x9b\xd8)\x1eO\
\x8b2\xc8.FFF\xd8\xb2\xe9E-\xd1\xf1\x00\xb1\
\xcb\xe5\x8e\xf1tL \x9c\xe8\xc4|g\x22\xc4!]\
\x8d\x88\xc6\x8b\x90\xfb\xdbZ\xc7\xd4\xd0\xcd=\x98\x96\x81\
\xde\x12\xc7<ck\xfak 'L\xea\x1a\x01\x93L\
\xeeT\x1f\x0c\x06\xd9\xbd\xff\x80\x91\xa1\x86\x85Gm\xad\
\xb9\x89\xa9\xfd\xfd\xfd\x9cn2d\xb8\x84\x99:\xd9\xfc\
\x86\x86\x09\xbe\xf62\xbaMC\x01V.7\xbf\xa2\xd5\
\x0b\x9b6\xeb\x0f2\x91\x9a\xea*ZZ\x0d\xe5.d\
5\xa5\xc5\x99\x11jI\x92\x15\x9f\x93'O\x19\xf2\xb2\
\xea&\x96C|\x8f\xc7y\xa1\xff\xe3\xabt\xc0\xd2|\
\xc8\xd7\x11\x01\xb96\xfa\xf3l\x94F\x84\xc7N\xc4\x87\
\x9f\x1c\x1b\xdf\x8f0\xde\x02\xa1{\xc8\xc1\x81\xc7\x10U\
O*J\xfa\x02\x0c\xf6\x04\xa0\x5c\xd6@\xe78M\xa3\
Tn\xeb\x8b\x0eM{\x18\xf8\x0d\xda\x95\xab\x16!<\
\x1d\xe1\xed\xa0\x86\x85K\x98<u:\xd8\xe3\x8b\x01\xa3\
2.\xd50,\x15)%\x98\xc7\xc8\xf3H\x13m\xad\
\xadl}\xf9E\x06\xd5;\x11\xdf\x05\x1e%\xd2\x89\x5c\
\x16\x1c\xaa\x86\x80(\x04G\xda\xbc\x1d\x99\xd1s\xd3\xf5\
\x06d$\xc4\xe1\xac!#$\xb1-\xd2\xcc2]o\
\x80\xb5\x8e\xba\xe8\x1a\xc4S2`|\xee7\xd6\x0f\xc3\
p\xd8R\xadd\xae\x11\xdf\xd1\xd1\xa1\x19\xd7\x1f\x85\xd7\
\xe7\xf5\xc8\xb1\x1d\xbas\x96\xcc\xee5c,LC\xc5\
\xa4IY\xf3\xda\x87\x85\xbb\xe4r\xbb\x11\x7f\x7f\xe3r\
\xc1\xca\x15\xa6w\x82?u\xeaTL1\xd7e,\x9f\
 e\xeakk\xcf\x09\xe1\x11\xcc@\x03\xd6\xc2\xc2B\
#\xc3\xb4\x5c/\xba9ZS2Pr\xdcc\xaca\
\xa9\xa1M.\xf9\xafbt\xe3@\x07\xca\x0f\xabb\x87\
\xbe\xe8\x00p\xda\x18\xaaRyD\xe6#\x8c\xb6\x11\x22\
\x09\xb9C\x8a\xff\x8f(\x1e\x91\xaa'\x03\xf2\x9b \x89\
.\x13\x862\xa3\x93\xec`\xae96\x857\xec\x99\x11\
\xa4\xcdc\xca\xe5~\x07\xf85cEG.p5\xa2\
\x9c\xee,\x00\xbb\xddN\xc3\xe2eL\x99\xe6N*\x99\
1\xd5t\x98q\xdb\xea\x0fj\xdf\xdd\xf0|\x82\xd0\xd6\
\xda\xc2\xe6\x17\x9f\x8b\x16\x1d?\x04\x1eC\x1dV%{\
\x9bTb\x03#1e\xd9\x89\xee\x87X&B\x1cN\
\x9e6\xb4{\x92\xad!B`\xadc:\x18\xf7\xa6v\
===4\xfbt\xd3_Z|^OW\xe8\xff\xba\
\xaf{\xad\xc9\x9d\xaa\x9b\x9b\x0dUb\x92K\xe9NE\
T\xa4\x8c\xc9\xbcY3\xc9\xcd57'\xa0)\x89R\
\xbaf\x97\x07\xed\xe9\xe91b4+_{\x80\x87\x8c\
\x5c\xfb\xado~S\xd2\xf32\xca\xceW_\x8b\xf9\xb3\
\xb3\x09z\x97\x92e\xb6\xc9U\xbb2\xc5\xc0\xa0V\xcf\
\xbe\xf4b0\xe1_U\x0eOr\xb9+0\xe0\xf1\xa8\
3\xd9c\x09\xdaM\x1750\xb4\xc9\xa5\x95\x0c \x0b\
\x90\xd7\xe4\x03\xd5\xa7\x86i]h\xb0\x09VU\x0ex\
\xc3y\x0a\xf3\x88\x84\xa4\xa8\x1a\xab1\xd6\x90\xdb\x0f\xac\
\x07\xa0c\x14\xea\xcd\xacl5\xce\x04\x00\xcf\x10U{\
Uo\xf6&D\xf5\xa4X\x95\xab\xaeD\x943\x06\x84\
\xe8X\xb8x)\xf5\x93\xc6\x96\xeb\x8c\xf6R\x18\xa9T\
\x95\xb2g#\xea\x02)'\x98\x9b\xb4\xfb\x1f\x04:\xdb\
\xdax\xf1\xd9\xa7\x94\xbb\x1c\xfd\x88$\xf2\xe7\x10\xc2X\
N\xe2\x8f\x16\x1av\x22a\x82r\x92?\xd2\xaf\x9b\xa3\
\xbc\x1eY\x1d\x8a\xa6k\xece\x22\xc4!\x9d\xbb'\xe3\
\x84\xb5\x8e\xa9\xa3\xfb\x07\xb5\xc6d\xe1\x91H\x8e\x8c\xe4\
rW\x02q\x8b\xfdO\xae\xad\xa1\xc8\xd8\xcef\xd24\
6'\xe4\xe5\xd2U\xbf\xb3g\x9a\x1f\x1fn0\x81_\
E\x8d\xc9\x9e#\xa3\xaf\xbd\xe4r\xdf\x82\xf8\xcc\x7f;\
\xa2\xc2g\x5cj\xaa\xabX\xbfVwX\xca<\xf7\xe2\
\xc6\x98?\xf3\x07\x83\xf4\xf5\xf7\x9b\xfe^\x5c\xbcp!\
\x7fx\xe2IS\xefq\xaePi\xacA\xe1\xcc\xd0\xfb\
\xad\x08\xa8\x02\xde\x0b\xe8622\xfbs\xb2\xb3\xb3\x93\
\xce\xee.\xbda\xa7\x11\xb6\x94.\xb1\x1a\x08\xda\x01/\
\xa1\xf0'[\x10\x18\x0eB\xae\x01c\xaa\x5ce\xbe.\
%\x927\x22{Rd\x83.'\xf4\x90\x13\xd9\xc3r\
\xaa\xe2\xf4(\x1ds\xf2D`\xd1D%\x96%\xefG\
$\x917\xab\x92\xc8O\x01_Ft$\x97C\xd1\xe4\
$\xf2\x05\x08\xd7\xee\x02ypqI)K\x96\xaf\xa4\
\xb8H\x1d\x97\xa8\x16\x18\x89\xe6s\xa4\x8b\xd4\xae\x9f\x96\
\xd9\xc5\xb9\xc8\xe1\x83\xfb9\xb8o\xb7Rt\xf4\x22\xd6\
~\x1bj\x0f\xc7r`\x19P\x82\xc8S\xfa\x97\xe2\xea\
\xca\xbbd\xafoC\x1b\xfd\x18\xf5\x0c\x848\xec\xde\xbf\
\xcf\xc8\xb0l\x0d\x11\x02k\x1dSBr\xb9K\x81\xfa\
\xb8c*+)39\xe93\xc1\x1c\x19\xdd\xd7\xbca\
\x9e\xaeC$e\x0c\x86\xd7\xc9s\xd6\x9d\xd0\xf4\x0c\xf4\
\x9a9e,><LEY9\xe5\xe5\xe6V\x1a2\
\xf8\xda\xafG\xde\x105\xc8\xc7?\xf4!\xf2\xf2\x0cn\
\xd4&I{G\x07\x1b\xb7n\x8d;\xa6\xa7\xbb\xc7t\
\xe1\xb1l\xd9RS\xaf\x9f)\x86GG\xf5\x07\xa5H\
m\x8d\xa1p\xc6\x0f\x86\x1e\xc6\xaf+USjz\xf3\
\xcf\x84\xfa\x06\xe9\x22\x9b\xc6Z\xc6\x93\x0d!>\x04\xbd\
\x06k5\xe7\xdb\xe9,\x09{+\x0a\x80\xd5D\xfa\x81\
\xe4G=\xf2\x14_\xc3[\x22\x8e\xd1 \xf4\x05&\x9e\
I\xa7\xc7P\x10\xb6\x8c\x11\x1d\x87\x80{\x11\x1e\x9fh\
\xd1!W\xae\x0a\x8b\x8e\xa2\xe2RV\xae\xba\x80\xc2\xa2\
\x92P\xc0X\xba\x16)\xd6u\x821\xbeM\xe0\xbe\xb1\
.\xa1{\xefT\x18{\xcd\xfd\xbb^c\xdf\xeeW\xf1\
G\xea\x8e\x0f\x22\x92\xf4w\x10\xf1r\xccC\x14Ex\
\x1c\xb8\x13\x91H\xf8[D\xde\x87,\x96e!-\x0b\
u3\xa7\x9dnt\x8d\xa7\xfazsCE:;;\
\xe9\xea\xd1\xaa\x1a\xa8\xe2\xb4\xcf\xeb1\xb4{2NX\
\xeb\x98\x1a\xba;\xf1\x0b\xe6\x99\xdf\xd4\xee\xcciC\xfd\
0\x0c'\x96O\x9f>=\x95\xe9\x18\xc2c\xac,\xad\
\xe19g\x22\x8f\xe6\xb8\xb1$\xee0\x8b\xe6\x9b/\xe0\
\x0c\xbe\xf6\x091\xa5\xae\x9e\xab\xdfpU\xda\xaf\x1b\xcd\
\xd6\xad\xdbt\xc7\x184\x16SbR}=W^t\
\xa1\xe9\xf71\x9bL\xac\xd5\xb4\xa9S\xc9\xcdI\xffn\
zF\x9a\x7f6\x8em\xba\xa8\x81\xa1X,\xd0\x8f\xae\
\x89tQ\xec3n\x11\x8d\xd4\xab\x1c)K\x111\xa6\
E\xa1Gq\xe8Q\xa4\xf8Z\x05\x84\xb7]lAD\
?\x0fSIg\x9e\x87\x01|\xa3\x94>\xd7\x13].\
\xf7g\x88z\xe0{\x88\x88\x0e9\x89|!\x22\x9fc\
\x01\x80\xcdfc\xcaT\x17\xab\xcf_Gn\x0a\xbb)\
\xd1\xab\x1a+\xcfCy\xdc\xecW\x22>A\xc3\xdf\xc5\
bdd\x98\xd7vl\xe3\xd0!\xd5\xee\xf01\xe0\xf3\
\x88_\x16\xf9):\x10\xe1lK4.s\x05\xa2\xdf\
\x8c\x93\x88\xa7.\x8e\xf8\xc8Z\xd5\xac\x1b\x22Tcr\
\xa2i\xbawO\xc6\x09k\x1dS#K\x9a\xda\x192\
>\x0dw\x00\x9fjrE+\x80\xc3\xc7\x8e\x1b\x1a\x16\
\xfa\xaa;\xe7\xfa\xda\xb8\x8e\xa7\x94I\xa0\x0aW\x98\xcc\
\xf4BI\xbf\xf0\xb8\xfds\x9f%?_\xa3\xc7Y\x9a\
\xf9\xd3\xdf\x9e\xd0\x1ds\xea\xf4)\xd3\xe7\x01\xf0\x91k\
?\x84\xc3\xe4\x86\x99f\xe39i\xfeZ\xe5\xe5\xe5q\
\xe9\x85\x099\xcf\x0c\x91\x89\xcf\xc93\x8d\x86~W\x0c\
{\xd6\xe3\x09\x8f J\x8fG_\x02\xe6g\x89\xea\xb2\
oC\x84\xab\x94\x86\x1ee\xc0$`1\xf0\x1e\x84\xf1\
\xfd\x08\xa2_E\x84F\xbf0\xc5MK0O':\
Ff\xe3\x08\x95[\xfa\xc8\x1bP=\x97\x1f\x13)\x97\
\xab,1\xecDT\x14\xbb\x1f\x91\x9c\x0f\xc0\x8cYs\
Y\xb0p)9\xce\xe4\x14\xb3Y}\x15\x13\xbb\xac\xc6\
\xe8d\xe7\x15\xe3\xbc\xe8\xc3###l|\xe6)<\
\xc7U\xf6\xd7\x01D\xdf\x98\xbdD<Ls\x11%\x8c\
\x17\x81\x10zs\x17,d\xd1\x92\xe5\xca\xf3\xaeA[\
xh`\xcbF\xedQ\x82\xf8\xdd\x8bIuE\x05e\
&7SJ\xf7\xeeI\xa6\x91\x5cnk\x1dS'+\
\x8c\xf8#\xc7\xc6v1\xd6@^C]\xb14\xc9\xe4\
~\x18\xa3\xa3\xa3\x1c<z\xd4\xc8P\xd9\x92\xd2\x9d\xb3\
\xd9I\xdc\x06\xabp\xa9\xc8Dy\xd0\x8e\xce\xce\xb4^\
\xef]o~\x13k\xd7\xacI\xeb5\xb58v\xec8\
;\xf7\xec\xd1\x1d\xb7\xefPf~\xf5g\xcd\x9a\xc5g\
>y}F\xee\x15\x8f\xe5\x8b\x16\xf1\x95;\xef\xe0\xfd\
\xef|G\xc2\xe7vvw144d\xc2\xac\xd4\x5c\
v\xf1Ei\xbd\x9e\xc3f\xe3\xfcU\xe7\xa5\xf5\x9aZ\
\x9c4&\xcc\x0c\x0b\x0f\xa5k\x22:\xe9;\x88Hx\
\x16\xf4\x07\x8d\x07\xe0W8h+sP\xd5\xe5\x97\xef\
q\x11\xa2\x15\xfc\xfb0\xf0A\x18\xb0\x83}0@`\
 \x00\xb9\x13\xb8\xa4n\x00h\x1cA\xda\xd6\xa7<\xda\
\x81\xe8\x11\xb1\x89HN\x01Dz\xa7\x5c\x08|C\x1e\
l\xb3\xd9\x989{\x1e3f\xean\xb0\x8a\xf1\xa1<\
\x8fd\x92\xc5\xcdO0O\xf0g)&|\x0c\x0c\x0c\
\xb0u\xd3\xf3tuw*\x0f\xef\x07\xbe\x87Z\xec-\
\x04n\x01\xc2Y\x96\xf3\x17.a~\xc3\x22\x86\x87\x87\
\xd8\xb3k\xa7|x\x15\x22l0\x88x\xb6r\x01\x00\
\x9b\xf4\xebf\xdb\x04H0\xd7}\x13e\xc4m\xdb\x94\
x\xd3\xae,\xc3Z\xc7\xd4\xd1\xdf\x897\xd9\x88\x0f\x04\
\x02\xec9h\xa8\xe0\x97\xacNt\xc3\xc3\xccN\xf2\xf4\
\xf9|\xcaP\xd1X\xec\xf3y=~\xc9\xe5\xce\x03\xe2\
n\x87\x16\x15\x14PQQ\x11oH\xca\x18\xac\xc2\xa5\
\xa2\xae\xde\x5c/\x0c\xc0\xb5\x1f\xfc\x00\xcf\xbc\xb0\x91\xe1\
\xd1\x11\xfd\xc1:,[\xb8\x90\x9b>\xfd\xa94\xccJ\
\x9f\xa7\x9f{\xce\xd0\xb8\x976o%xs0\xa9\x8a\
\x97\x89\xf2\x81\xf7\xbe\x97\xe6\xe6\x16\x1e\xfd\xd3\x9fM\xbf\
\x97\x92\xe9S\xa7\xf2\xe67\x5c\xc9\x86\xb5\xeb\x981C\
\xbc\xd5\xcb+\xcay\xe4\x8f\x7fJ\xf8Z\xadmm\xa6\
7\xd2\x5c\xb7v-\xb3\xdd\xd39b\xac\x01h\x5c\x1c\
\x0e\x07\xdf\xfa\xea},[\xa6\x15\xa0\x91^\x8e\x1c7\
\xe4e5\x5c=1:\xb9<Zx\x84\xb3\xd8\xec\x03\
\x01\x02\x81 8\x0c\xbc\x89sm\x04&\xe7@W\xf8\
\x032n\xc3\x1d\x7f\x8e\x8d\xc1\x5c\x1b\xfde\x0e\xa8\xcd\
\x81b\x1b\x14\xda!\xc7\x06\xc1\xe0\xc4l$\x18\x08\xc2\
\xeeA\xaaO\xaaTt\x13\xf0\x15D\x7f\x139\xb4\x0a\
\x22\x95\xab\xd6\xa2\x10\x1d99\xb94,Y\x8aT#\
\x175\x88\x18\xb3\xa9%\x92\xa7x\x5cW\x19\x8c\xbf\xd1\
\xdd\xd7\xdd\xc3\xd6\xcd\x1b\xa3E\xc77\x80\xa7\x11\xf9\x1c\
 \xdeTK\x81\xaf\x22B\xfeB\x9e\x8eE\xccoX\
\x04@n\xae*\xac\xad\x02\xf1:\xf9C\xd7\x90s=\
\x0c&@\x8d;\xba\xc6^&B\x1cN\x9fJ(\xbc\
%\x1b\xb1\xd61u\xf4w\xe2M\xee\xfa\xde\xde\xde\xc1\
\xe0\xe0\xa0\xde\xb0c>\xafgDr\xb9\x1d\x84\xbc\xa1\
\xb1p8\x1c\xa6\x87\xd7\x19L\x88\x96w\x1eu\xcbU\
-\x9c7\xd7\xfc^3\xc6\x04\xb2\x8a\xfa\x0c\x94\x07\x9d\
=k\x16\x0f\xdd\x7f\x1f\xb7\xdey7\xfe\x14\xfa8,\
mh\xe0\xa1\x07\xee7=\x91\x1b\xa0\xbb\xa7\x87\xdf>\
\xfe{CcO75r\xea\xd4)\xa6M3\xbfx\
\x80\xddn\xe7\x96\x9b>C]]\x1d?x\xf8\xa7)\
\xad\xa7\x1e\xf3f\xcd\xe4\xaaK/e\xe5\x8a\x95\xcc\x9d\
;{\xcc\xfbw\xce\xac\xe4\xca\x98\x9f>u\xdat\xe1\
\x91\x93\x93\xc3\x97\xef\xbc\x83\x8f\xde\xf8\x99\x94\x04\xef\xa4\
\x1a\x89\xaf\xdd{\x0f\x8b\x17\xc5\xfdHJ\x0b~\xbf\x9f\
\x03\x87\x0c\xfd\x191\x94|\x06\xb1=\x1er\xe9\xdbp\
\xd7\x9f\xc2\xa1\xa0H\xbb0Z\xe5\xb6$\xf6@\x7f\x8e\
\x8d\xbe|\x1bC\x159P\xe5\x10\x95\xb0rm\x1aU\
\xac\xe47\xefD\x13\x1d\xc0\xd6\xfe\xe8|\x8e\x93\xc0\xc7\
\x81NbW\xaej\x90\x07\x17\x14\x14\xb0|\xe5\xf9\x14\
\x16\x95\xc4\x8d\xd8\xc9\x94g\xc3|\xe9\x97\xacX\x19{\
^S\xe3\x19\xb6\xbd\xbc)zg\xf0[\xc0S\xa8{\
\xa3,F$\xf6\x17\x01\xe4\xe48Y\xbct\x05\xd3g\
\xaa?\xb8***\xe9\xe8h\x97\xbf]\x82(y<\
\xaax\xa4?\xc1\xdc\x1c\xdd\xa6\xbb\x0d\x9f\x89\x10\x87C\
\xc6BE\x12\x0b\x0a\xcf,\xd6:\xa6\xce\xb8\xe7\xc84\
5\x1b\x0aU\x93w\xf1\xa6\xea\x0d\x9c7k\x1699\
Z\x15\xea\xd3\xc7\xd9FC\x15\xad\xe49\xeb\x0a\xe4\x99\
\x19\xe8\xc3p\xc6\xd8\x9cU\x98\xed9\x92Y\xbfv-\
\xff\xf7\xf0\xc3\xdc\xff\xd0\x83\x1c>\x9eX\x02<\xc0\xfb\
\xde\xf1vn\xfc\xc4\xf5F\x9b\xc3\xa5\xcc\xbf\xfe\xf5o\
\xfa\x06\x8c\xf7\x9c\xd8\xbe\xe3\x95\x8c\x08\x0f\x10\xc2\xfb\x83\
\xef{/\xeb.X\xc3o\x7f\xf7\x18\x7f\xfd\xe7\xbf\x8c\
x\xe7t\xa9\x95\xaaY\x7f\xfe\xf9\xacX\xbe\x8c\x86\xf9\
\xf3\x99\xacS\x0cA\x92$fMwq\xd4X\xa9\xf1\
0\xc7NxX\xbd\xda\xfc\xb0\xa5\x05\xf3\xe7\xf3\xc3o\
?\xc4\xed_\xfc\x92\x91\xe2 *\x1c\x0e\x07\xd7\xbd\xef\
=|\xf0\xfd\xef7\xbd\x92\x95Lkk\xab\x11\x91t\
\x90\xc8\x86\xae.\xb1<\x1eJ\xe1\xd1\x0aT\x17\x0c\x06\
\xe8\xf5\x07\xc1i\xd0\x22*\xb5\xe3w\xd8\xb0\x07\x82\xf4\
\x17\xd8\x19\xc8\xb3\x11,\xb5C}\x8ehF\x98g\xd3\
\xee\x22\x92.\x826\x03\x89\x0d\x0as:\x11cOs\
l\xe8\xe0P\x00^\x19@\xf2\xa9^\xa8\xfd\x88\x1c\x96\
\x0e\x22\xd5\x93\xec\x88\x15\xc8%Jt\xe4\xe6\xe7\xb3\xfc\
\xbc\x0b(,0\xd4p\xc64\x8c\xf4\xff0LJ\xc6\
\xb4\xfa\xe4x\x0e\x97\xa6\xc63l}\xe9\xc5\xe8N\xa4\
_G\x88\x0e\xa5\x87\xe9b\xe0s\x84\x9ak9\x9dy\
\x5c\xb0\xe1b\xaa\xab\xab!\xca5]\x5cV\xa6\x14\x1e\
s\x80\xdd\x88\x06\x83\xd1\xd5\xad\xb2/\xabC\x8d\xae\xb1\
gv\x88\x83\xdf\xef\xe7\xc0aC\xbb''\xf5\x87\x8c\
\x1b\xd6:\xa6\x80\xe4r\xd7#\x0a\x8b\xc4d\xd6t\x97\
\xe9%I\x9b\x8cu\xd36\x9cX>g\xa6\xf9F\xfc\
\xe93\x86\xbc\x07\x86\x13\xcb3!\x90O$h\x00N\
\x9f:5#\x09\xda2\x0d\x0d\xf3\xf9\xd5\xff\xfe\x8c\x8d\
\x9b6\xf1\xc4?\xfe\xc5K[\xb7\xc6\xdd\xb1w8\x1c\
\x5cu\xc9E\xbc\xe7\x9d\xef\xa6\xa1a~\xccq\xe9f\
``\x80\x9f\xff\xfa7\x09\x9d\xf3\xc4\xbf\xff\xcd;\xde\
\xfe\xb6\x8c\x84[\xc9Lw\xb9\xb8\xfb\x0b\xb7s\xe3\xf5\
\x1fg\xf7\xde\xbd\xec\xdb\xbf\x9f\x03\x07\x0fq\xf4\xc4\x09\
\xcd\x86\x8dy\xce\x5c\xea\xebj\x91\xaa*\xa9\x91\xaa\x99\
<i2\xf5u\xb5L\x994\x99i\xd3\xa6\x8a\xbf\xc9\
\x09\xb2n\xcd\x9a\x84\x85\xc7~c\x0d\xf2\xd2\xc2\xca\xe5\
\xcb\xf9\xdd/\xfe\x8f\xc7\xff\xf8'\x1e\xfd\xd3\x9fu=\
\xaf\x8b\x16\xcc\xe7MW\x5c\xc1\x86\xf5\xeb2&\xcae\
\x0c\x86J&T\xb2]6\xfd\xb5\xbc\x1d\xfe\xd0W\x1f\
 ^\xf9\xa1\xa0(~k\x04\xa7\x8d\xf6y\xb9Bd\
T:D\xd8\x94=Y\xbbl\x82\x84Z\xb5\x8eR\xbe\
\xa3\x1f\xe7\x90*\x89\xfc\xa7D:\x91\x8f\x12\xc9+\xc8\
A\xb8\xee?O(\xec h\xb3!UK4,\x5c\
Bn^A\xca\xd31\xdaHPy<\x99\x95N,\
\x97Cct\xb2\xc9 \xcaa\xc1 gO\x9dd\xc7\
\xb6\xcdJ\xd1\xd1\x8ch\x0c\xb8\x17uC\xc6\xb7\x01\x9f\
\x91\x07\xe5\xe48Y\xb3~\x03U\xd5\xd5\x9a\xb7\xab\xae\
\xaa\xe1\xd4\x89\xf0n\xd8{\x81\xbf\x12I0\x8fSR\
7\xb4\xb0\xd9\x93\xea\xa1\x1b\xdeRor\xd7\xe5\xb6\xb6\
6\x86F\x86\xf5\x86\x1d\xf6y=\xa9\x07^\x9b\x87\xb5\
\x8e\xa9\xa1\xeb1\x9a7\xdbXN[*\x18lj'\
\xffA\xd5}\xcd\xdd.WJ\xf31\xc2\x89\x93\x86t\
\xa4\xe1\x1e\x1e\x93\xa7\x98_J\xf7H\x82\x9e\x84\x05s\
u\xf5R\xdaq:\x9d\x5cr\xf1\xc5\x5cr\xf1\xc5\xf4\
\xf5\xf5q\xc2\xeb\xc5\xe7\xf3\xd1\xd5\xd5M\xdf@?6\
\x9b\x8d\xd2\xe2\x12&\xd5Ob\xe6\xac\x19\x19\xdbmV\
\xf2\xaf\x7f\xff\x87\xd6\x8e\x8e\x84\xce\xd9\xb3\xff\x00G\x8e\
\x1ce\xce\x1c\xf3\x7f\x9f\xa2\xa9\xa8\xa8\xe0\xc2\xf5\xeb\xb9\
p}\xa4\x92\x93\xdf\xefgd$\xf2\x91d\x96\xc0\x5c\
\xd4\xb0@\x7fP\x14\xcf\xbd\xb4\x99\xa1\xa1!\xd37<\
djjj\xf8\xf4\x0d\x9f\xe4c\x1f\xbe\x8e\xa3G\x8f\
s\xe6\xec\x19\xbaz\xba\x19\x1d\x1d\xa5 /\x9f\x92\x92\
bj\xa4Z\xa6M\x9bByyyF\xe6\xa4Ec\
SB\x0dK\x0d\xa1\xe5sP\x0a\x10?\xa2\xd4\xab\x90\
\xf5\x1d~(K\xa0\xa3\xb8+W|\xb5\xc9\x97<\x87\
i\x1c\xa5\xf2\x95~\x1c~\xd5\xf3\xfc\x01\xa2'\xc40\
\x91\xc6tr\xe5\xaa\xa5\x88\xf0\x9f\xf0'\xd84\x97\x9b\
\xb9s\x17h\xeeN$\x22\x08\xd2\xea\xa9\xd0%\xcaT\
\x0fO4\xb5x\xa1D\xcf\xde\xf5\xca6NxT\x15\
j\x9a\x10aT\x87\x88\x84\xb59\x807\xa1\x10\x1d\xc5\
%e\xacX}>UU\xca\xb0\x0e\xf5\xdd\x0b\x8a\x0a\
\xb1\xd9l\xb2\xa0Y\x84\xf0R\xc9U\xad\xc2\x1e\x8f\xb1\
\x09\xe6Y\x87~\xa7h\xd3\xc3[\x0c\xed2\x1bNR\
\x1b'\xacuL\x0d]+(\x13\xe1!'\xbc\x86\x8c\
xy\x0du\xe7\x5c?\xc9\xfc\x84\xe8\xfd\x07\x0c\xbd\xa4\
\xf2\xd6\xad\xee\x9ckM\xee\x0e>::\xca\xc1\xc3\x89\
\xf5\xafte(4(\x16EEE4,H\xdcp\
5\x93\xf6\x8e\x0e~\xf8?\xff\x93\xd4\xb9\x7f}\xf2I\
>\xff\xb9[\xd2<\xa3\xe4p8\x1c8\x1c\x09\xd8\x90\
I2gN\xe2\xe2upp\x90\x03\x07\x0f\xb2t\x89\
\xf9\xc9\xdaJ\xf2\xf3\xf3Y\xb8p\x01\x0b\x17f\xd7{\
N\xc6`\xd9\xe9\x84\xfe\xd6(m\xd9h\x8f\x87,<\
\x22\xcd\x0f:\xc7\xa9\xa3C\x10\xc6\xbb\x9bDL\xfcA\
88H\xf5\xf6>\xa5\xe8hC\x84\xf1<\x82(\x97\
+{:\xe4$\xf25\x08QR\x02\x22\xa1\xd95c\
6s\xe65(DG,\xfb5r\x5c\x8e$\x8b\xdf\
H\xd0\xa4\xe3i0\xaf\xc7^\x22\xf1\x8b\x06\x02~^\
\xdb\xb15Zt\x9c`\xac\xe8\xc8\x01>\x84\xa8^\x05\
@\xb5T\xc3\xc5\x97]\x19%:\xc6RXTB\x8e\
\xba\xf1O\x19\xea\x92\xbaq\xca\xea&I\xfa\xe5K\x1d\
\x0a\x91\xab\xc5\xcci\xd3L\x0fqH0\xbc%\xeb\x90\
\x5cnk\x1dSGw'~j&v\xe2\x8d\x95\xd2\
5\xdc\xb5\xbc\xbe\xaeNoHJ\xf4\x0f\x0cp\xaaQ\
\xd7K\xd3\xe9\xf3zZC\xff\xd7\x9ds\xad\xc9I\xdc\
---\x09'\x1aO\xcd@C\xc3\x89\xc6o\x1f\xfd\
]\xc2\xf9\x002\xbf\xff\xcb_\x8dz\xf7\xce\x19\xea\xeb\
\xea\x98R\x97\xf8F\xc0\xf6W^1a6\x13\x1b\xaf\
1/kB\xbb\x0b\xd1\x9b\xe8Z\xe1V\xbb\xe5\x1f\x16\
u\x8cg\xf1\x1e\xb3B\xadR\x104\x81P>\xc7\xa1\
!e:\xc9\x19\xe0\x8b\xc0KD<\x1d\x10\xc9\xe7\xb8\
\x1cx\x08\xd1\x95\x1c\xbb\xdd\xce\x8aU\x170{v\xec\
\xbf\xc5f\xf4\xe00\xfa\xac\xd3\xdaH0\xa5\xe7\x11\x1c\
\xf3\xdd\xe0\xc0\x00/\xbd\xf0\x5c\xb4\xe8\xf8\x0b\x22\x89_\
n\x0c(\x8b\x8e\xbb\x80k\xe5A\xe5\x95U\xac\xdfp\
\x09\xce\x5c\x8d\xbe(Q\xf3,((\x88N\x1a-F\
\x88\x0e\x9d^\x1eY\x85~x\xcb\x5c\xf3\xdd\xf1\xa7M\
\xd8=\xc90\xd6:\xa6\x8e~\x8e\x8c\xc9\x15\xad\x86G\
F8pD79\x7f\xc0\xe7\xf5\xc8\x7fuu\xb7P\
kM\x8e\xbdnI\xc0\xcb%\xb9\xdce@\xdc\x1d\x95\
Z\xa9\x9a\xe2\xe2\xb8\xa96)\xd3\xecK\xa2\x94\xae\xc9\
a\x8a\x13\x8d\xa3\xc7\x8e\xf1\xeb\xdf=\x96\xf4\xf9\xfe`\
\x90\xdf>\x96\xfc\xf9\x13\x11\x9b\xcd\xc6\xfa\x0b\xceO\xf8\
\xbc\xbf\xfd\xfd\x1f\x8c\x8e\x1a\xce\x91~]\xb0\xff\x90!\
M\x91\xb4\xc7\x03\xc6\x86Y\x05\x10\x864\x00\x85\x03\xe3\
\xe9u\xc8@#\xc1D\x0c\xe3\xd1 l\x1dDj\x1c\
\x93D\xfeED\xd5\xa3a\xd4\x86o.\xf0\x09D\xe9\
\xd6\x5c\x00\xa73\x97\x95\xe7]@yEe\xf8\x02\xe3\
\xb5\xc2\xa9\x8a\x1b\xd5\xe9\xbaOB\xe3f\x09\xde\xbf\xbf\
\xb7\x97\x8d/<M[\xab\xea\x0f\xdb\x9f\x81\x1f\xa1\xae\
\x1a\xe6\x04\xee\x06.\x91\x07\xd5O\x9a\xca\xdau\x17\x83\
A\x97onnn\xb4\xc7c\x15\xe25\xb536\xc1\
|,\xd9\x11|\xa5\x1f\xde2\xd5\xfc\x10\x07\xaf\xb1\xf0\
\x96\xc4b32\x8b\xb5\x8e\xa9\xa3+\xde\xcc\x16\x1e\xbe\
\x04\xca\xd2J.w>\x107\x81\xa3\xb8\xb0\xd0\xf4~\
\x18M\x89\x95\xd2\xd5]\xe3\x86y\xba\x8e\xa7\x949k\
,\x19^Em\x8d%<dFFFx\xf0\xdb\xdf\
M\xb9<\xedc\x7f\xfa\x0b\x07\x8c\x85\xe9\x9d3,^\
\xb40\xe1s\xce\xb6\xf8\xd8\xf9\xdak\xe9\x9f\xcc\x04e\
pp\x90\x13\xa7t\x9b\x07\xf6\xf8\xbc\x1eC\xbb\x222\
Zn\x84h\xf1\xe1G$\xe7\x0aZ,5H\x87\x9f\
\x9c\x8d}\xd1\xe5r\xf7\x01\x0f\x22\xd6*\xba\x5cn>\
\xf0I\xe0:ypaa\x11\xcbV\x9cGiYy\
\xf8\x02z\xc6\x7f2\xa2$\xfa\x1c#\x02#\xdd\xe2'\
e\xbb;\xea\x02\x83\xfd\x03\xbc\xf4\xe2\xb3\xf4\xf5\xaa\x5c\
\xcf?D-:\xe4\x1e\x1d?CT\xb0\x02`\xce\xbc\
\x06\xce_\xb7\x81\xdc\xfc\xd8\x09dZ\xf3\x9d9[\xf5\
w\xfc\xed\x8c\xf5x\xd8\x01\xa4_7kd\xceg\x05\
\xbaV\xc6\xb4\x0c\x84\xb7\x1cN,\xbc%\x1b\xb1\xd61\
\x05$\x97\xdb\x89\x8e\xf7 \xcf\x99\x9bT%\x9bDH\
\xd0\x88\xd7\x15\x9bK\x1a\xb4s\xf3\xd2I\xa3\xb1\xb2\xb4\
\x86\x13\xcbgf\xa2\xd7\xccYC\x9e\xb90\xb99N\
$\xc9\xdc\xd7~\x22\xf1\xc8c\x8f\x19\xeaRn\x84o\
\xff\xe0\x07\x0c\x8fdc\xad\x09s\x98;;\xb9\x22\x05\
\xbf\xcfp\x13\xc4l\xa6\xc5\x98\xc72\xe1\x0d.\xad\x1c\
\x0f\xad<\x8f\x97\xc2\xa3N'!<\x12\xf5<\x8c\x00\
m~\xf0\x8e\xc2\xb1\x91LfJ\xeb\xd3:J\xf5\xa6\
^*\xbaUag?A\x84\xf7\xecCm\xf8:\x11\
]\xb1\xff\x07\x91_\x00@M\xed$\xce\xbb`\x9dJ\
thc<\xcf#\x1a\xf5\xf1D\xf39\x92\x9fOj\
\xd7\xd7?\xbb\xb9\xa9\x91\x17\x9e\xfd7\xfd\xfd\xaan\xf0\
\xf7!\xbc\x1d\xca\x5c\x9a\xa5\x08O\xc7ty\xd0\x9cy\
\x0d,X\x14\x958\x16s\x8a\xea\x1f\xcc\x9c\xa3\x12\x1e\
\x8b\x88\xe4x(\xc5G\x16\xbdQ\xc7\xa0\xfb)\x5cg\
r\x8c\xfa\xd0\xd0\x90\x91Z\xf9}>\xaf'1k%\
\xb3X\xeb\x98\x1a\xd3\xf5\x06,\x98;\xc7\xfc\xa6v\xc6\
b\xde\xe5-b]\xef\xc1\x0cw\xdc\x06\xe1i\xe1\xe4\
\xa9\xd3F\x86\xc9\x89\xe5\xba\xef\xd3)\x19\xc8\xa58\x9e\
`I\xd3\xf9sgg$\xf9x\x22\xf0\xda\xae]\xfc\
\xe0\xbf\x7fft\xb8\xae\x0b\xf4\xd5\xbd{y\xec\xb1\xc7\
S\x9b\xd4\x04b\xea\xd4)T'\xe1\x85|v\xe3\xa6\
\xd7\x9dw(\x16\x8dM\x86\x1c\x19\x09\xd7!6\xea\xf1\
\xd8\x1e>a `\xce&\xee\x08\xd0\x1b\x04\xef(\xf9\
/\xf5S\xbdu\x00i\xef \xce3\xa3\x22\x81;\x1b\
6\x8e\x1bG\xa8\xdc\xda\xaf4\xea\x07\x10\xe5Z\x7f\x8d\
v\x12y\x15\xf0\x00\xa2A  DG\xc3\x92e\xd8\
\x1d\x1a\xb9\x05)\x10?\xc1<\xde9Z\xc4\xbe\x8e\xea\
\x9cd^\x13\xdd\x1c\xf5\xd8\x17=u\xc2\xc3\x96M\xcf\
38\xa8j\xa0\xf4%\xe0y\xd4k?\x09!F$\
\x10\x1d\xe0W\xacZC\xc3\xa2%)\xedJ\x16\x16\xaa\
\xfa\xaaLB\xa3\xb2U\xd2\x17\xd7\x22\xbd\xefy\xfd\x0a\
7f\xc7\xa8\x9b\xb4{\x92a\xacuL\x0d\xdd\x9d\xf8\
\xb9\xb3\x93\xeb<\x9c\x08\xa7\x8d\x09\x0f\xc3\x89\xe5\x99\xe8\
\x87\xe11f\xc4\x1b\x9e\xf3$\x93{\xcd\x00\x1c8\x98\
\x98M2;\x03\x0d\x0d'\x02\xcd\xcd\xcd\xdc\xf1\xe5{\
\x8d\x0e?\x89\xd8d\xd3\xe5{\xff\xfd?\xbc\xbakW\
\xb2\xd3\x9aP\xd8\xedv6\x5c\xb0&\xa9s\xff\xdf\xaf\
\x7f\x15\xdd\x0b\xecuISb^V\xc3\xc4\xca\xf1\x88\
\x16\x1f\x9d\xf2\x80\xfc\x91 \x8c\xa4\xe9\x05\x09\xda\xa0?\
\x08\xfb\x86\xc8\xdb\xdcO\xd5\xc6>\xa4\xbd\x83\x94\xf4\x05\
\xc2\xc6\xbd\xd3\x1f\x14\xc2\xc3T\x14\xe6\xb4\xd6\xad\xe4\xca\
U;\xfa\xa3+W}\x1a\xf8\x1b\xda\xa2c9\xf0K\
\xa0\x1eD\xb2\xd3\xa4)\xd3X\xb4d9\xf61\xf6\xa9\
\xfa\xa6Z\x82\xc0\x8c\x04s\xa3\x8c\xe7\xbdeNz<\
\xec\xdc\xb1Ey\xa8\x05\xb8\x03\xd8D$\x81\xdf\x01\x5c\
\x06\xfc7\xa2\xf2\x1499NV\xadY\xcb\xd4\xe9\xf2\
\x8e\xa4\xd6\x931\x96sRY\xa5\x0a\x01X\x81a\x8f\
\xc7\xb8/`\x0e:\x06_n\x8e\xd3\xf4\xf0\x96\xe6\xc4\
\xc2[\xb2\x0e\xc9\xe5\xb6\xd61ut\x85[&\xaa\x1a\
\x1d\xf3\x9c02\xcc\xb0\xf7`\xf2\xa4I\xa9L\xc7\x10\
\xbb\xf7\xef\xd3\x1f\x94@\xf3\xc0Z\x93\xf3h\xfa\xfa\xfa\
8\xd3l\xe8\xbd\x1af\xda4\xdd\x06\xf1\xe7<\xbd\xbd\
\xbd\xdcy\xcf\xbd\xf8\xda\xdb\xf5\x07\x0bn\xf0y=\xbf\
\x01\xb6\xe8\x8e\x04\xee\xfc\xf2\xbd\xaf\x9b*WK\x17/\
N\xea\xbcg7nb\xcb\xb6mi\x9e\xcd\xc4\xe3\xe4\
iC^\xd6\x84\xddC\xb1<\x1e\x81\xa8G\xa7\xfc\xc3\
\xfc\xe1\x14\x85G\xd0\x06=\x0180\x8c\xed\xe5~*\
6\xf5#\x9d\x18\xa1\xb47\x80]\xc3\xe2.\x18\x0c\x80\
O\xb6+3\x90`\x1e\x8d?(*W\x1dVU\xae\
:\x85\xd8a\xd8\xc3\xd8\xcaUy\xc0;\x80\x87\x81\xf0\
\xd6\xe7\xe2\xa5+\x99\xbf`QjsI\x13\xc6\xc2\xb3\
\x12'\xde\xe9\x86<\x1bZ\x87\x82A\x0e\xec\xdb\xc3\xae\
W\xb7+\x0f\x1f\x06\xaeG|\xd0\xca\xb1\x7f\x0eD\x02\
\xf9\xdd(\xba\x22\x9f\xbf\xeeBj\xe3\x94\xd5K\xe4)\
Ku*\xe3b\x09j\x8fG\x1c\xf1a\x1bo\xed\x11\
71\x16Dx\x8b\xd9!\x0e\x8dg\xd3\xdf\x88(\xc3\
X\xeb\x98:\xba\x06\xf1\xa4\x0c\xf4\xc3\xd8gl'^\
\xfe\x83\xaa\xdf\xb7\xc5\xe4\xb2\xb4\x9d\x9d\x9dF\xca\xa9\x9e\
\xf6y=\xfd\x92\xcbm\x07\xe2Z\x5c\x0e\x9b\x0d);\
z\xcd\xa8\x98\x5c\xff\xfa.\xa5;88\xc8}\x0f|\
\x9d]\xfb\xf6\x1b=\xe5\x01\x9f\xd7\xf3\x8f\xd0\xff?m\
\xe4\x04_{;\xb7\xdf\xfdE\xba\xba\xba\x92\x9a\xe3D\
bn\x0a\xcd(\x1f\xfc\xf6\xf7\xe8\xe9\xe9I\xe3l&\
\x1e\xc7\x8dm\xd0\xa4\x94\xe3\xa1$\xba\xa4n'\xa27\
\x02\x8e\xd1\xa0\x08\x8bJ\x84 \xa2\x07\xc8\xd1\x11\xd8>\
@\xe5\xe6\x01\xa4\xe3\xc3Tw\xf8\xc9\xd1\x161G\xe4\
\xfb\xd9\x03`;9Ny\x1e\xfd\x01\xd8\xd6\x8f\xd44\
\xa6r\xd5\x97\x10\x95\xab\xa2\x93\xc8\xf3\x10\x9d\xado\x97\
\x07;\x1c\x0e\x96.?\x8fj\x83\x8d\x9a\xd2\x99`\xae\
\xee\xf3\x91\x18)'\x98\x87/\xa0oq\xc7\x1a\xe1\x1f\
\xf5\xb3\xed\xe5\x978|p\x1f\x81@\xf8\x82\x87\x81\x1b\
\x81\x0e\xd4\xdd\xc8\xdf\x8cx]\x00()-c\xc3E\
\x97Q\xad\xf8\xe3j0\x9d#\xe6\xd82uN\xceb\
&\x8e\xc7C7\xbce\xce\xcc\x99\xa6O\xc2`#\xa2\
l5\x98\xc1Z\xc7t\xa0_\xd1\xca\xe4\x1c\x99\xde\xde\
^\x9a}\xadz\xc3|>\xafG\xb6\xcc\xf4\xfba\x98\
\x1d^\xd7b(\xbcN\x0ey\xd0\x8d\xfb\x9a3k&\
\xb9\xce\xf4\x86\xfbF\xd3ll\xce*\xea\xeb\xcd\xf5\xc2\
\x0c\x0d\x0dem\x08\xcd\xe0\xe0 \xf7\xdd\xff5\x9e\xdd\
\xb8\xc9\xe8)\xcf\xfa\xbc\x9ep\x88\x95\xcf\xeby\x05Q\
6^\x97\x83G\x8fq\xeb\x1dw\x9d\xd3\xe2\xc3\xef\xf7\
\xb3\xcf\xb8\x80\x1b\xc3\xa9\xc6\xb3\xfc\xe8\xe1\x9f\xa6qF\
\x13\x8f=\x07\x0cm\xd0\xa4,<\xb4B\xadd\xf1\x11\
)\xa3\x92HY\xdd\xfe\x00\xec\x1c\xa4r\x8b\xe8w!\
\xf9F\x85xQs\x0a\xb8\x0dx#\xf0\x86\xd0\xff\xff\
[\xfeae\x97\x1f\x06\xe5\xdc\x92\x0c\x15\x9cm\xf3S\
\xf1B/\x92O\x95L\xbf\x0f\xf8\x06\xb1+W]\x03\
|V\x1e\x5cVZ\xce\xca\xf3\xd7RU\x9d\xca\xceR\
\xa2\x09\xe6\xe9J\x007x<\x18\xe3x\x8a\xf8GF\
ye\xdb\xcb45\xaa\x5c}\x87\x81\xef2v\xed\xaf\
A4l\x04\xa0\xb8\xa4\x94\x0d\x17]N\xa5\xd6\xba'\
4M\xf5\xe0\xfc\xbc|\x9c\xce\x5c\xf9[7\x22\x9ck\
\x8c\xc7cle\xabqGw\xdbg\xea4\xf3c\xd4\
\x8f\x9f8adX6g\xf5Y\xeb\x98:\xba\xa1V\
5&w\xd3n6\x16\xfe#\xf7\xc3\xa8\x06\xe2f\xa8\
N\xad\x9fDaaa\x1af\x16\x9b\xb3\x8dMF\x86\
\x19\x0e\x0d\x9b3\xcb|\x81|\xd6\x98@VQc\xb2\
\x17\xe6\x84\xd7\xcb?\xff\xfdoS\xef\x91\x0c\xbd\xbd\xbd\
|\xf9\xab\xf7\xf3\x9f\x17^4z\xca pC\xf4A\
\x9f\xd7\xf3u\xe0i#\x17xu\xef^n\xbc\xf9\x16\
\x9a\x93\xf0Le;\xfb\xf6\x1d\xe03\xb7|\x8e\xaf|\
\xf3[)]\xe7\x0fO<\xc9\xdf\x9e|2M\xb3J\
\x1f\xbb\xf7\xec\xa1\xaf\xafO\x7f`\x0atuu\xd1\xd1\
\xd5\xa97\xec\xac\xcf\xebI\xb8\xb3\xa5\x11\x8f\x87,<\
\x22\xd2\xa7+\x81F\x82v\xa8h\x1fU\xe6F\xc8x\
\x81[\x81\xb7\x02\xff\x05\xbc\x80\x88\xdb\xef\x04\xba\x11\x8d\
\x0b\x8f\x83\xf0z\xd0\x1b\x8c\x5c\xd0lZF\xa9\xde\xdc\
\x1b\xed\x8d\xf9\x11\xf01\xd4\x95\xab\xe4>\x11\x8b\x81\x9f\
\xa3\xf8 (\xaf\xacb\xc9\xca\xf3),\xd2nrl\
\x0b&.\xa12Qn\xd7\xacs\x12\xa1\xb3\xb3\x9d\xe7\
\x9e\xfeg\xb4\xe8\xf8\x05b}\xf7\x11Y\xfb9\x88\xd7\
\xe5#\xf2\xa0\xf2\xca*\xd6^x)9Z\x8d\x01S\
$'7\x87\xbc<UG\xeaJ&F\x82yV\xc4\
\xa8\xef?d\xc8\x16\xce\xd6\x9dz\xb0\xd61%$\x97\
\xbb\x18\x88\x1bKSQVNyy\x99\xa9\xf3h\xf6\
\x19\x12\x1e\x86\x93\xb4\xe7\xcfK>\x9c\xc3(g\x1a\x13\
\xf2r\xe9\xce\xd9=M7j0eN\x9d1\x14\x1f\
\x1e\xa6\xac\xa4\xd8\xf4^(\x8d\x8d\xcd|\xe3;\xdf\xe3\
\x94\xb1\xd8\xf5\x8c\xd0\xd4\xd4\xcc\xa7o\xbd\x8dg^\xdc\
\x98\xc8i7\xf8\xbc\x9eX\xbf\xe37\x00\xfdF.r\
\xf0\xe81\xae\xfb\xe4\x0d\xecNS\xc9\xde\xf1\xe6\xc0\x81\
C|\xf1\xde\xfb\xf8\xd0'?\xc9\xd6W_K\xcb5\
\xef\x7f\xe8[l\xdd\xbe]\x7f`\x86\xd8\xfe\xca+|\
\xe1\xcb\xf7PTT\xa4?8\x05\x0c\x161I\xaad\
{\xbc\xaaV\xf2Cn$\x18y\x93w'`z\xe6\
\xdb\xe9,V\xdd\xe6\xb7\x08C\xf1FD\xb5\xac\xd3@\
\x8f\xe2\xd1\x1bz\xf4\xa1*\xe3\x9bB\xfdiCaZ\
!\x8f\x8ag\x98\xca\xed\xaa\xcaU\x9d\xc0g\x80\xdf\xa0\
\x9dD\x9e\x0f|\x01E\x18FUU5K\x96\xac$\
'\xa1Xo\xfd\x04\xf3L`V\xfe\x87\x8a8\xd7\xea\
\xee\xead\xcbK/F\x97\xcb\xfd\x05\xf0+\x84\xe0\x0b\
\x12)U|+\x8a\x8aau\xf5\x93Y}\xc1z\xf2\
\xf3\x15\xe2@\xf3^\xc9%\x98\xe7\xe6\xe6QPX\xa0\
<T\xcf\xc4(\xa7\xabk\x88\xd4\xd7f]xK6\
b\xadcj\xe8Z\xe8\x8b\xe6\x9b\xdf\xd4\xee\xcciC\
F\xbca\xef\x81\xdbe\xbe\x11\x7f\xfa\x94\xa19\xcbF\
\x80\x81<\x9a\x0c$\xf0\xeb\x97|V\xb1xA\x83I\
3\x89p\xa6\xf1\x0c}\x03\x03\xdcu\xcf\xbdY\x11f\
\xb4m\xc7\x0e\xae\xbd\xfe\x13\xec\xd9\x7f \x91\xd3~\xe0\
\xf3z~\x11\xeb\x87>\xaf\xe7(\x1a\xde\x90X\xb4\xb4\
\xb6\xf1\xb1O}\x86\xdf>\xf2\xe8\x84\xec\xda\xed\xf7\xfb\
y\xe5\xd5W\xb9\xe5\xf3_\xe0\x83\xd7_\xcf?\x9fy\
6\x91\xd3\x07u\xaf\x1f\x0cr\xf3\xedwfE\xb2\xf9\
?\xfe\xf5/>u\xeb\xe7\x997S\xd7q\x9c2\x8d\
\x8d\x86<aIy\xd6\xe3\xb9\x0f\xa2C\xad\xc2\xc1r\
\x95\x9d\x09x<\x80\xe04\xd5\xee\xf3\xd5\x08c~@\
\xf1\xe8\x0f=\x94\xc7\x06\x81\xff\xc8'\x15v\xfaCi\
\xc4&\x99\xe4\x01\x1b\xec\x1c@\xda;\xa0\xf4\xce\xb4 \
Bx\xb6\x11\x11\x1d\x10\x11\x1dK\x10\x95\xab\x84Ab\
\xb7\xe3\x9a1\x9bE\xcbV\xe1\xc8\xc9\x89q#}\x0b\
\xde\x8c*R\x99j$\x98J\x82ygg\x07\x9b\x9e\
\x7f\x96\xe1\xc1\xf0g\xc1\x08p/b\x8d\x95\xa2c>\
\xa2w\xca|\x10\x15\xc3f\xcd\x99?Ft\x18]F\
y\x9c\x22\x8fD\x13\x9b\xcd\x16]R\xb7>4\x1f\x03\
^\x8fq-\x09\xad\x9f\x1ckr\x8cz\x22\xe1-Y\
\x8c\xb5\x8e\xa9\xa1\xbb~32\xd0\xd4\xce`\xa5\x16\xc3\
\xd5\xa1\xa6L6\xdf\xcbe\xb0a\xa4a\xb1TWg\
\xee\xfb4\x18\x0c\xb2;1c\x1a\xf7\xf4\xcc\x09\xb8\xfd\
\x87\x8f\xf0\xa5\xfb\xbeB\xf78%\x0f\xf7\xf6\xf6\xf2\x83\
\x1f\xff\x84\x1bn\xb9\x95\xd6\x8e\x8eDN}\xd4\xe7\xf5\
|Vo\x90\xcf\xeb\xf9\x15\xf0\x03\xa3\x17\xf5\x07\x83|\
\xe7\xe1\x9f\xf2\x89O\xdf\xc4\xde}\x86\xaa\xa7\x8d;\x8d\
MM<\xfa\xf8\xe3\xbc\xfb\x83\x1f\xe2\xfa\x9bn\xe6\xc5\
-\x86\x8azE\xf3\x13#\x83\x86GG\xb8\xe9\xb6\xdb\
y\xf2\x1f\xff\xd0\x1fl\x02CCC\xfc\xf0'?\xe1\
K_\xfb:~\xbf\x1f\xb7\xdb\xfc\xdf\x95\xb3\xc6\x9a\x7f\
&\xf5\xb7&\x9eu\x1c\x9d\xeb\x11\xde\x1e\xd0\xc8\xd1\x88\
\xcfd'}G\x86)\xea\x0f\x80\x88\x97\xad\x00|\x08\
cR~\x8c\x121\xd8rB\xdf\x87\x1b6\xe4\xfa\x83\
\xf4\x8f\x06\xc1i\xc2\xa6\xb2\x1fQ\xb9\xaaY\xe5U9\
\x06|\x13Q\xb9J\x19Z%\x8b\x8e\xcb\x10\xe5\x5c\xc3\
\x15\x94\xe6\xcdo`\xd2$u9@[\x90\xb4\xef\x83\
\xcb\xdd\x09\x8d`\x0b\x8ec\xff\xc5\xf0D\xf5\x17\xe1\xf8\
\x91C\x1c\xd8\xbf\x07\xbf?,j\x83\x88\x0aU\xdb\x88\
T\x0d\xb3#\xde;_AQ1l\xc6\xac\xb9\x91\xc6\
\x80\x9a\xb7\x8a\x1c\x0c\xa2~Mz\xbb{h\xf55\xd3\
\xdc\xdcH0\x10d\xcd\xfa\x0b\xa3\xceR_\xb0R\xaa\
\xc5{\xe2\xb8\xfc\xedb\xe0\x0f\x98\x19j\x95:\x131\
\xbc%\xeb\x98\xa0aB\xd9FV\xf4\xc38v\xfc\xb8\
\xfe\xa0\x04\xc2\x96\xcc\xee\x87\xe1\xf7\xfb\xd9\x7f\xc8P\xe4\
\x9c\xdc\xe8C?\x81\xdf\xe4R\xba\xed\x1d\x1d\xf4\x0d\x0c\
\xe8\x0fT0m\xaa\xf9\xaf\xbdR\xc0\xbd\xb4}\x077\
\x7f\xfev\x1e\xb8\xf7^\xea\xea\xcc]\x0f\x19\xbf\xdf\xcf\
\x0b\x1b7\xf2\xbd\x1f\xfd8\xe1R\xc3\x88\x8d\xd8k\x8d\
\x0e\xf6y=\x9f\x95\x5c\xee\xb2D\xceym\xdf>\xae\
\xfd\xe4\x8d\xbc\xf9\x8a\xcb\xb9\xe6\x03\xefgf\x96\xf5U\
ini\xe1\x95\x9d;y\xee\xc5\x8d\x89$\xe1\xc7b\
\x8b\xcf\xeb\xb9Ur\xb9K\x10\x0d\xa0\xe3\xe2\x0f\x06\xb9\
\xe7\xeb\x0f\xb2g\xef>>\xf5\xc9OPZZ\x9a\xea\
\xfd\x0dq\xe0\xe0A\x1e\xf8\xe6\xb7\xd8\x7f8\xf2\xb1\x9e\
\x89\x92\xe3\x06\x8b\x98$\xf5\xb7FKx\x04\x15_\xa3\
\xcb\xeaz\x91KJ\xf6\x05\xa0\xc8x\xbeE\x7f\xb9C\
\x16\x1e \xc2\x92\x0e\xa1\x16726\xc5#\xfc\xc9\xe5\
\x18\x01\xba\x83\x90o\x03[\x22\xa6\xb7\xde\xc4\x82\xb0k\
\x10\xa9U\xe5b\xfc\x15\x22\xb9]\xf6r(\x13\x99s\
\x81\xb7\x00w\x86'l\xb33\x7f\xe1b\xea\xea\x12\xdb\
\xf9\xb2\x05\x85\xa3E\xff\x99\xc42\xdc#\xc7e\x81!\
VF\x7f|Z\x8f\x87\xbfMNe\x1d=r\x90\x03\
{TM\x8dF\x10\x05\x06v\xa1\xf625 \xc4H\
\x0d\x88u\x9f1s6\x0d\x8b\x97\x1a\x9c\xb7\xd8\x89\xeb\
lo\xa3\xa9\xb9\x89\xf6V\x1f\x1d\xedm\x8c\x8c\x0c\x1b\
\x9ekTe+7\xea\xcaVa\x01\x22\xfd\xba\xd9\xe6\
\xbb\xa66\x1b\xca\xa7\xe8\xfad\x17\xcd3?\xbc\xe5\xb4\
\xb1\x0f\xb1l\xdd\xa9\x07k\x1d\xd3\x81\xee\x1a\xd6\x99l\
\xc4\x07\x02\x01\xf6\x1e4\xb4<\xb2\x85\xaa\xdf\x0f\xc3d\
/Wkk+\xc3\xa3\xba\xa1\xc6\x07}^\xcf\xa8\xe4\
r\xe7!>\x97bRTP@eee\xda\xe6\xa7\
E2\x09\xcb\xf5\x19\x10p\x07\x0e\xab\xed\xa4]\xfb\xf6\
\xf3\xc1\x8f]\xcf\x97\xbfp\x1b\x1b\xd6\xaf7\xed\xde\xa3\
\xa3\xa3l~\xf9e~\xf1\xdbG\x12)\x95\xab\xe4\x19\
\xe0\x9d>\xaf'\xa1\x98s\x9f\xd7s\x9d\xe4r\xe7\x03\
\xefI\xe4\xbc'\xfe\xf3\x14O\xfc\xe7).\xdd\xb0\x9e\
\xb7\xbd\xf9\xcd\xac\x5c\xbe\x8c\xdc\xdc\x5c\xfd\x13\xd3\xcc\xf0\
\xf00\xc7\x8ey\xd8\xbbo/O?\xff<;v\xed\
N\xe7\xe5\xe5p\xb4\xdb\x81+\x81iFN\xfa\xc3\x13\
O\xf2\xf2\xb6m|\xf6\xc6Oq\xd1\x85\xebM+\x9f\
\xde\xe2\xf3\xf1\xd8\xef\x7f\xcf/\x1e}l\xcc\xcf\xea\xea\
\xcd\x0d\xe9\x058t\xe4\xa8\x91a\x09w-\x07c\x1e\
\x0fe\xb8\xd5\x01d\xe1\xd1\xe9OHxP\xe9\x80\xb3\
\xe1\xdf\x99\xf7\x02O\x22\x0c\xb6\x1cD\xbc\xbe\x8dH\xec\
\xbe\xfc\xf0\x03\x1e\xc0m\x0f\x04\xa1e\x04j\xf2H\x9b\
\xe8h\x0bP\xb9\xad?\xda\x83\xf33\xe0\xffP\xe7s\
(\xcb\xe5^\x87\xe8!\x01@~a\x11\x0b\x16,\xa6\
|LR\x5c\xc4\xf85.\x93\xf4\x0dw3<\x18\xd1\
\xf3\x8bu\x0f\xe5\xf1\x94\xa5_\xe8\xa9\x1e9\xb4\x9fC\
\xfb\xf7*\x7fr\x14Q\xb9j/\xear\xb9\xeb\x11\xb9\
4a\x0f\xd3\xea\x0b\xd6QS[\x8f\xb6o\x22\xc2\xc8\
\xf00>_\x0b\xbe\xa6&:\xbb:\xe8\xe8h\x87\x18\
aUM\x8dg\xa8S\xd6\x92\x8f\xbah\x95\xba9\xdc\
B\xc4\xfbB\x0e\xb7R\x8a\xe6\xd8O:\xb3\xe8\x1a{\
\x99p\xdb\x9e6\x16W\x9fu\x09\xd1\x0a\xacuL\x1d\
]eVo\xf2\xces\x87\xb1\x9dx\x8f\xcf\xeb\x19\x92\
\x5cny\xb3#&\x0e\x87\xc3\xf4~\x18\xcd\xcd\x09u\
\xaa\xd7m\xfb\xbeh\xfe<l6s?\x87\x9a\x9a\x0c\
U\xe1RQg\xb2\x80kkkcHc\x93\xa9\xa3\
\xab\x93[\xee\xfa\x22\x97nX\xcf\xc7\xae\xbb\x969\xb3\
\xd3\x17?\x7f\xea\xf4i6\xbe\xf4\x12\x8f\xfd\xe1\xcf\x9c\
n2\xd4\x7fG\x8b\xa7\x80w$S=\x08\xc0\xe7\xf5\
\xbcWr\xb9\x07I\xc0\xf3!\xf3\xcc\x8b\x1by\xe6\xc5\
\x8d\x94\x95\x14\xf3\x967\xbc\x81\xd5\xe7\xadb\xfe\xdc\xb9\
\x94\x97\x97'3\x95\xb8\x04\x83A\xda\xda\xda9s\xf6\
\x0cG\x8e\x1c\xe5\x95W_\xe5\x85\xcd[4_\xb3\x14\
\xd9\x82H\xce\x7f\x0d\xc0\xe7\xf5tJ.\xf7\x0d\xc0\xdf\
\x8d^\xe0Ls\x0b\xb7\xdfs\x0f\x0b\xe6\xcc\xe6\xba\x0f\
|\x905kVSXP\xa0\x7f\xa2\x01N\x9c8\xc1\
\xbf\x9f~\x9a_>\xf2X\xcc\xe7nv\x11\x93\xd1\xd1\
Q\xa3^\xd6\x13\xc9\x5c?\x96\xf0\x00\xed\xcaV{\x81\
\xab\x00!<&'P9\xa8\xd2\xce\xa8\xd3&W\x8a\
\x9a\x0aH\xa8C\x98\xfc\x08\x03.\x17(\x08=\xf2\x11\
I\xdd_\x02\xb0u\x07B\xae\x91$\xcc\xde\xa0M\x9d\
\xd8\xd0\xe4\xa7zG\x7ft\xae\xc3\xf7\x80\xdf\x11i\x0a\
(\xe7\x14\xe4 \xfe\x00}\x01E2sqI\x19K\
\x96\xaf\xc4\xe9\xccKl.\x06I\xa3_'\xa3\xa8\xcc\
\xeb\x18Obdx\x84\xdd\xbb^\xe1\xec\xe9\x93\xca\xc3\
\x07\x81O16\xb4\xed\x12\xe0\xcb\xf2 \xbb\xdd\xce\x8a\
U\x17 \xd5\xc6\xde!\xeb\xeb\xeb\xa3\xb5\xb9\x89\xe6\xa6\
F:\xbb\xda\x19\x88_z\xae\x91P\x87\xf9C\xfb\xf6\
\x22\xd5\xd4\xc5\xdd\xc5p:s\x95^\x92\x0aDQ\x04\
e\xb8U\x0cl\xe3\xa1=tK\xa5\xfc\xf1oO\xf0\
\xd4\xb3\x09%\xe4%L[\x87\xa1D\xce\x84\xca\xbad\
\x18k\x1dSg#\xb0\x22\xde\x80O\xdc\xf4Yr\xec\
\xe6}\xea\x8d\x8c\x1a\xcaO\x94\xd7O\xdfc\x19\x08\xf0\
\xf6\xf7\xbc7\x95)\xe9\xd2?h\xc8\xf0\x92\xe7\xack\
-\xbc\xbag\x1fo~\xe7\xbbR\x9a\x93\x1e}}\x86\
\x8a*\xa9\xa819\xfcK\xaf\xa1\xa1ld\xaf;o\
\x15W\x5cz)\xcb\x96-M8\x8c\xae\xad\xbd\x9d\xa3\
G\x8e\xb2k\xef^6\xbd\xbc\x85}\xc6*\xd0\xc5\xe3\
\x11\xe0\xbaD=\x1d\xd1\x84<\x1f\xdd\x88B9\x09\xd3\
\xd5\xd3\xcb\xaf\x1f\xff=\xbf~\xfc\xf7\x00\xcc\x9f=\x8b\
\x15K\x972c\xfat\xea'\xd5S]YEii\
)EE\x858\x9dNr\xa2r\x5c\x03\x81\x00\xc3\xc3\
\xc3\x8c\x8c\x8c\xd0\xdd\xd3Cgg'\x1d\x9d\x9d\xb4\xb7\
\xb7\xd3\xdc\xd2\xc2\xe1\xa3\xc7\xd8\xb9k\x0f\x9d\xdd\xa6'\
\xfc\x7f\xc7\xe7\xf5\xdc\xaaq\xfcU\xe0\xaf\x88*\xab\x86\
\xd9\x7f\xf8\x08\xb7\xdfs\x0f\xc5\x85\x85\xbc\xf1\xaa+X\
s\xdey\xcc\x9b3'\xa1\xcd\x88@ \x80\xe7\xc4\x09\
\xf6\xee\xdd\xc73\xcf?\xcfK\xdbw\xc4\x1d_TP\
`zx\xe7\xe93g\x8c\x08\xbem\xc9\xbe/\x8d\xe6\
x\xc8\x95\xad\xc25\xd7\x9c\xed\x81\xc4\xfa\x08\xe6\xdb\xe9\
\xcf\xb3Q\x1a)Q[\x87\xc8\x1b\x91\xc5\x86\xbc\xbb\x9d\
\x0b\x94 v\xc7j\x81\xf7\xcb'\x94\xf7\x06\xe8\x88\x16\
\x10\xc9\xb0k\x88\xeaS\xc3\xca\xcb\xb4#\x0c\xdb\xed\xa8\
;\x91\xcb\x1e\x18\xb9rUXtTUK\xcc_\xb0\
\x88\x9c\x90\xe8\x08\x04\xc1n\xd8\xa0L\xdd\xb3\x91L\x9e\
\x87Q\xcfF\xb2\xf71B\x10\xf0\x8f\x8c\xb0}\xeb&\
\xdaZU;y\x07\xd1\xee\xd1q\x11\x0a\xd1QXX\
\xc4\xb2U\xab\xa9\xac\x8a\xff\x8b\xbd\xf5\xa5\x17\xe8\x89\xff\
!v\x04\xf1\xa1~\x12!r\x7f\x04\xd0\xdd\xddM_\
__\xdc\xf8M\xa9\xb6N)\x98V\x01g\xd0N0\
\x8fz\xa3\x8e\x8b\xc7\xa3\x11\x116\x12\xb3p\x7fo\x7f\
?\xbd\xfd\x89\x1b\x0ai\xe6\xa0\xcf\xeb\xd1-\xd74^\
\xf8\xbc\x9eF\xc9\xe5\xb6\xd6156\x017\xc7\x1b\xd0\
\xd2\xda\x96\x99\x99\xc4g\x13\x80\xcf\xeb\x09H.\xf7K\
\xc0\xdaX\x03\xfd\xc1 g\x93h\x94g\x02\xf2\x9cG\
$\x97{\x0bp~\xac\x81C#\xc3\xd92\xe70S\
\xeb'\xa5m\xc78\x16\x06=Gl\xda\xb6\x9dM\xdb\
D\xf9\xd4\xc9\xb55,]\xbc\x88\x19\xae\xe9\x94\x94\x94\
PP\x90O^^\x01}\xfd\xbd\x0c\x0e\x0d144\
Dkk+\x9e\x13^\xf6\x1e<h\xa4\xbb|\x22|\
\xdf\xe7\xf5\xdc\x9c\xae\x8b\xf9\xbc\x9e\x9b$\x97\xbb\x07\x83\
M\x06\xe3q\xe0\xc8Q\x0e\xe8\x84\xe2\xd4J\xd5\x04\xfc\
\x01|\xed\xed\xa9\xde.\x1d\xbc\x04\xdc\xe6\xf3z\xc6d\
\xa0K.w=\xa2}C\xf5\x98\xb3\x0c\xd2\xdb\xdf\xcf\
c\x7f\xfa\x0b\x8f\xfd\xe9/\x80x\xeeK\x16.d\xea\
\xe4I\x94\x97\x97S\x90\x9fOA~>\x0e\x87\x93\x81\
\xc1~\xfa\xfb\xfa\xf1\xb5\xb5r\xec\xf8\x09v\xef\xddK\
W\x02=9.\xd9\xb0~\x8c\xb0K7'O\x9e\xd4\
\x1f$\xc4ZR\xe8\xcd>:\xd4*\xfc\x0e\xca\x1bI\
Px8l\x0c\x15\xda\xa17\x1c\xe2\xb2\x18a\x149\
\x11\xc6Z=B\x8c|\x90\x18\xc9q9#Ah\x1e\
\x85\xfa$c\xea\xfc\xc0\xab\x83H\x8d\xaa\x99\x9fE\xe4\
\x0d\xecC\x88\x0ey\x82\x8e\xd0\xdcV\x00\x9f\x07f\x80\
\xa8l4\xcd=\x0b\xf7\x0c]\x8fv\x98\xf4$\x98\x1b\
\xcf\xf30:>\xd5\xe3\x01l\x11Q\xa2\x9b\xe7!\x8e\
\xf7\xf6\xf4\xb0{\xe76\xda\xdbU\x06\xc6#\xc0\xff\x12\
\x11\x1d\xb2\x97\xe9\xdd\x88\xb2\xcb\x00\x14\x17\x97\xb2v\xc3\
\xc5\xe4\xe6\xebx\x98\x82PPP\x18-<:\x10;\
\x1a{\x10!\x83CD\xfa\xb0\x84\xbb\x7f\x8d\x8c\x0c1\
<4\x00\x94*f\xad~N55*\xe1\xb1\x14\x11\
6\xa8\x14\x1dv\xc0\x9fEy\x1e\x9b\x88c0g\x09\
)g\x0af\x00k\x1dS#\x9b\xe7\xa6dS\xd4\xff\
c\x0a\x8f,a4\xca\xa0\xdaD\x1c\xe1\x91\x8d,\x98\
\xaf\x9b\x0f\x9f2\xa7\xce\x9cJ\xf8\x9c3\xcd-\x9cy\
\xea\x19\x13f\x13\x97vD(\xd0\xe3\xe9\xbe\xb0\xcf\xeb\
\xb9;$\xa6\x1f\xc6`NC\xb2\x18(\xfb\x9d\x09\xb6\
\x00\xf7\xfb\xbc\x9exaT\x0f\x93\x82\xe8\xd0\xa2\xd9\xd7\
\xca\x7f\x9e{>\x9d\x97\x0c\xb3a\x9d\xf9\x1fGG\x8d\
\x15\xe0\xd8\x99\xec\xf5\xf5\xca\xe9F\x87[\x85\xb7\xf3\x9c\
~D7q\xa3\xd8\x80:\x95\xceY\x09\xbc\x0d\xf81\
\xc2p\xfb\x19\xf0U4DG\xc0\x0e\xfd\x05v\xda\xca\
\x1c\xe2:\x81$\xac\xf8\x91 \xbc2Ft\xecG\xa8\
\xff=\xa8=\x1dr\xe5\xaa\xb5\x887e\xb8\xb4\xc3\x8c\
Ys\xa3D\x87\xb1\x02\xb2\xb1Vj\x227\x12L\x94\
\xb6V\x1f\x9b\x9e\x7f:Zt\xfc\x08\xf1\xda\xcb\xa2O\
\xf62\xdd\x8cBt\x14\x15\x15s\xde\xda\x0d\xe4\xe6\xe5\
\x85\x96U\xb1\x08\x8a\xef\xe5\xa3\xe5\x15\xaa\xe4\xc9S\xc0\
\xa7\x81?\x22~Y:\x10\xe1Q\xdd\x8a\xaf\xe1$\xa9\
\x8e\xb6\xf8\xbb\xae\xd5\xea\xce\xcak\x88$\x98gkO\
\x8f\x89`\xf0YsL\x0fY;G\x9f\xd7\xd3L\xf6\
V\xdc\x92i\xf3y=\xca:\xb0Y\xbb\x9e\x0a\xa2\xe7\
8\x11\xe6\xac\xc2\xed2\xd5\x06\x06\xe0\xe4\xc9\xc4\x85\xc7\
8\xf0$\xb0\xc4\x0c\xd1!\xe3\xf3z\xfe\x81h\x05\xf0\
%\xb3\xee\x91\x05\xfc\x1b\xb8\xd8\xe7\xf5\xac\x89':$\
\x97\xfbv\x12\x0c\xaf\x1aO\xcaJ\x8aY}\xdey\xa6\
\xdfg\xdb\x8eW\x8c\x0cK:\xa47^\xe7r\xf9\xab\
,>\xfc(\x9a\xad\xd8\x02\x18h\xbd\x12\x85\xa4\xf2T\
,\x07\xaeA\xa3\x02G\xc0\x0e\x1d\xa5\x0e|\xd59\xf8\
f\xe4\xd2v^\x01}\xeb\x0b\x09\xac-\x84ZG\xe2\
\xa1V\xed~\x8a^\xec\x8b.\x97\xfbKD'r\xb9\
\x5c\xae\x1c\xea%'\x91_\x8c\x08\xfd\x01D\x12\xe1\xac\
9\x0b\x98\xea\x8a[0$\x0d\xa8\x9f\xdbx5\x12\x8c\
E\xb2Qn\xedm\xadl\xd9\xf4<\xa3\xea\xea,\xdf\
E\x94\xa3\x8dn\x0cx#\x8a\x0f\x83j\xa9\x865\x1b\
.\xa1\xb0\xb0\x10\xa3\xd4\xd6\xd7\xe3p\x84s\x90\xa6\x86\
\xae\xab\xec\x1b\xd3\x17\xf5\xf5Qy\xb0\xe7X\x94\x0b9\
\xea9\x17\x14\x15QP\x10\x9eK=B,\x1b\xec`\
>.\x0e\x90\xbf\x01\x89g{f\x8e3\x88?\xb8\xd9\
\x8e\xb5\x8e\xa9c\xb8\xb1\xd98\x11=\xbfM\x88p\xcc\
le\x18\xed9\x1b\xaaB\x90-L\xc9@CC\x83\
\xbdP\xc6\x8ba\xe0\xe3>\xaf\xe7\xcd>\xaf\xc7\xf4\xb6\
\xea>\xaf\xa7\xd3\xe7\xf5\xdc\x8f\x88\xe8\x98pB5\x06\
\xa7\x11\xa5\xf6g\xfb\xbc\x9e\xab|^\xcf\xf3\xf1\x06K\
.w\x03\xf0`&&\x96.>v\xed\x87(J\xc0\
\x0eJ\x86\xb6\xf6v\xb6\xbf\xb6KwX\xd4\x06MB\
$\xea\xf1\x08\x97\x03\xb1\x07\x820\x90\xa0Y\x9cg\xc7\
\xef\x18k\x8f\x05\xec6!4j\x9dBh\xac)d\
\xf4\x82\x02X\x9d\x0f\xf3s\xa1\xca\x11\xaa{\xa54\xda\
\x0c\xde\xdb\xe7\xa7r[?\x85\xea\xb9\xfe\x0f\xf0S\x84\
tR\xe6\x148\x11\xa2\xe3=\xc07\xe4\xc1Ng\x1e\
+V]\xc0\xe4\xa9\xf1\xab\xd6$\xb6\x1a\xfa\x06\xe8x\
6\x12T\x1eO\xb5\x91`\xe3\xe9\xd3l\xdb\xfc\x12\xc1\
`\xf8h\x0f\xc2\xa3\xf1\x17\x22\x95\xc3\xec\x88\x1c\x9a\x87\
\x81p\xe6\xa3k\xfa\x0c\xce;\x7f=\xf9\xa1\xf0\xaa\xe8\
\xe9\xc6Z\xa2\xca\xaajj\xd4]\xa4g#>\xdc\xe5\
\xc7P\xd4#\xac\xde{{\xbb\xe3>7\xa7\xd3\x89T\
\xa3J\x84\xfc\x02c\xcb\xea\xc6\x16\x1f\x99\xd7\x1e-d\
\xb7\xc1w\x83\xcf\xeb\xc9\x8a\xe0\xfex\xf8\xbc\x1ek\x1d\
S\xc4\xe7\xf5<\x83\x22g+\xcb\xf8\x9e\xcf\xeb\xf9\xbd\
\xf2\x80\xcf\xeb\xe9$\xfb_sUI\xcb\xd0{ \x9b\
\xe7<\x86z\x93\xcb\x83\x0e\x0d\x0dq\xe8\x98\xa1\xf0\x91\
\xf1\xe0W\xc0\x5c\x9f\xd7\xf3\xbf\x99\xbe\xb1\xcf\xeb\xd9\xe9\
\xf3z\xd6#\xa2O\xf6\xe8\x0c\xcfF\x1a\x11M\x00/\
\xf7y=S}^\xcf=\xa1\xce\xedF\xb8\xce\xbci\
\xa5\x9f\x99\xd3\xa6\xf1\xf6\xb7\xbc\xc5\xf4\xfb\xec\xd9c\xe8\
m\x90\x92X\xd5\xcb\x1b\x8e.\xab;\x82\xa8l%\x0c\
\xd3\xee\xc4:\x98\x03\xb4\xd7\x8bp+_\xa5\x03\xdft\
'\xbe9\xb9\xb4\xad)`tm>\xac\xcc\x13B\xa3\
\xdc.L\xb8Ti\x1a\xa5z[\x9f\xb2\x5cn7\xa2\
f\xf3\xcf\x11\xa2Ci\xf4\xca\xa2\xe3.\xe0\x16\xf9\x84\
\xfc\xfc\x02V\xac>\x9f\x82\xa2bt\xc9\xb0A\x99\x88\
 0C\xc4\x18a\xff\xde]\xbc\xb2\xfdeFG\xc3\
\x15\x12\xfa\x10=:v\x12Y\x7f\x07\xa2\x98\xc0\x97P\
\x84\xdaM\x9d6\x9d\x85KV`O\xb2\xcaM\xa5\xba\
\xf4m\x03\x91B\x09r\xb1\x04\xf9\xab\xfc\x08\xd7;\xec\
\x8b\x93$h\xb3\xd9\xa8\xaa\xaeQ\x96\xa4\x5cD$W\
)\x1bC\xad@\x88\xbco\x8d\xf7$4x\xd0\xe7\xf5\
<1\xde\x930\x8a\xcf\xeb\xf9\x0b\xd6:\xa6\x84\xcf\xeb\
\xf9*\xf0\xc3\xf1\x9eG\x14?\xf0y=\xb7h\xfd \
\x14\x9a\xf2@\x86\xe7c\x84\xef\xfa\xbc\x9e\xff\xa7\xf5\x83\
\xd0{a\xc2\xec\xe6f\xa2\x17J\x16\xf2(\xb0\xdc\xe7\
\xf5\x5c\xeb\xf3zN\x8c\xe7D|^\xcf_}^\xcf\
b\xe0\x0a\xe0O\xe39\x17\x03l\x01\xbe\x06\xac\xf6y\
=\x93|^\xcf\xa7|^\xcf\xd3\x89\x5c@r\xb9\xcb\
\x81\x0f\x9b193\xc8\xcdq\xf2\x95/\x7f\x91\x02\x93\
\x0b0\x00l\xdbn(\xcc\xca4\xe1\x11-:d\x83\
\xed\xc7\xf2\x80\xfc\xa6Q\xed3\xe31'\x17\xdfy\x85\
\xb0\xba\x10\x1a\xf2`vHh\x18/\x09\x15\x99]<\
\xd3{\xd7 \xd5\xaf\xa8\xca\xe5\xb6!:\x8d?\x8f\xba\
G\x87,:\x8a\x80{\x807\xcb'\x94\x97U\xb0d\
\xf9*\xf2\xf2R\x7f\xb1\x93\xc9\xe5\x18K,\xf5\x109\
.?\xdf\x80\xc1\xf1i=\x1e\x8c\xfc'\x10\x0c\xb2\x7f\
\xef.<\xc7U!\xdd'\x11\xc2\xee\x00\xea|\x9a\x85\
\xa1\xe3S@4\x06\x9c9k.\x0dK\x96G\xce\x0c\
\xc4\x9b\x87\xf6\xd4\xaa\xaaU\x95\xafV\x12\xe9\xb7\xe1P\
\xfc_\xd9\xf8/\xec:<|h\xbf\xf2Rc\xee]\
RR\x12}G'\x1a\x1e\x0f\xe9\xd7\xcd\xd9$@>\
\x0f\xbc\x9d\xec\x08\x17:\x03\xbc\xc5\xe7\xf5\xdc1\xde\x13\
I\x14\x9f\xd7c\xadc\x8a\xf8\xbc\x9e\x9b\x10\xfd\x9c:\
\xc6y*\xed\xc0{|^\xcfg\xe3\x0d\xf2y=w\
\x03o$;\xc2\xae|\xc0\xbb|^\xcf\xe7\xe2\x0e\x12\
\xef\x89\xb7\x90\xe5aW\x99\xe9\x85\x92p\x97p\xb38\
\x06\xdc\x0b\xcc\xf0y=\xef\xf7y=IW\x062\x03\
\x9f\xd7\xf3\x94\xcf\xeby'\x22\x84\xf8\xa3\xc0\x9f\x11\x1b\
\xb6\xe3\xc9\x16\xc4f\xcf\xdb\x80\xeaP\xde\xc6\x17}^\
\xcf\xb6\x14\xaey!P\xa57\xe8\xd3\x1f\xff\x18\x8b\x16\
\xccO\xe16\xa9\x93\x9b\xe3\xe4\x07\xdfz\x90ys\xcd\
/\xc0\xd0\xd7\xdf\xcf_\xff\xfdo#CS*\xd9\x9e\
HU+\xf9\xb1\x13\xe1-\xc8/\xe9\x0b0\xe8\x0f\x82\
F\xf8TL\xf2\xed\xa28mZ\xb6\xe05t\x93?\
(*W5\xa9r\x09N!v\xd3\xf7\x11\xc9\xe7\x80\
H\xe5\xaa5\x08\xa3l\xaa|\xc2\x94\xa9.f\xceQ\
\xbe\xe1B\xf5\x8d\x820\xb6\xf7R\xbc\xb2U\xc6J\xe7\
\xaa;\x98\xa7^n7\x19\x8c\x96\xce\xd5k$\x18\x08\
\x068\xb8wO\xb4\xe88\x00\xdc\x84x\xef(+\x87\
-Dx\xa1\xa6\x83\xf0&,_y>u\xf5\x93\xe2\
/A\x10u\xb90\xc5\xf7\xf2\xd1\x8a\xcaJ\xf2\xf2\xf2\
\x19\x1a\x1a\x04!j&\x03\xc7\x89\xf4\x8c\x01\xf1\xfa\xe7\
\x86\xbe>\x8d\xe8\x19B\xe3\x99S,[\x19;\x89\xab\
\xb4\xa2\x02\x9b\xcd\xa6\x0c\x1fS\x0a\x8fl\xf4x\xc8\xfc\
\x05\xd8\x0c\xacS<Ve\xe8\xde[\x10;%\x9b\x80\
M\xd9\x1e\x16\x14\x0f\x9f\xd7\xf3\x17\xc9\xe5\xb6\xd61\x05\
|^\xcfc\x1ak\xb88\x03\xb7\xde\x85z\xfd\x0c\xc5\
\xd4\xfb\xbc\x9e\x7fH.\xf7\x12\xd4\xf3\xcdT\xc5\xab\x9d\
\xa8\xe7l\xa8\x1b\x9d\xcf\xebyBc\x8d3U\xf1j\
\x07\x06J(\xcf\x9f=\xdb\xf4\xf2\xa0g\x1b\xcf\x1a\x19\
v\x92\xf4Wzj\x07^Dlx>\xe7\xf3z\xd2\
\xdaz\xdb,|^O\x13\xf0\xffB\x0f$\x97{1\
\x91\xf7\xcfzB\x9b\x84&p\x0c\x11U\xb3\x05a\xdc\
&\xdd+B\x87\x8f\xe8\x0d\x987k&\xd7]\xf3A\
\xae\xbb\xe6\x83\xec\xda\xbd\x9b'\xff\xf1O\xfe\xf6\xef\xff\
\xe0\xf7'\x1e\xe9\x93,\x93kkx\xe0\xbe{Y\xd8\
\x10\xb7\x8fi\xda\xd8\xbam\x1b\x83\x83\xba\xc9\xdb\xed>\
\xafgk*\xf71\xf2\xdb\x1e]R\xd7\x8f\xa8\x06%\
\xb6\xa3;\x03\x22\x07c\x5c\x882{\x87\x83\xf0\xda\x00\
R\x8b\xca\x13\xb3\x1f\xe1r\x96E\x87\xd2\xe8\xcdE$\
W=\x84\x90C\x00Lq\xb9\x999+\xb9\xee\xa5f\
4\xfd\x1b\xafF\x82\xc9\x88\x9b\xa1\xc1A\xb6o\xdbL\
W\x87\xaav\xf7\x01\xe0\xdb\x08\xd1\xa1L\xe2\x97\x1b\x03\
\xda@4\x06\x5c\xb4l\x95\x10\x1d\x09\x10O\xa6\xd5\xd4\
\xd6q\xea\xe4\x09\xf9\xdb\x15\x88]j;\xe2\xbd \xcf\
CnX\x19\x9e\xf4\xe8\xa8\x9f\xc1\xfe\x01\xf2\x0b\x0b4\
o\x92\x97\x97\x8f\xc3\x91C \x10\x0e!+$\x91\xca\
V\xe3\xd2\xd2#L\x0b\xc2\x9d.\xbb\xd4\xf3\x11\xcf\xdf\
LzM\xfa\x032n\x84r>\xc2\xeb(\xb9\xdc\xd6\
:&\x88\xcf\xeb9\x85\x089y\x14@r\xb9\xcb0\
\xf7\xe3\xce\xef\xf3z\x92\xde\xc1\x0d\xe5|<\x19z \
\xb9\xdcv\xa0,=S\x8b\xc9\x90\xcf\xebI\xbaAL\
H\x98\xfe5\xf4@r\xb9\x9d\x80\x81\xd8\xe1\x94\x18\xf4\
y=\x03\x92\xcb}%:\xc2c\xce\xcc\x19\xf1~\x9c\
\x16N\x9f5$<\xbe\x84\x10\x09J\x91\x96\xa8\xc5w\
\x02a0\xcb\x02q\x7f\xfc\xe1\x13\x83\x90`\xda\x8d\xc8\
\xa7@r\xb9\xa7!6Z\x16\x02s\x10\x1b\x87\xb5\x88\
\xb2\xb4\xf9\x88\xb0u%~\xa0\x17\x11m\xd2\x84hc\
p:\xf4\xd5\x8b\x10\x1b{Sy\x9f\x1bEr\xb9\xa7\
\x22<\x81qy\xd7\xdb\xde\x1a\x0e\xa7^\xbad\x09K\
\x97,\xe1\xc6O~\x82\xcd/\xbf\xcc\x7f\x9e~F\xb7\
\xd1_*8\x1c\x0e\xae{\xdf{\xf8\xe0\xfb\xdfO\xe9\
\xd8\xe8\x0a\xd3\xf8\xc3\x9f\xfeld\xd8?R\xbd\x8f^\
\xe7\xf2\xe8p+Y|\xecC\x16\x1e\x1d\xfeq\x14\x1e\
\x0a\xda\xfd\x94\xed\x1c W]\xe2\xf7\xe7\xa1\xc7\x10c\
\x1b\xd3\xc9\xe5r\x1f\x0a}\x8f\xd3\x99\xcb\xac\xb9\xf3\xa9\
\x89\xd3\x11;\xbdd\x87g#]\x8d\x04GF\x86y\
y\xd3\xf3\xf4\xf5\xa9\xf2#\xfe\x01|\x93\xb1\xeb\xbf\x06\
\x11\xda\x06\x08\xd1\xb1d\xd9*\xea&Go\xa4\x8c]\
\xa3Dl\xf6\x8a\xcaj\xa5\xf0X\x8a\xf8\xc3\xe2D\x84\
\xda\x11\xfa\xff\xba\xd0\xcfV\xcb\x03\x03\x81QZ\xdbZ\
\x98R\x18\xbb\xa0@eU5\xcdM\xe1?h\x0b\x11\
9\x22\xca\xd0\xad8\x95\xad\xb2\xc7!\xe2\xf3z\x06I\
\xbcF\x9dE\x14\xd6:\xa6\x8e\xcf\xeb1\xbduq:\
\xf1y=\x01\xc6?\x5c,!B\xc25Ss\xd6\x8d\
\x0f\x99>\xcd\xfcR\xba\xc7Ox\x8d\x0c;\x14\xca\xb5\
8\x01\xfc\x06@r\xb9+\x119|\xf3\x80JDs\
\xe3\x22\xa0\x13Q\x0d\xb1\x1f\x11\xcav\x048\x96\x09\xc3\
9\x1b\xf0y='\x11\x1e\xa2?\xc6\x1a\x13\xdaD\x08\
\xa6\x22\xf4M\xe2}z\x03\x1c6\x1b\x1b\xd6\xad\x1bs\
\xbc\xb2\xa2\x827]}5o\xba\xfajZ|>\xf6\
\xee\xdd\xcb\x8eW^\xe5\xf9\xcd/\xa5\xa5o\xc9\xac\xe9\
.\xde\xf2\xc6\xab\xb9\xfc\x92K\xa819\xef)\x9a\xfd\
\x07\x0e\xb0\xf5\xd5\xd7\x8c\x0c\xfdg\xaa\xf7J\xd6\xe3\x11\
q\x17v$\xe9vJG\x07r\x99\x96Q*w\x0e\
(\x93\xc8ATG\xfa%\xa2\x82\xd1(\xea\xc6ty\
\x08W\xdb\xc7\xe5\xc1\x0e\x87\x83\x86%+(-Mq\
\xf3*\x8eM\x99\x9eF\x82j\x22\x82 Q\x11\x13k\
|r\x93\xf4\xb54\xb3g\xcfN\x06\xd4\x1d8\xbf\x85\
\xd8\x19\x8c^\xffkQ$v\x15\x15\x17\xb3b\xe5\xf9\
\x14\x97\x94\x85\xdflv\xc5TRY\xb6\xa8\xeaS\xeb\
\x11\xef\x89b`\x03\x22\xces\x9e\xd6y\x81@\x80\xa6\
3\xa7\x99<e\x9a2\x89\x5cEe\xb5Jx\x9c\x07\
<\xcb\xd8\x04s\x8d\x0e\xe6\x16\x16\x16\x16\xaf\x0b\xe6\xe8\
\x0d\x98\x94\x81R\xba\x07\x0f\x1d22lL\x8f\x19\x9f\
\xd7\xd3\x0e\xbc\x10zX$@\x16o\x22\xe8\x86Y]\
}\xf9eTU\xc5O\x01\xa9\x91$.\xb9\xf8b.\
\xb9\xf8bn\xe7s\xb4\xb6\xb6r\xf2\xd4)\x9a\x9a\x9a\
8\xdb\xd4L\x8b\xaf\x85\x8e\xce.\xda\xda\xdb\xe9\xe8\xe8\
R\x16\xd8\xc1n\xcf\xa1\xaeV\xa2\xb6Fb\xda\xd4i\
\xccpOg\xf6\xcc\x99L\x992%\xa6\xbda6\xbf\
\xfe\xed#F\x86\x8d\x02\xffI\xf5^Fr<\xb4<\
\x1e\xe1\x22\xbf\x95\x1d~\xda\xb5\xcf5\x1f\x7f\x10\x8e\x0d\
Q}dH\xa9a:\x11\x8d\x087\x11\x11\x1d\xd1\x95\
\xabn@\xf4\x10\x01\xc0\x99\x97\xc7\xe2\xc5\xcb)\x0a\xb9\
\xb4\xf4<\x00\xda?O]U\x18\x0b\xa92.0\xc4\
\xf5\xd2\xa5vb\x0b\x95\xa6\xc6F^\xd9\xbe9\xfa\x07\
\xf7\x02\xcf1v\xfd?\x81H*\x05 7?\x9f\x95\
\xab\xd7QTX\xa4?\x85\x00`\x8f\xce\xeb\x883\xc5\
 \x14\x14\x15RQQI\x87\x08\xfd\xcaE\xbc7b\
\xba1\xf2\x0a\x0a\x98<i*\xb5\x93&S^V\x11\
\xf5!\xa0\xbeAm\xddd\x0e\xec\x0dk\xf0\xc5h\x97\
\xd4\xb5\xb0\xb0\xb0x\xbd\xa2+<\xea\xea\xcc\xdd\xd9\xed\
\xeb\xeb\xe3\x8c~rykHdX\x9c\xc3H.\xf7\
Z\x0cx\xe1\xdep\xd5\x95\x09_\xbb\xba\xba\x9aju\
%\xcd\x09\xc3\xde\xbd\xfb\xf9\xcf\x0b/\x1a\x19\xfa\x88\xcf\
\xebI\xd9\xb5c4\xa3+:\xc9\xbc;\xf4\xd5\xee\x18\
\x0d\x8e_\xe4\xc8\xaea\xa4\xb3\xaap\xe7\x16D\xf8\xce\
\x0e\x22I\xe4r\xb9VYt\xdc\x0c\xbc[>\xa1\xaa\
Zb\xf6\xbc\x06rss\x0d\xdcP<Q9^\xc8\
8\x91\x05\x8a%.\xc6\x8a\x19\xf5\xa2j\x9d7\x9ea\
X\xf2\xf1\xa6\xc63\xbc\xb6CU\x5c\xa2\x1d\xf8\x1e\x22\
\x99N^\x7fM\xd1QW;\x89y\x8b\x96\x90?\xa6\
D\x5c\x22o(m\xf5!\x1f\xb5\xdb\xed\x14\x15\x97\xc8\
\xc2\x03\xa2D\x87\xcdf\xa3\xa8\xa8\x04\xf7\xccYTT\
UST\x5cBA~\xfe\x98\x0a\x02Z3*-S\
y\xc7\xa6\xa3\xdd\xc7\xc3&\xfd\xba\xd9\xe6\xbb\xa6V\xa3\
\x04\x98\xa5K,,,\xceit\x85\x87\xd9\xa5t\x0d\
V\xb4:l\xea$,\xb2\x05]oGMu\x15\xcb\
\x97.\xcd\xc0T\xb2\x03\xbf\xdf\xcf\x0f\x7f\xfa\xb0\xd1\xe1\
\x86\x07\xc6\xc3h\xa8\x95VY\xdd\x93\x84*\x11\xd1\xe7\
\x87\xe2\x0c\xe6y\xf8\x81W\x87\xa2;\x91\x1f@\xe4k\
(;\x91C$\x89|9\xa2z\xd2L\xf9\x04\xa9\xa6\
\x9e\xf9\x0b\x17\x8d\xb9|\xe2\xc2b\xec\xf9\xe3\x91\x0c\x9e\
\x0a\x89\x8a\x98`0\xc8\xb1#\x878z\xf8\x00\xc1`\
8\xaf\xe6\x0c\xf0iD\xe9b9\x87\xc2\x8e\x08g\xfa\
\x1c\xa2A \x00\x93\xa6Le\xc9RQ\x04(\x1dq\
H\xb1\xccx\x9b\xcdFqT\xf8\x9c\xddn\xa7\xa2\xb2\
\x0a\xf7\xcc9\x94\x96\x94RXR\x8c\xd3\x19-<5\
\xae\x18u\xc8\xe9t\x92\x97\x97\xc7\xd0\xd0\x10\x88\xb8\xdf\
JD\x02\x9d\x81~\x1e)\xc6\x90YXXXd1\
\xa1b\x0b\xb1\x93\xe4\x80\xe2\xc2B***L\x9dG\
\xb3\xcf\x90\xf0\x18\x13feqn!\xb9\xdc\x12\x8aH\
\x97X\xfc\xd7\xdb\xdf\x8e\xd3\xe9\xcc\xc0\x8c\xb2\x83\x7f\xfe\
\xfb\xdf\xec\xd8e\xa8\xd8\xda\xcb>\xafgK:\xee\x99\
H\xa8U\xb4\xd7\xe34a\xe1\x114\xbfF\x86LW\
\x00\xe7\xae!\xca{T\xb9%\xbfAT[P&\x91\
C$\x89|1p?\x10.\x16^W?\x99Ys\
M\xaa\xcf\x9c\x90A\x99z\x82y\x22BG\x1d\x86\x95\
\x18\xf29\x81@\x80\xdd\xbb^\xe1\xeciUI\xfbS\
\x885nE-\xfa\x1a\x10\xa2#\xbc\xf3U?e*\
\x0b\x97\xac\xd0\xbc\xb6\xd10\xb6D\x96\xb8\xae~2\xc7\
\x0e\x1fb\xd2\xe4\xc9L\x9a2\x8d\xa2\x92R\x0a\x0b\x0b\
\xb1\xdb\xed\xe2\x1a)\x18\xffe\xe5U\xb44\x87\xf3<\
\xe6!\xc4\x97\x01\xe1a\xa9\x0e\x0b\x0b\x8bs\x1a\xdd\xd2\
\x90K\x1a\x16\x98\x1e\xd3~\xe6\xff\xb7w\xdeQr\x5c\
\xd7\x9d\xfezr\xc4\x04`\x00\x10i\x80!\x91Ab\
@PZ*\xad,\x09\xa4H\x914\x15\x0c\xda\xa6\xd7\
\xf1\xec\x92\xf6z\xd7>\xb6e\x03\x03\xad\xb4\xb6\x8f\x84\
!\x1c\xb4\x96\xac]\x8bpXGZ\x22\x94|\x9c\xd6\
&\xbc+[\x81$\xc8\x01\x86\xc8\x04\x01\x0c\x06yb\
\xe74\x1dj\xffx]\xd3U\xdd\xd5]\xaf\xba\xab\xbb\
g\xc0\xf7\x9d3\xc4twu\xd5\xab\xea\x06q\x7fu\
\xef\xef^\xb9\x8eV*\xe3q\xe7\xf38\xa2\xf2\xa2(\
\x1f|\xff\xfb\xab\xb0\x94\x85\xc1\xcd\x9b7\xf9\xed/H\
\xcfr\xfd\x0d\xb7\x8e[j\xa9U\x0a1\x0fA\xd8\xfe\
\x83i\xd1H\xcd)N\x0d\xe63)z_\x8bQ\x9f\
2\xbd\xe7\x8f0w\xae\xd2#\xbazDi\xd5C\x88\
\xc1\x81\x1d L\xe4\x1b\x066\xb1j\xedZ\x8aQ\x89\
2&}\xbf\xe6\x99\x1d\xa5`o\x0c/\xcfH^\xfc\
y\x0b\xd1q\x01\xf8<\xa2\xdb\x99\xde.W\xcf4\xfd\
\x0a\x86\x7f\x80\xee\xbeg3\x1b6n\xb6\xf8\xc7\xa6@\
i\x99\xa5\xc1\xdcY\xd0\xde\xd5\xdd\xcd\x07\x1e~\x94\xd6\
\xd6V\x83\xd0p\xa7\xd3mwO\x8fQxlB\x94\
\x98Y\x95\x5c)\x83\xb9B\xa1x;a[f\xb5a\
\xfd\xfa\x8a/\xe2\xfau\xa9\xf9\x89Jx\xdc\xf9\xd8\x96\
Y\xbd\xfb\x81\xdd\xf4\xf7W\xbe\xcb\xdaB`nn\x8e\
\x83\xbf\xf5\xdb\x84\x22R\x8d\xd8\xbe35>&5Y\
P\x06\x99\xf8\xb7P\xd6#\xfb\xb79Z\x85\x98j2\
Ot\xc4\x10F\xe1?\xcc\xfc\x9e\xdb\xae\xb5\x05\xd16\
\xed\xb3dD\x87\xc7S\xc7\xb6\x1d;Y\xbd\xa6\xd8\x17\
Kn\xbe\xb8\xb5^*\xef:\x942\xdd\xdcN\xb7\x95\
2-\xbd\xd0{b\xb1(\xc7_\x7f%Wt|\x15\
\xe1\xdd8\x8dYt\xdc\x8f\x10\x84\x1b!3\xa3c\xe7\
\xfdl\xdc\xbc\x8d\x86\xba2\xca\xf2r\x17\xa7\xcd\xff\xc7\
\xf08\xf7uh\xcd\xf3\x91X\xbf\xbd\xe0~\xe6\x9f2\
\xbf\xb0\xa4\xab\xdb\xf8p\x0f\xd6\xa2\x83\x056\xc1\x5c\xa1\
P(*\x8d\xad\x89w\xed\xdaJ\xcd\xa1\xcbryl\
Lf3\xa9\xb6W\x8a\xc5I_\xff\x86\xad\xe87\xca\
\x8b\xf0\xe4\xe3\x8fUa5\x0b\x83\xe7\xff\xe8\x8fyy\
\xe4\xb8\xec\xe6\x9ft\xf3\xd8N2\x1e\xb9\x9d\xad\xb2\x93\
S\xa3\xe9\xca\x19\x1bR\xc0\xc59\x96]\x9a3\x06\xd9\
^`\x081\xcd\xb5P\xe7\xaa\x9f@t\xaf\x02\xa0\xb5\
\xb5\x8d\x8d[w\xd0e6\x04\x97@\xf9\x06\xf3R\xdf\
SK\xefH4\x1a\xe6\x95\xef\xfc\xab>\x05\x5c\xe7+\
\xc0\x97\xc9\x17}\xef\x01\x86\x8d\x1bn\xb5\x15|\xb9\x94\
S\x8ad6\x98\x97\xb2\xafD\x22A8\x14\x22\xadi\
\xf4\x16i\xab\xd7\xd6.J\xb6\xd2\xe94\x88\x7fh[\
\xb1\xf6y\xa8\x8c\x87BQ\x0aC\x83{\x80\x97l\xb6\
:\xca\xf0\xe8C\x92\xfb\xb3\xff\xbb8<\xaan\x14\x94\
\x8fm\xc6c\xf5*g\xc3b\x9d\xa2i\x1a\xa7\xcf\x9f\
\x97\xd9\xf4RE\x17\xa2\xa85?i\xb7A{k+\
\xefz\xf0\xc1j\xac\xa5\xe6|\xf3[\x7f\xc3\x9f\xfe\xf5\
Wd7\xff\xfd\xa9\xf1\xb1c\xf6\x9b\xc9#+< \
_|\xdc\xd6_h\x89\xa6\x89\xa55\xa8s\xf9\xff\xd5\
\x9a\x07\xde\x88\xd1w\xcbd\x22\xbf\x8d\xe8\x5c5B\xe1\
\xceU\x9f\x04>\xae\xbf\xa1\xbb\xab\x87\xad\xf7\x0d\xd2\xd0\
\x90=]\x8f\xe6A+\x92.\xa8\xae\xc1\xbc|\x9fG\
)\xc8v\xb0\x8a\x04\x03\x1c{\xe5\xbb\xb9\xa2\xe3\xcf\x80\
?!;\xa3C\x17\x1d\xef\xc6 :\x1a\x1a\x1a\xd9\xb2\
u;\xab\xd6\xf6[\x5c\x13q\xde\x95*ks\x82\xa6\
\xa5\x99\x8b\xcd\x11\x0a\x07\xb9y\xfd\x1a7\xae\x8d\x13\x8d\
Fh\xef\xe8\xe0\xc3\x8f}\xd4\xb0!\xa6\x8f\xaa\xbdM\
\x18\xd3\x0d\xd7\xa6\x13\xd1\xd9K\xce\xe7\xa1y\x94\xd5C\
\xa1(\xcen\xfbM\xb8,\xb5\xa7\xa1A\xf7\xf6\xa5\xb0\
\xc3\xd6\xe3\xb1\xa2\xaf\xb2\x1d\xad|>\x1f\xfe`\xc8n\
\xb3\xabo\x97\xc1\x7foG\xfa\xfa7t#Qf\xf5\
\xb1\xc7\x1f\xa3\xbd]\xa2\xad\xff\x22\xe7\xff\xfc\xd3?\xf1\
\xd9\xdf\xfd\xbc\xec\xe6\xb7\x11UC\xaeRj\xc6#\x8d\
\x18u\x0f@{4M\xac\x94\x9a\x1e(\xec\xf3\x88h\
p:F\xdfT\xd2\xf8\xec9\xe0\x10\x85;W\xdd\x07\
\xec\xc3\x90\xe2\xed\xed]\xc6\xb6\xfbv\xe2\xf1dC\xde\
\xaad\x0e\x8ah\x89\xca\x0e\x12\xb4\xc7I\xa0\x7f\xf5\xea\
\x18\xe7\xcf\x9c$\x952\x99\xf9\x7f\x0dx\x85l\xa6\xc9\
\x83\x10}\xff\x11C\xd7\x88\x96\x96V\xde\xf1\xef\xdeM\
[{\xa7\xe5\xed\xfe\xdc5\xdb\x19\xcc5<vc;\
l/\xabF\xf6\xfa\xa7\xd3i\x22\xa1\x10\xb1h\x98\x8b\
\x17\xdfbfj\x8aD\x22n\xda>\x1c*\xfe\x8fV\
sk+\x0d\x8d\x0d\xc4\xb3o\xeb\xc4z\x9e\x87\xcaz\
(\x14\xa5!\xd3\xf6HV,\x0cHl3\x22\xb9/\
Eq,\x87\xb3\x1aY\xb1\xb2\x14s\xa8<\x93SS\
2\x9b]\xac\xe8\x22\x14\xb5\xe6}\x18\x1a\x0b\x15\xe2\xa1\
\x0f}\xb0\x0aK\xa9-\xff\xf4\xcf/\xf1\x99\xcf\x0d\xdb\
o\x98\xe5\xe7\xa6\xc6\xc7\xa4\xda\xc29\xc1i;]c\
K\xdd(B|\xac\xaaK#\x86\xf9\xb9\x15M\xfb\xd2\
\xf4\xbe\x9a7\x89\xfcO\x81\xe71w\xae2\x9a\x98;\
\x80\xff\x86\xe1\x1f\x96\x95\xab\xd60p\xcfF\x93\xe8\x90\
C\x84\xc0\xa5\xdd\x89\x97\xbb\x0e\xe5\x8b\x1fy\x83y\xf1\
A\x82\x85\x9f\x1f\x1f\x1f\xe3\xec\xa9\xd1\xdc\x17\xf6\x01/\
cn\x97\xdb\x88\xb8\xa3`\x10\x1d-\xbc\xe3]\xef\xa5\
\xad\xb5\xcd\xb4\x16'\xe7\x94k07\xbfP\xda\xf7-\
\x11\x9f#\x16\x8b\xe2\xf3\xcer\xf9\xf2[\x04|^\xbd\
L\xaa ~\xaf\x97\xaeL\xcb\xc7\xdc\xa3\xd6\xd7\xd7\xd3\
\xbb\xac\xcf(P\xde\x8b0*Jd<\x14\xd2\x88r\
\x1b\xfdn\xf53\x14\x0f \x0f!\xca1\xbd\x0c\x8f\x1e\
\xae\xf4\xd2\x14\x15GF,\xb8)<T\xc6\xa3L\xfa\
\xfa7\xf4\x22\xda\x8b\x17d\xf5\x8a\xe5\xb4\xb7\xb5Ut\
\x1d\xb7nM\xc8l\xa6\xfc\x1dw6\xb6\xde\x8eM\x03\
\x1b\xd8\xbem\x9b\xddf\x8b\x16M\xd3\xf8\xeb\x17_\xe4\
w\xbf\xf4\xbf\x9c\xbc\xedw\xa6\xc6\xc7\xbeU\x89\xf58\
-\xb5\xca\xedlu\x01\x10E\x9a\xfe4\xb4\xba\x90G\
\x98N\xd3\xfbz4\xb7s\xd5\xff\x02\xfe\x1c!:r\
K{\x9a\x10\x8a\xf6W\x81\x95 L\xe4\x9b6me\
y\xc1\xfa\xd1r\xc3\xfe\x8c\x87@\xcb\x9b3'\xf5\xbe\
b\xe4w\xbd\xaaM\x19\x96\x85\xe8\xb8\x04\xfc\x0f\xc4\xd4\
z=\xd3\xa1\x97\xb7\xfd4\xc2S\x03\x88\x89\xde\x9b\xb6\
n\xa3\xa5\xd5\xea\x1f\x95J\x95W\x19\xae\x93e*D\
\xe3\xfc\xd93\x5c\x1d\xbfL4\x1c.\xb6\xa3\x1b\x88s\
l\x03~\x00\xe0\xda\xd5+\xf3\xc2\xc3\xea\x00\xabV\xaf\
\xe5\xda\x95y\x03\xe3\x87\x10ehy\x19\x0f5H\xd0\
!C\x83{\x11\x86\xfdg\x1c\xbes\x9fa\x1f\xcf\x03\
G\x81#J\x84,Z\xdc,\x8f\x92\x11\x1e^\xc9}\
)\x0ack,\xdf\xbe\xc56!R67n\xa9\x8e\
V\x0a{\xe1\xf1\x89\x8f>Y\xf1\xb6\xce\xb5\x22\x12\x89\
\xf0{_\xfa\x12_\xff\xdb\xbfw\xf2\xb6oM\x8d\x8f\
\xfdj\xa5\xd6T\x8a\xc7\xc3\x98\xf58E&8\xc3\x9b\
\xce\x84\xfde0\x9e\xa4\xf7|\xdc(:\xc2\x88 \xe2\
\x18f\x13\xb9.:\x9a\x81G\x81_7\xeef\xcb\xd6\
\xed,[Q|1\xe2\xa6ye}\x1e\x95\xa0\xd2e\
b\xc9d\x927\xcf\x9d\xe2\xfa\xf8\x15\xe3\xd3\xa7\x80_\
D|\x06FO\xcdVD\xbb\xdc\xf9\x81(+V\xae\
b\xe7\xae\xdd\xe8\xe6\xee\xf2\x90\x0c\xca-7\xcb5\x98\
\xc3\xb5+\x97\x89F,E\xc7[\x88\xd2\xb1\xbfG|\
\xe7\x9a\x80\x07\xc9|\xb7\x03~\x1f\xe9t\x9a\xba:\xeb\
+\xbffm?\xaff\x1f\xee@|7u\xe1a\x93\
\xf1P\x83\x04\xf3\x10\x82\xe39\xe4\x82D\x19\xf6\x00{\
\x18\x1a\xdc\x07\xecgx\xf4\x88K\xfbUT\x07\xfb\xef\
\xc1\xf0\xa8ly\x94*\xb5\xaa\x0e\xb6\xc2c}5Z\
\xe9^\x93\x12\x1ejx\xe0\x1dJ_\xff\x86:\x84\xef\
\xb4 \xf5\x1e\x0f?\xf0\xbe\xf7UiE\xd5\xe5\xad\x8b\
\x17\xf9\xf5\xcf\x1d\xe4\xfcEG\xbd\x13.\x02?U\x99\
\x15\x09\x9cz<\x8c\xa2#\x8dh\xa1*\xf0'\x11\xf1\
Z\x09\xa458\x1d\xa7\xef\x9a\xc9\xcf1\x83\xe8\x5cu\
\x82\xac\xe8\x00\x11\xcc\xe9\xa2\xe3\xc9\xcc6\x00477\
\xb3\xe1\x9e-\xf4\xf5-_\x10\xc5\xf4\xd56\x98\x973\
\x14\x10D:\xee\x8d\x91W\x996Oz=\x0d\xfc\x02\
Y\xd1\x01\x22\xa8\xdeB\x8e\xe8X\xbe\xe2.\xb6\xdd\xb7\
\xcb\xb4\xde\xdc\x99%\xe5\x19\xcc\xcb\x8b\xd0;\x97t\x11\
\xc9\x0a\x8f\xcb\x88;\xe1\xff\x0c\xf8\xc9\x9e_\x1d\xe2\xbb\
5\xdf38\x12\x89\x90J\xa5\xb2\xc2\xc3b\x19\x9dK\
\xba\x09\x06|\xfa\xc3\xcd\x88\xe0EB|(\xd51\xcf\
\xd0\xe0\x00\xa2\x9crO\x85\x8e0\x00\xbc\xc8\xd0\xe0Q\
\xe0)\x86G\xd5\x9d\xed\x85\x8e\xfbfpe.\xaf\x0e\
\xb6\xc6\xf25\x15\xeeh\x05p\xe1\x92T\xc0%\xd5\xf6\
J\xb1(\xb1U\x14\x8f\xec\xf9 \xcb\x96-\xab\xc6Z\
\xaaF<\x1e\xe7\xab_\xfb:_z\xfe0)\xcdq\
4\xfc\xf1\xa9\xf11\x7f%\xd6\xa5\xe34N\xcdm\xa9\
;\xaa\xbf\xd07\x9b*\xf0\x16\x89=\x9e\x98\xcb\x15\x1d\
\x97\x81O!\xda\xe5\xea\xe5U\xfaz\x1b\x11-K\x0f\
a\x10\x1dmm\xed\x0c>\xf0 \xcb\xfa\x84\x87\xc8\xc9\
\x5c\xc2b\x94\xb5\x9f\x22\xefug}\x85v\x92}\xbe\
\xd0q\xcc\xcfk\xa4\xd3)F\x8e}?Wt|\x13\
\xf8/\x88\xcf@\xff\x80u\xd17/:<\x1e\x0f\xfd\
\xeb\xef\xe6\xde\x9d\xbb\xa9\xaf\xb7\x9a\xd1Q<\xabd\xf5\
X_\x9f\xe5\xd8\x0e\x07\x8f\x8d\xe4\xcc\xdc\xa8#+:\
\xc2\x88\x16\xb8\xc6\x9f\xf9\xba\xdf`\xc0\x87\xcf;Sd\
\xcf\xb0\xdc\x9ca\xdb\x85\xb9\xd4Jy=\xec\x10Y\x8e\
KTNt\x18\xd9\x03\xbc\x9e\x11:\x8a\x85\x8d{\x19\
\x8a\xa1\xc1\x1e\xec\x8d\xea^\x86G\x95\xf0(\x1f\xdb\x8c\
\xc7\xaa\xbb*+<R\xa9\x14\xe7.H%3\xae\xda\
o\xa2X\xa4\xd8\xf6\xc7\xdd\xb1}{5\xd6Q\x15\xd2\
\xe94/\xbf\xfa*?\xf9\x9f\x9e\xe1\x0b_~\xbe\x14\
\xd1\xf1\xd8\xd4\xf8\xd8\xa9J\xac\xcdH\xb9\x1e\x8f\x140\
\x81>\xb7<\x96\x86\x16\x07Z&\x9c\x863q\xfa\xa6\
M\xa2\xe3\xab\xc0\x170\x0f\x05\x84\xac\x9f\xa0\x05\xf8\x1d\
\xe0]\xfa\x1b::\x96p\xef\xaeBAo\xa9\xc8\xe5\
\x0f\x0au`*\xd7`\xeevIU1\x83y0\xe0\
\xe3\xf4\x1b\xa3\xf8\xb3w\xecA\xcc\xe7\xf8k\xcc\x9fA\
\x03\xe2/\xf2/\x01\xab\xf5\x0d7o\xde\xce\x9a\xfe\xf5\
x<uE\x03\xff\xb2\xb2\x1aE\xca\xa9\xa4\xd0`\xd9\
\xf2\x15\x5cz\xeb\xbcn&_\x8f\xf8\xfe\xc6\x0c?z\
\xc6C\xaf\xb2;\x0fl\xd14\x8d\xd3'G\xf9\xc0\x9e\
G\x0a\x1e\xb5\xa7\xc7\xe4\xa3\xdc\x8c\xb9\xb3\x95\x12\x1d\xc5\
\x18\x1a|\x06\x91\xe9\xa8&\x03\xc0K\x0c\x0d>TR\
\xa0)\xee\xc4\xbfn\xb3\x95\xfcl\x09E!\xdc3\x83\
\x8b\x0c\x97\xfa{X\x1dlgx\xacXa\xdbh\xa8\
,fff\x88'\xe6\xec6\xbb05>\x96\xb0\xdb\
H\xb1h\xf9\x8e\xdd\x06\x87~\xef\x8b\xbc\xfc\xca1~\
\xfc\xe9\x1fa\xd7\xe0\xe0\xa2\xf4zh\x9a\xc6k##\
\x1c\xfe\xe3\xff\xcd\x89\xd3\xa7\xed\xdf`\xcd\xc1\xa9\xf1\xb1\
\x7fps]\x85(\xa5\xd4\xcaXn\x95\x04N\x02\xe2\
\x1f\xd7\xf1\x04ln\x96\xdb\xa3/I\xef\xb1Xn\xe7\
\xaa?\x01\x0eS\xb8s\xd5zD&d\xbe\x9e\xa7\x7f\
\xfd\x00\xab\xd7\xad/X\x7f_\x18\xbdsUq\x9fG\
aD\xf8Y\x89A\x82\xf9\x01z\x81nOE\xdf#\
G\xc0\xef\xe5\xb5\x97\xbf\x9b\xdb.\xf7\x0c\xf0\x02\xf9\x83\
\x01\xdf\x81\x10}\xf3l\xd9\xb2\x83\xb5\xeb78<\xaa\
\x0b\x06\xf3\xdc\x8b`\xec\x93\x9b=\x84\x89\xee\xaen\x9a\
\x9a\x9a\x89\xc5\xa2\xfaS-\x88\xefp\x82l{f=\
C\x91D\x98\xe9\x9f\x07\xf0\xceL[\x9e\xc3\xfc\xbe\xcd\
\xc2c\x07\x8e2\x1eo\xe3r+\x91\xe9\xa8\xb6\xe8\xd0\
\x11\xa5W\xf0@\x09\xefU%;\xd5A\xa6\x95\xae*\
\x99[@d\xea\xea\xef-\xb6M\xbd\xc7C__e\
\x85\xc7\xed\x09\xd5\xd1\xea\xed\xce\xd4\xf8\xd8\xf7\xfb\xfa7\
\xd8\xde\xc7\xfd\xb7W^\xe1\xdf^y\x85\x1d[\xb6\xf0\
\xc3\x9f\xf8\x18\xef{\xcf{\xe8\xec\xec\xac\xd2*K'\
\x12\x8d\xf2\xf2\xcb\xafr\xe4\x9b\xdf\xe0\xb5\xd17J\xdd\
M\x18x\xaaZ\xa2\x03\x9ce< \xbf\xd4*\x89(\
\xc7\x11\xc2\xc3'1\xccC\x03\xa6\x92,=\x1e\xa3.\
m\x0a\xf8\xbf\x04\xfc\x05\x85;W}\x0018p~\
\xc2K\xff\xc0F\xd6\xae\xebwx\x0aYd\xb2\x0a\x0b\
m\x90\xa0\x9bLMNp\xfa\xe4q+\xd1\xf1[d\
E\x87\xee\xa9y\x0f\xf09}\xa3\xc6\xe6f6m\xdc\
\xc2]\xab\xd7\x99\xce1\xeb\xeb\xc8\x9e\x8b\xec5('\
{d\x8d\xd9`\xde\xd4\xd2L}\x83)+\xb6\x02\xb8\
b\xf1&\xfd\xe7\x12\x99\xac\x07\xc0\xcc\xf44K\x0b\xd4\
\x82666\xd1\xdc\xdcL\x5c\x0c\xf4\xe8G\x04L\xfa\
\x04\xf3y\xd1a\xdd\xd9\x8a\xb7\xa7\xf6\x10\xa5N/:\
|\xd7a\xf4\x80~x\xf4Pf?\xfb\x0c\xaf?\xe7\
p\x7f\xbb\x19\x1a\xdc7\xbf/y\xdc\x9c-\xa1(\x8c\
\x8c\xc0Sf\xf0\x85\xc5\x1a\xbb\x0d6o\xbc\x87\xc6\xc6\
\xc6\x8a.bbB\xcd\xf0P\x00\xf0]\xe0\xdf\xcbl\
x\xfa\xfcyN\x7fn\x98\x96\x96\x16\x9e\xfc\xc8#\xec\
y\xff\x0f\xb0c\xc7v\x9a\x9aJ\xf4/W\x80t:\
\xcd\xc5\x8b\x97\xf8\xf6w\xbe\xc3W\xbf\xf1-|\x81\xb2\
\xec\x18#\x08\xd1Q\xd5\x7f\xab\xca\xedj\x95\x04\xe6o\
\x057\xc7\xd3\xc4\x93\x1a4\x14\x89\xa0\xce\xc4\xe9\xbbj\
J\x7f\x86\x11\xadp_\xc3\xbas\x95.:~\xcb\xf8\
\xa6\xbb\xef\xd9\xc2]k\xac\xff\xff\x96F\xa3n\x81L\
\xc4v;\xa0t\xcb`~\xe9\xe2\x9b\x5c\xbcp\xce\xf8\
T\x0c\xf19\x9c \xfb\x19\xe8\x9e\x9a\x87\x81\xfd\x88\xbb\
\xf8446\xf1\xc0;\x1e\xa4\xbd}II\xeb\xcd\x1f\
\x1c(>\xafR\xb1\xec\x9e[`\xdb\xe5+V1\x16\
\x9a\xef\x9e\xf8\x04\xe2/^C\xe6\xc7CVh\xe9\x9d\
\xa9\xde$#<.\xbfu\x9e\xa5\xcb\xdeky\x90\xc6\
\xe6F\x9a[\xdat\xe1\x01B\xd4\xdc@y<\x8a\xe1\
$\xd3\xb1\xbf\xa080?\x7f\xa8\x84\xaeX\xfb\x10\x9e\
1'\xa8\x8cGuPs7\x16\x1f\xb6eV\x1b\xef\
\xae\xbc\xbd\xea\xda\x8dk2\x9b)c\xf9\x9d\x8f\xb4\xf0\
\xd0\x89\xc5b|\xf5\x1b\xdf\xe2\xab\xdf\xf8\x16]\x9d\x1d\
<\xfe\xe1\x0f\xf3\xc0\xfd\xbb\xd9\xb1c\x1b\xbd=2\xf7\
\x9c\xdc%\x1c\x89p\xe1\xad\xb7x\xe5\xd5c\xfc\xe3?\
\xff37&\x5c\x99\xe9\xf7g\xc0\xcfN\x8d\x8f\xc5\xdc\
\xd8\x99\x13\x9cf<\xc0\x9c\xf5H\x02\xb3\xfa\x0bM\x09\
\x8dx\xa2\x80\xf0Hip*N\xdfMS9\xe5-\
\xe03\x98;W\xe9\x01\xafnb~\x18\xc3\xc8\xf6\x96\
\x96V6o\xddAgWW\x09KwJ9\x83\x04\
\xed\xb1\xea\xfa\xe4\x9cBav\xf6y\xf3\xfa5.^\
x\x93K\x17M\xff\xbf\x9d@\x04^V\xa2\xe3\xc7\x80\
g\xf5\x0d\x9bZZ\xd8\xb9\xfb\x9d\xb4\xb7w\x169v\
\xe1u\xca\x5c\xcb\xdc\x09\xe6f\xa1\x92?\xc1\xdc\x09\xf7\
l\xdc\xc2\xd8\xa5y\xe1\xb1\x9dl\xb9\x95'\xf3g\x1d\
B\xec6g~^AtO#\xe0+\xdcV\xb7\xa1\
\xa1\x91\xb6\xb66\x02\xfe\xf9\xaa\x8f\x95XO/W\x80\
>\x10P\xc6H>\x82\xe8@%\x1f\x5c\x8av\xb9G\
\x18\x1a|I\xf2\x18=\x0c\x0d\xeeu\xd8fW\x05\xc4\
\x95F\x98\xc1\xed\xae\xb32\x83/<l\xe7b\xbcu\
\xe92\x9f\xff\xc2\x17+\xba\x88c#R\x890[\x0f\
\x80bq35>\xf6\xa9\xbe\xfe\x0d\xefF\x1f\xfd\xe0\
\x10\x7f0\xc4_}\xed\xeb\xfc\xd5\xd7\xbe\x0e\xc0\x03;\
\xef\xe3\x1d\xbb\xefg\xcb\xe6\xcd\xdc=0\xc0\x8a\xe5\xcb\
K(\xf5/L,\x16cbb\x92\xeb7op\xee\
\xfcy^\x1b9\xce\x89\x93\xa7J1\x8a\x17\xe3\xe0\xd4\
\xf8\xd8\xa7\xdc\xdc\xa1\x13\xdc(\xb5\x9a\xcfg6\xcfi\
\x04\x13\x9a\xe89e$\xa9\xc1\x1bq\xfa&L\xa2\xe3\
\xeb\x88\xc1\x80>\xcc\xf3!\x8c\xa2\xe3\xd7\x80\x1f\xd2\xdf\
\xd0\xd4\xd2\xc2\x8e\xfb\xee\xa7\xa5-\xf7\x00\xb5\xc5z\x90\
`y\xa9\x8eRD\x89]P\x9f\xd24\xc6.\xbe\xc9\
\xa5\x8b\xa6\xb2\xd6\xb3\x88L\x87\x0fs\xf7\xb0&\xe0\x13\
\x18DG{G\x07\xdbw\xec\xa2\xa3\xa3P\xa6\xc3\xad\
\xf4N\xe5\x0c\xe6m\x1d\xed\xc6gV\x02\xf7#\xba\xa7\
5\x92\x15\x1e\x8d\x88\x92\xbeu\xc0Z}\xe3\xb9D\x9c\
x4Fk{[\xdeQ=\x1e\x0fmm\xa6}\xaf\
\xc0Ztx(\xde|\xeb\xed\x82\xccP\xc0\xcb\xc0C\
%\xb7\xbd\x1d\x1e}\xc8\x81\xf8\xd8\x0d\xb8+<\xe4g\
K(\xacQ\xe2n\x1125>v\xb5\xaf\x7f\xc3U\
\xc4\xff?-9{\xe1-\xce\xcau\x9c\xaa$3S\
\xe3c\xe7\xec7S\xdc\x01\xfc\x1c\xc2\x8f\x5cv}\xdf\
\xebo\x9c\xe4\xf57N\xce?nome\xe7\xf6m\
l\xbc\xe7\x1eV\xad\x5cI\xef\xd2^\xba\xbb\xbaX\xd2\
\xd9I}}=M\xcd\xc2\xf7\x9cN\xa5\xe6+\x22\x22\
\x91\x18\x91X\x04\xbf\xcfO \x10`zv\x96\x89\x89\
\x09\xce\x9e\x7f\x93KW+\xdad\xed*\xf0s\xd5\xf4\
sX\xe1F\xa9U\x141`\xee^\x8f\x86\x90\x10F\
|I\xdaO\xc4i\x8b\x9a\xfc\x1f/\x00\xbfO\xb6s\
\x95n20\x8a\x8e_\x07>\xa2\xbf\xa1\xa5\xad\x8d\x9d\
\x83\x0f\xd0\xd4\xd8\xe4b\xd4&W\x98T\xd8\xe7Qj\
\xa0]\xca\xfb\xec\x0d\xe6\xc5H%\x12\x1c\x1fy\x15\xdf\
\xac\xa9-\xecY\x84Y\xdc\x8byF\xc7v\xe0\x93\x18\
Z\x22.]\xd6\xc7\xbd\xf7\xed\xa2\xbe\xa1)o\xf9\x9e\
\x92.Cm\x0c\xe6\xa0\xd1\xbf~\x80\xf1+\xf3\xf1\xca\
\xcf#\xbat\xc53[\xaf\x03\xfe+\x99\xf2*#\xd1\
h\x94\xd9\xd9iV\xb7\xaf\x9b\xdf\x97\xf1\x00K\x97\xf5\
q9\x9bM\xb9\x97\xac\xe00\xfe,8\xfa\xfa\x9d6\
\x07(\x8f\xa9\xa7\xbbz\x80\xbd\x12\x9b>\xeb\xc2\xac\x8d\
g\x11\xdd\xa7\xec\xf2\xe32\xa5S\x02\xe1M\xb1\xdb\x9f\
\x0a\x88\xcb\xe7m+<\xaa\xfdw\xb2\x02|\x17x\xba\
\xd6\x8b\xb0\xe1\xbbw\xc0uV\xc8q\x1e\xb8\x0f\xf8\x03\
J\xcc|\x14\x22\x1c\x8d\xf2\xfd\xd7G\xf8\xfe\xeb\x0b\xfe\
>\xd3\xa7\xc8\xdc\xec\xaf\xf5\xf7\xbe\x94\xfcP\xae\xf0H\
\x80aps\xc0`T\x9eM\xd2\xfbj,Wt\xfc\
\x11\xa2]n\x14\xf3P:\xfdN\xf3\xfd\xc0_b\x10\
\x1d+\xefZ\xc3\xae\xfb\xdfISce\x0c>\x9e\x9a\
\x1bA\x8c\xd8\xcb*\xa7M\xb8\x92\x89\x04\xc7^\xf9^\
\xae\xe8\xf8W\xc4]\x80\xf3\x98EG\x139\xa2\xa3\xab\
\xa7\x97{\x07\x1f\xa0\xbe\xa1\xf0\xcd\x02\xe3'\xec\xd1\xf4\
\xc7\x9a\xe5\xeb\xc5\xb0>\xb7r\xa4\xa6\x96\xb7\x87\xf5w\
o\xa2.{.\xeb\x80\x9d\x88\xef\xe4\xdf\x02\xff\x13\x0b\
\xd1\xd1\xd0\xd0H\xd7\x92n<u\x85\xbf+\x1d\xe69\
!\xeb3\x7f\xca\xa7c\xde>y\x10\xb9\x12\xab\xe1\xd1\
\xa3e\x1fI\x94\xe1\x1c\x96\xd8\xd2I\xd1\xb9\x9a~]\
\x1d\xd4u^\xbc|\xb7\xd6\x0b\x90`1\xacQ\xe1\x1e\
\xe7\x11~\xe1\x83\xb5^H\x95\xf9&b\xe6\xdaAD\
eK\xcd)\xa5\xd4*Wx\xcc!2\x1e\x82@&\
\xc4\xbc\x9dd\xe9h\x94\xbal\xc4\x19B\xf89\xfe5\
\xf3>\xbds\x15dgt<\x88ha\xda\xa2\xbfi\
\xcd\xda~\xfa\x07\xee)a\x22\xb7\x9ca\xd9\xedy\x19\
\x96\xc7\xd0\xa0P\xbcZZ\xb6\xc0\xe6xd\xcf)\x16\
\x8fsr\xe4UBAS\xe7\x83\xdf\x03\xbeA6\xdb\
\xa4\xb7,nFx=\x84\xe8\xa8\xab\xa3\x7f\xddz6\
\x0cl\xc23_\xc3\x98m#,{\xdd\xdc7\x98\xe7\
_4'\x06\xf3\x8e\x8e\x0e:\xdb\xda\x8dsK>\x93\
\xb7f\x8f\x87\x96\xb66\xdaZ\xdbX\xbd\xa6\x9f\xbb\xd6\
\xac\xa1\xb5\xb5\xcd\x5c\xcb\x99s\x90\xde^SK\xdd\xad\
\x98YH\xea\xb6\xd6\xc8\x04\x94\xe5\x8b\x8e,n\x07\xa7\
\xcaX^\x1dd\xbe'\xaa\x95\xee\xc2\xe4\xbb,\xec^\
}s\xc0\xdf\xd5z\x11\x8a\x9a\xf0)\xe0%\xc4\x00\xea\
\x87k\xbc\x96J\xf2w\x88\xca\xa1\x05ws\xa6Ts\
\xb9.>\xf4\x9a\xf83\xfa\x8b\x8d\xc14\x89\xb31\xfa\
\xae\x98\xfc\x1c~D\xf9\xca\x09\xb2\x1e\x110\xcf\xe8x\
\x10q\xd7\xb9\x01\xa0\xae\xae\x8e\x0dwobEf\xba\
\xa9]\xa0\x9bJ%\x09\xf8\xfd\x84\x83\x01\xd2\xe94k\
\xd7\x0f\x80\xc7\x8d\xceV\xe5\x18\xcc\xab\xe5\xf3\xb0>\xce\
\xd4\xf4\x04\xa7G\x8f\x930\x0fQ:\x08\xfc#\xf93\
:\x1e\x00~\x19\xd1\x0a\x16\x80\x8d\x1b\xb7\xb0v\xddz\
\xf4\x96\xb4N\x8e]l\xdb\xf2\x0d\xe6\xe5]\xd9\x86\xc6\
F\x9aZ\x9a!\x90\xf3B]\x1d]\x1dKh\xeb\xe8\
`\xdd\x86\x01V\xac\xbc\x8b\xfaz\xf1WDxx\xec\
\x8f\xd8\xd0\xd8D2{\xbdW\x90\x7f\x14E\xf5Kh\
\xdc\xfe\x1f\xaf\x9a-\xe1\x04a\x12\xb7\xf2\xf4\xd8e\xb5\
\xee\x9cV\xba\xe6\x96\xcff\x9c\xb7r^\x0c\x9cBd\
\xd4\xbf\x5c\xeb\x85\x14@\xcf\xf6+\xde\x9e|;\xf3\xb3\
\x13\xf1\xff\xa6\x9f\xc1p\xc3{\x11\x93\x06\xfe\x1c\xf1\xf7\
\xeeU\x9bmkF9]\xad\xf4;\xe5\x09\x84i'\
\x00,\xe9\x0e\xa6 h\x9a\x0bq\x19a\x12?E\xb6\
\x98D7\xdd6\x00\xdb\x10\x0at~\xe0PCC\x13\
\xdb\xef\x1d\xa4cI\xee\x00\x17s\xe0\x9aN\xa7\x89\x86\
\xc3\x84BAn\x5c\x1b'\x12\x09\x03\xd0\xde\xb1\x84\xd5\
\xeb\xfa\xa9\xaf\x97\xb9'_n\xce#3+\xc2\xd2`\
n\xff>g+\xb0\x0f\xb7\xf5k3=5\xc9\xc9\x13\
\xaf\xe5\xce\xe8\xf8\x1d\xe0\x1f\xc8\x9f\x93\xf2ND\xbb\xe2\
\xf9\xfa\xa3{\xe6E\x87S\x16\xbe\xc1\x1c\x0f,\xed[\
\xce\xd4\xe4\x04\x8d\x8d\xcdtt\xb4\xd3\xb3\xb4\x8f5\xeb\
\xfa\xe9\xe9]J\x9d\xc7\x93\xffaZ\x1c\x22\xf3\xc9\x9b\
^\xb8k\xf5j\xae]\x19\xd3\x1f\x0e\x22:\xbc\xe8b\
]\xf0\xd9W\xe4\xd6z\xe7R\xf9^\x9aF\x86G/\
34h\xb7U\xbe\xd0\x19\x1a|\x1d'\xde\x0f3\xcf\
14Xh\xa6H\xe1\xd6\xc0\x22@\xb5\x9bER\xf8\
\xfd2\x0c\x0d\xbe\x88\xbd\xc7\xe6)\x87]\xber\x8f\xb1\
\x17QRW\xbc\x89\x80\xf8\x5c\x0e\x03\x87,\xbaS\xb9\
'P\xabq\xce\xe6\xe3\xedC|w\xec\xbdL\xd9\xef\
\xc9~\xc4\xb4\xfb\xc5!\xa6\xecy\x1e1\xff\xe9\xc7k\
\xbd\x90\x1c\xfe$\xf3\xa3P\xbc\x81\xf0y\xfew\xe0\x11\
D\x17\xcfGj\xba\xa2\xd2\x18A\xcc\xc1{\x11\xd1-\
vAS\x8a\xf0\x00\xb3\xf8\xd0\xf9$\x22\xb05\xb6<\
z\x01\xf1\x81\xea\xe9\x0f]p\xd4\x935\x91\xe7\x8b\x8e\
\x9d\xbb\xe8\xe8\xe8(x\xf0x|\x0e\x9fo\x96[7\
\xaf\x13\xcc\x96\xcb\xcc3\x17\x8f\x91L$i\xac\x97o\
``7\xc1\xbc\xdcA\x82\x95\xa0\x90`\xb96>\xc6\
\x85s\xa7\xd1\xb2\xed\xd7\xa6\x11\x99\x8ec\x88\xcfB\x8f\
\x96\x1b\x11S\xe0\x873\xbf\xd3\xd0\xd0\xc8\xa6\xad\xdbY\
\xbe\xe2.\xd3>sK\xc2\xec\x1e\xcb\xe1\xc4`^\xe0\
\x00%\x1a\xcc\xd7\xf6\x0f\xa0%\xd3\xf4\x0f\xdcMk{\
\x1b\x1e\x8f;\x05w\xbd=\xcb\x8c\xc2\xe3=\xc0Wx\
;\xb97\xdc\xc3\xbdf\xe9\xc2\x0cn\x87U\x00[\xaa\
\xe8(\xe5X:\xd5(/\xaa\x5c\xc6\xc9\xf9\x0c\x15\x10\
\xe2\xe4\x19\x86\x06\xf7\x1b\x86B\xf6`\xff\x1d\xf0:h\
>P\xf9,\x9b\xf8\x9e=\x83\x98\x0bS\x0a\xcfe\xf6\
st\x0a\xf6\xf7\xbd\xe0\xbf\x13\x04\xc8O\x00\xdfC\x98\
zk\xfdO\xe8\x1c\x22\xd3\xa1D\x87\x22\x97i\x84\xb7\
\xf8/\x11\xdd.?\x8c\x10 \x8f\x00\xdd\xb5[VA\
\x92\x88\x8c\xcd\xb7\x80\xbf'\x7f\x10\xf2\x82\xa6\x14\x8f\x87\
\xfe\xa7.>\xf4\xc7_E\xb4\xa3\x1cD\x94M\xbd\x06\
\x9c&\xdb\xcdG\xcfp\xd4\x93\xf5\x13\xfc2\x06\xd1\xd1\
\xd1\xd9\xc5\xe6-\xdb\x0b\xb6\xcb\x9d\x9e\x99\xe6\xf6\x8d\xeb\
\x84B!\x12\x89\xb8\xd5&a\xa0=\x91\x98\xc37;\
K\xf3\xaa\xd5R\x99\x84\xf2&k\xcbQ\xcc\xe7\x91\x8f\
|f#\x97s\xe7Nq\xe3\xea\x15\xa3\xe8\x98\x02~\
\x83\xfc\x19\x1d\x0d\x88;\x92\xfb\xc9\xa4\x18\x1b\x1a\x9b\x18\
\xdc\xf5\x0e:\x96t\xc9.\xd4De'\x98\x97C~\
n\xa2\xad\xad\x8d-\xf7\xdeG\xe1\x0a*I%\x95\xb3\
\xd9\xaa\xd5kx\xe3\xc4k\xfa\xc3\xfb\xc9\xb6\x89V\xe2\
\xc3\x19{p>\xd4\xcf\x1aq'\xdd\xd97JN\xac\
\x94J\xb9\xc2\xa3\xdc\x80\xb42\x1e\x15\xb9\xacB1\x9e\
chp\x80\xe1\xd1gq\xbf\xcc\xaa\xb2\xbe\x1c\xb9L\
\x95,{\x80\xd7\xa7\x9e\xee\xda\xdf\xf7\x82\xffN(\xc3\
z\x1e\xf8>\xf0^\xc3O\xc1V\xbb.s\x09\xe17\
\xd1\x7fTy\x95\xc2\x8e\xdb\x88\xe1z\x7f\x96y\xfcN\
\xcc\xdf\xdd\xbe\x1a\xad\xeb{\x98\xbf\xcb\xbe\x1a\xad\xa3l\
\xca\xcdx\xe8\xbf\xeb\x8f\xeb\x10\xad+\x8f\x93\x15\x1bz\
\x86C\x17 \xf5\x88\xb6f\x9f\xc6`\xc0\xed[~\x17\
\xf7l\xdeb2\xefj\x9a\x86\xdf\xe7e\xf2\xf6M\xa2\
\x91(\xa1P\xc1r\xf9\x0b\x08\xd3z\x03\xf0\xd3\x00\xb3\
\xb3S\xacX\xb5\x8a\xb2[\xb6V\x01w\x0c\xe6\x1a\xe7\
\xce\x9c\xe4\xfa\xb5q\xe3\x93\xe7\x11Y\xa8\xb3\x98gt\
4\x02O!|7\x00\xd4\xd7\xd7\xb3sp7\x1dK\
\xacft\xe4\x1a\xca\xabk0/4H\xb0\x1c\x83y\
\xd17:\xdc0\x91H\x10\x0e\x87\x99\x9a\xbc\xcd\xd4\xed\
\xdb\xc6\x97^C\x08\x0f%>\xcc\xc8\x04x{\x18\x1a\
\xdc]\xc3\xb2\x93Z\x09\x8fJ\x07\xc8r\x19\x15'm\
\x8c\xc5>_\xc4\x9d\x0c\xd13\x0c\x0dz\x91;G\xd9\
2+\xb9lG)\xad\x9b\xdd=\xf7\x5c\x9e\x9bz\xba\
k\xa0\xef\x05\xff\xb3\xf6\x9b.xNe~\xfe \xf3\
x\x1d\x95\xcb(\xea\xbc\xc2\x22(;Q,x\x8ee\
~>\x9fy\xbc\x05Q\xcd\xf0 \xf0n\x84]\xc0M\
\xfc\x88\x98\xf6\x14B\xb0\x7f/\xf3X\xb69\xe8\x82\xa7\
\x1c\xe1\x01\xd9\x0a$=\x22\xd3\x1f\x1bE\x86.:@\
\xc4\x8d\xbb\x11&\xf2e\xfa\xce\x96\xafX\xc5\xc6-\xb9\
M\x80 \x12\x0as\xfe\xcc\xc9\x5c\x9f\x82\xceMD\x86\
\xe5\x1f3\xfbo\x02\xd6\x90\x11\x1e\xc1P\xb0\xc4S\xb3\
B.\xc4\xb6\x168\xc5\xa2Z\xfbl\x80\x8c\xc1<>\
\x17\xe7\xc2\xb93\xdc\xbeu\xc3\xf8\xb4>\xa3\xe3\x1c\xe6\
\x96\xc5M\x88\xbb\x92\xf3\xa2\xa3\xad\xad\x9d-\xdb\xee\xa3\
s\xbe\x1d\xacS%TY\x83y\xa1\xc3\xb9\xa1\xd7d\
\xf7a\xdc.\x99L\x12\x0e\x06\xf1\xf9\xbc\xdc\xbc~\x95\
\x80\xdfG8\x1c\xb2z\xdb\x9f\x92\xf5\xd3\xa4Q\xc2C\
G6p~\x91\xa1\xc1\x87j4\x99\xbaR\xc2\xa3p\
P\xef~y\x91\x15\xeef\x12D\xe0\xfd\x12\xee^\xaf\
}\x92k\x90\xfd^T*\xc3\xb3\x1bq\xee\xee\x95\x05\
\xe6\xf3\xcc\xd4\xd3]\x97\xef\x90\xcc\x87\x91\xab\x99\x1f\x85\
b\xb1q>\xf3\xf3\xc7\x99\xc7\xcd\xc0&\xc4\x8d\xf4\x01\
`5\xa2\x5ck9\xd9a\xc4 b\x01=P\xf0!\
\x04\xc6\x04\xa2*\xe5\x16p\x1d\x11\xaf\x99\xee^\xde\x89\
\x94j.\xd7\xc5\x86\xf119\x7f\xd6\xe5<W\x87P\
\x89\x9f'#:<\x1e\x0f\xeb\xfa7\xb0j\xed|#\
%\x13\x9e\xfa:<\x9ez\xccV\x12\xde\x04\xbe\x88\x08\
\xac\xf5\xceLz@=\x8e\xa8\xd5[6\x17\x8b1y\
\xfb6+W\x9a\xbd\x0a\xd6\xb8c0\xaf\x8e\x0f\xc4\x1c\
*\xc7\xe21^{\xf5{\xc4\x22\x11\xe3F\xdfD\xb4\
%6\x0eg\xd4[\x16\xff,\x86\xc1N]=\xbd\xec\
\xb8o\x90\x86\x86f\xc7+)\x9c\xa9q.\x09\x9c\x8b\
6\x03i\xa0\xce\xb9\xc1\xbc\xd0\x93\xb96\x91d2A\
4\x1cavz\x8a\xe9\xe9I&'n177G\
:]\xf4\x06\xc40\xa2\xabD\x92l\xc6C!\x90m\
\x95;\x00\x5cbh\xf0Y\x86Gefq\xb8I\xa5\
\x82\xc9b\x01u5\xca\xac\xdc4l\xf7\xe0\xbe\xe8\xd0\
qS,\xb8\x7f]\x85\xe8x\xdd\xd1{J\xe7\xb9\x8c\
\xf8p\xc7\xf8\xaeP(\xdc$N6\xa3\xa7\x90\xa0\x9c\
\x8c\x87\x95\xf8\xd0\x1f\x1b\xc5\x86\xfe\xb8\x0e\xe15\x10\xa2\
\xa3\xbe\x9em\xdb\xef\xa3\xbb\xc74\xfb\xc0Dss3\
\x0dM\x0d$\x93\xf3\xedI?\x85\xf0\x8d\x04\x11S\xcf\
\xe3dU\x83\xdee\xebE\xe0?\x03\xdc\xb8~\x85\xe5\
\xcb\x97SWW/uR\x956\x98;\x937\xf6\x81\
t<\x12\xe1\xc4\xc8\xab\xb9\xa2\xe3\x05D+5}8\
\xa3\x9eyjB\x18\xcc\xdf\xa3o\xd8\xd5\xd3\xcb\xce]\
\x0f\x144V\xe7\xae\xd7\xae$\xac\x1c\x83\xb9\xab\xdbZ\
\x1a\xccs}\x1e\x85\xf7\x95N\xa7\x08x\xbdx\xbd^\
\xa6\xa6&\xf0{g\x0be4\x8cL\x02\xff\x82H\x8b\
~\x1b!\x80u\xe1g\xccx\xbc\xed\x05H\xdf\x0b\xfe\
\x91\xa9\xa7\xbbF\x90/\xb5x\x9e\xa1\xc1g\x10\x9d\x8f\
\xaa\x15|\xd5\xc2X^\x8d\xf9 2\x82J\xf6\x18\xcf\
S\x9a\xe88\x82\x08\xf4\xcb\xf5D\xc8\xae\xd3\xdd\xf6\xc7\
\xd9L\x87S\xf4a\x96{q\xfe\xfdzn\xea\xe9\xae\
\xa3}/\xf8\xcbm,\xa0P(\x145\xa5T\xe1\x01\
\x99\x00jj\x5ct\xf0\xb1\x18\xc1n\x14!u\x88\xb4\
\xd3\x06\x80\xc6\xc6&6m\xdd^Tt\x80\xf0\x1d\xf4\
t/\xe5V6\xb0~'0Jvb\xba1\xe3Q\
\x97y\xfe\x18\x19\xe1\x91L$I$\x9347\xd5\xdb\
\x96\xf6Tc\x90\xa0\x9b\xe3\x94\x82A?o\x8c\xbe\x9e\
+:>\x8d\x08z\xe7\xc8\xea\xa4zD\x0a\xf0\x93\x18\
j\x11Ey\xdb\x96\xe2\xdd\x9c$\xd6\x9b\xef\xd3(\xd7\
`\xee\xa4\xd3\x95;\xcc{\x89&&\x08\x05\xfc\xccL\
O\x11\x89\x84\x8d\x06\xfdB\x9c\x05\xbe\x8e\xa8%\x1eC\
\x5cw\xe3\x8f\x9e\xedX0\xa2c\xf2\xca\xc2\x98k\xe7\
9\xb0\xeb0\x22p\x95e7\xa2\xf4J\x04o\x95\x9e\
}0<\xfa\x94\xe5\xf3\x95m\xcb\xea\xa6((\x84;\
\xe2F\x98\xa9\x9d\x18\xc9\xf7#>7c\xe0\xacw\xb0\
\x12]\xad\x9c\x06\xe3\xf2\xfe\x1f\xf7\x04\x9d\xc8\xf2\xbc\x88\
|F\xec0\xe2\xbc\x8dk\xd5\xcf\xdbI\x17\xac\x01\xe0\
\x99\xc9+\x97\xef\xb4\x92+\x85B\xf16\xa3\x1c\xe1a\
bj|l>\xa8\xca\x11!\xba\xf0X\xa9?\xd1\xd4\
\xdcd+:\xe6\xf7\xb5|\x05\xb7n^\xd3\x1fn6\
\xbc\xa4a\x1d\xcc\xcd;\xd0\x13\x899B\xa1 \xcd\xbd\
\xce\xcb\x88\xf2)g\x90\xa0=\xf2\xc3\x02\xe1\xd6\xad\xeb\
\x9c;\xfdFn\xa9\xcfo\x00\xff\x0f\xeb\xc1\x80\x9f\xc4\
\xd0E\xa4\x7f`#\x1b\xd6\xdf\xed\xf0<J\xb6n\xcf\
#g0\xb7~,[\x8a%\xb3\xcaT2I8\x1a\
az\xe26\x13\x93\x13\xc4\xc3a\xe3\x14\xf3b\x9cF\
\x94\xb1\xbd\x86\xa8\xcd\x8c\x92\x15\xc0\x09\xcc\x828E\xd6\
\xdf\xb1 D\xc7BB;x\xe2\xb0\xe7\xc0\xae=8\
\xef\x824@vF\xc6a\xc4\xdc\x83j\x96\xa0T\xb2\
\x1c\xaa\x1a\x19\x8f\xf2K\xadD\xf0-\xdb2\xf6(B\
\x88\x15\xbeS/\xca\xe8\x0e34\xf8<vs?d\
\xd7h\xc6\xcd\xcfL\xb6U\xf0e\xc4y\x17\xde\xaf\xf0\
.\xedgh\xf0(rbf\x1fnuzS(\x14\
\x8a\x1a\xe1\x9a\xf0(\x82.<\xe6\xdb-E\xcdw\xe9\
\x8b\x92\xd3ei\x0b\xa2\x95Y\x04\xb1v\xfdn\xb2>\
\x17\xa4\x01\x11\xe0\x8d\x01\x1b\xd2\xe94\xb3\xb3\xd3,\xed\
]F\xe5\xc9\x94\xf2h\xf9\xb3\xe7d\x0d\xe6\x850\x8a\
\x92\xdb7\xafs\xe6\xd4\xa8\xf1\xe5$bV\xca\xb71\
\xcf\xe8h@t]\xf8M`~(\xca\xfa\x0dw\xb3\
\xb6\x7f\xbde\xd9\x98y\xed\xd6\xeb*\x9c\xb1\xa8\x8c\xc1\
<w\xbf\xf3\xc7w`0O%\x92\xf8\x83>\x02\x81\
 3\xd3\x13x\xa7\xa7\x89\xc4\xa2P\xdc\xa3\x01\x22\xa3\
\xf1\x15\xe0\x0cp\x8d\xac\xb80\xfe\xa4,~\xd7\xbf\x97\
\xba\xb7c^|\x18\x05\xba\x82g\x11A\x5c\xa9eM\
\xfa\xfc\x07\x10w\xd4\xed&a\xbb\x81\xfdZK7\xc3\
Wv\xd6\x84\x10\x0cn\x1c\xe39\xe4\xee\xf8\x1fex\
\xf4!\x89\xed\x04\xc3\xa3\xcff\xd6(#F\xe5\x84\x82\
\xec9\xcb|fC\x83\xf6\x03\x11\x05#\xc0C\xd2M\
\x00\x86G\x8f24\xf8,B|\x14\xa3\xc7s`\xd7\
^\xed\xe0\x09\xe5\xf5P(\x14\x8b\x96J\x0b\x0f\xa3\xd9\
|>\xca\xd34\x8dP(TtH\xe0\xfc\x0e<\x1e\
\x96\xf5-gzjR\x7f\xea\x1d\x88\xbb\xcdz\x0c\xaa\
\x0b\x8ff\xc4<\x8af\xe0\xaf\x81\x03\x00A\x9f_r\
\xa9i\xd2\xd4Q\xb7\xa0|\x1e\x86\xf7\xa5\xd3\x5c8\x7f\
&\xb7]\xeee\xc4\x1d\xb0Sdgtx\x10&\xf2\
{3\xaf\xcd\x0f\x06\xdc\xb8e\x1b}\xcbW\x148\x82\
\x8bu`\x8e\xf7\xe7By\x95\xc1`\x9eL$\x09\x85\
\x03\x04|~\xa62B#\x1a\xb5\x15\xbb!\xe0\x9f\x10\
bc\x14\xb8\x81\xf0\x10\xe5\x0a\x8aB?i\xcc~\x0e\
c\xa6Ce<,\xd0\x0e\x9e\xf0z\x0e\xecz\x08Q\
/_\xae\xa7B\x1f\xbeV\xb9R,\xb9\xb6\xac\xe5\x98\
\xbf+=\xe4\xae\xfc\xb6\xb2\xd9\xf2 ;F\x1c\x89\x8e\
,\xcf\x22\xe6X\xd8\x09\x9bZ\x18\xcbeJ\x03\xf5L\
\x873/\xc6\xf0\xe8\x91L\xe6c\x8f\xcd\x96{\x11\x1e\
\x19\x85B\xa1X\x94T+\xe3aB\xd34b\xd1\xb0\
\x94\xf0\x00\xe8\xeeYj\x14\x1e\x1fC\xdc\xdd\xafC\xdc\
\x81\xf6 \xee\xe8\x7f\x10\x11lo\xc3\xd0\xaa7\x14\x0a\
0\x97L\xd2\xd4`\x7f\xaa\x15\xf7x8&\x1b\xbc\x9f\
=9\xca\xe4\xc4M\xe3\x8bo\x01\xff\x89lp\xac\x91\
\x9d\xd1\xf1\x04\xf0K\x99\xdfillb\xfb\xbd\x83,\
\xe9\xeev\xbc\x82\xdc\xc1\x87N'\x98\x973\xa3D\xba\
\xbcJK\xe3\xf3\xfb\x08\x06\x03\xccNM2=3E\
<\x1a\x95\xf1h\x9c\x03\xfe\x0a\x91!\xbb\x80u\x06C\
F`\xe8\x22\xc3Jl\xcc/Be;\xf2\xd1\x0e\x9e\
\xf0\x02\x0fx\x0e\xec*w\xf8\x9c\x8e\xb1\x14\xeb\x10\xc2\
\x90\xee\x96!\xb7r\xa5P\x22\xa0\xb7\x0f\xb6\xcb;\x17\
7\x84\x8dl)Ti\xb3'\x86G\xbd\x0c\x0d\x1e\x91\
8\x8e\xecupG\xcc\x09\x1f\x8a\xcc\xbe\x9e-#\xe3\
u\x18{\xe1a\xf7\xbaB\xa1P,h\xaa!<\xf4\
`+\x8d\xb83\x7f/@(\x14bY_\xa1\xbb\xef\
f\x96,\xe9\xa6\xa1\xa1\x91d2\x01\xb0\x0a1\x80\xd0\
\x83\x18\x82\xb7\xc9\xee\xfd\x01\xbf\x97eK\xed\x87M\xd6\
\xda`n\x15\xa4'S)\xce\x9d\x1eer\xc24\x07\
\xe9o\x10m\x89\xe3d\xcby\xf4v\xb9?\x08\xfc\x9a\
\xbea]]\x1d\xf7\xee\xdcM\xc7\x92N\xcb\xe3\xb9\xe1\
W\x91\xf3i\x146\x98\xe7_\xf7\xe2j%\x9dJ\x11\
\x8d\x86\xb9=q\x9bp8\xc4\xcc\xe4\x04\xd1h\xc4N\
hL \x1a\x0f\x8c\x22\xeepN :\xa3\xc9\x08\x8d\
\x5c\xb1\xa1Y\xfci\xec\xf0\xa6\xc4\x86C\xb4\x83'\x9e\
\xf2\x1c\xd8\xb5\x17qW\xd9\xadV\xb6\xfb\x80}\x0c\x0d\
\x1ebxt\xbf\x0b\xfb\xabdF\xa2\xd2\xd9\x0e\xd9c\
\xd8\xdd\xfd\x97\x11\x1e\x87\xca\x1c\xfc\xe8f\x96\xc2\xad\xeb\
*s\xde\x87\xcb,\xf5\x93yo\x8f\xe7\xc0\xae\x9e\x8c\
`W(\x14\x8aEG\xa5\x85Gn0\xf6\x17\xc0o\
\x01\xc42]\x83<\xf9\x86\x88<Z\xdb\xdbX\xbe\xf2\
.n^\x9f\x9f7\xf4\xe9b\xdb77\xb7\xd0\xbb\xb4\
\x8f\xee\xde^Z\x9a[hm\x17\xf3[\xca\x0f\xb4\xe5\
\x0c\xe6e\xcd\xa40\x10\x89\x8695z\x82P\xd0T\
.\xf6\xe7\xc0\x1f\x92m\x97\x0bY\xd1\xf1Q\x84\x91\x1c\
\x80\x8e\xce%l\xdc\xb4\x95\xf6\xce\x0e\x8bV\xc122\
\xcb\xda\xaa\x9d;\xc1\xdc\x09\xa5\x0c\x0eLii\x22\xc1\
\x00\xb3\xdeY\xa6&&\x08\x87CD\xc2A\x99\x8c\xc6\
\x19\xe0\x1b\x88~\xfb7\x91\xcfh\x94,4>\xf1#\
?\xae}\xf9\xd0o\xda\xadKaA\xa6v\xfd\x88\xe7\
\xc0\xae\xe7\x907/\xcb\xb0\x8f\xa1\xc1\xbd\x88\xbb\xd1\xe5\
\x04\x86\x95\xec:\xe5\xee`?k\xe4\xa6\x96\x17B\x5c\
C\x99kPn\x99\x9b\x9b\x22\xcc\x0d3\xfdn\xe4>\
\x9f\xf2\xce[d{d\xdaL\xefF~\x16\x8eB\xa1\
P,(*)<\xacJNL\x06s-\x9d\xc6S\
/7c\xa3\xab\xbb\xc7(<\xe6\xf1x<\xd4\xd77\
\xb0dI\x17\xcb\x97\xaf\xa4\xb9\xbd\x9d\xd6\xd6V\x1a$\
J\xab\xf2\xd1\x85Eq\x9fGa\xb2\x81\xb9\xb3p<\
?\x1b\x10\x0a\x059q\xfc\x18s\xb1\x98q\xc3?C\
\x88\x8e\xdc\xc1\x80M\x88\x89\xed?\xa3o\xd8\xd1\xd9\xc5\
}\xbbvS_\xe4\xfa\xda\x1b\xcc\x9d\xe2\x8e\xaf#\x99\
L\x12\x8fE\x99\x9d\x99\xc6\xeb\x9d\xc1?;K,\x16\
\xb5\x1b\xd8\x07\xc2\x9f\xf17\x88\xc1}\xb7\xc8\x8a\xb3\x8a\
\x09\x8d\x8f\xff\xf0\x7f\xd0\xd0\xcf\xba\xf4\x0b\xa70\xa0\x1d\
<\xb1\xdfs`\xd7!\xc4]\xe6rg=\xe8\x88\x09\
\xdb\xe5e?*\xd9u\xca\xddY\x13\xd6\x94\x1b\x84\xcb\
\x94\xc2\xe5\xb6\xccu\x86\x9c\x19\xdc\xeb\xa0\x9c\xc9\x8d\xcf\
L\xf6\xbc\xdd\xe8U-s\xed*5\xdcR\xa1P(\
*N\xb5J\xad\xf4\x00\xee2b\xf8_g$\x12&\
\xadi\xd2\xa5MK\x96t\x01Bh467\xd3\xdc\
\xd8LO\xefR\x96\xf5\xad\xa0\xa1\xa9\x91\xa6\xa6\xa6\x8a\
,\xde\x8aJ\x1b\xcc\xc3\x91\x10\xc7G^%\x11\x8f\x1b\
\x9f\x1e\x06\xfe\x9e\xec\x8c\x0e\x10\xa2c\x1b\xf0\xab\x18f\
ttvv\xb1cpWQ\xd1aMi\x86\x8cr\
'\x98\xa7\xd3)\x82\xc1\x00\xe1`\x90\xa9\xa9)\xfc\xbe\
Y\x22\x91\xb0\xcc\xa1\xcf\x02\x7f\x07\x9c@\xf84\xf4\xd2\
\xb3\x8a\x09\x8d\x8f=\xf5c\x9a\x95\xc8\xc8\xf44\x93:\
_\x85\x04\x22x\x15\x1e\x8d\xec\xcc\x087\x86\xfa\xedc\
hpw\x89\xc6\xe7J\x9a\xcb\xabQjUnVE\
\xc6_P\xae\xf1\xd9\xed\xeb\xe0\xc6g&#<\xdc2\
|\xcb\x9c\x9b\x12\x1e\x0a\x85b\xd1R\x8d\x8c\x871\xd0\
K!&:w\x02\xc4\xe3q\xe9\xccDCc#\xeb\
7\xdcMk{\x07]]\xdd4\xd4\xd7\x9b\x86\xdf\xd9\
\xe5'\xd2h\xd4\xc9\x04\xc1\xd4\xd0\xe7\xa1iLN\xdc\
\xe2\xcd\xb3g\x8c\xd3\xda5D\xd9\xc9\xf7\xc8f:\xf4\
v\xb9M\xe4\x88\x8e\xa5\xcb\xfa\xd8\xb8y\x1b\x0d\x0d\x8d\
\xae-\xd7\xce`\x9eKa\x83y&#\x94N\x11\x0a\
\x85\x98\x99\x9e\x22\x1a\x09359A<\x1e\x93)\x9d\
z\x13\xf8*Bp\x8ca\xceh\x14\xea<U\xb6\xd0\
\xb0[\x94\xa2\xc2\x88\x0eU\x872\x06\xec\xbd\x88\xbf\x0f\
\xe5\x04_{\x18\x1a|\xb1\xe0\x90@+\xe4\xef\xc4\x97\
z\xb7\xbf\xb2\xa5Vb\xfd\xf6\xd7\xac\xd0]{Qn\
d\xf7~\xaf\x0b\xed\x8c\xdd\x1e\xf6'\xb3\xe6b\xe5e\
\xbb\x91\xfb\xdcU\xe9\x93B\xa1PHP\x11\xe115\
>\xa6\xf5\xf5o\xf0`->N\x92\x99`\xee\x9d\x9e\
\xa4\xbd}C\xc1\xfd\xe4\xb2z\xdd\xfa\xf9\xdf\x8d\xb1\xad\
\x13\xdf\x86[\x86\xeaJ\x0c\x12\xbcv\xf5\x0ao]8\
\x9b\xfb\xf4\xaf &c\xe7\x0e\x06\xdc\x81\xf0sl\xd1\
7\x5c\xd7\xbf\x81u\x1b\xee\xa6.s\xef\xdd\x88\xe86\
\x9b_B\xe6\xfc<\xacUG1\xc3x:\x9d&\x1c\
\x09\xe2\xf7y\x99\x99\x9a&\x1c\x0a\x10\x0e\x87\xec\x0e4\
\x0d\xbc\x8c\x08\xb6N\x01\xb7\x11\xf3[\x8a\x09\x8d\xb4\xc5\
\x9f\x8e\x84\xc6G\xf7>\x9d\xbd\x1cEg\x9aX<\xa7\
\x12\x1e\x95E\x04\xc5\xba\x08\xd9\x8d\xb8\x03_j)\xd6\
^\x86\x06\xf79h\xbb[\xfbV\xb7\xe5\x95\xf2\x94\xbb\
~\x99l\x87\x1b\xc1\xb7\x8c\xa0tsb\xb9\xdd\xbed\
\xf6\xe1\xa6\xe8\xa8F\xc9\x9dB\xa1P\xd4\x8cj\x98\xcb\
\x8d\xd9\x8e$b\xba\xf6\x93\x00\xfe\x80\x9f5e\xef\xbe\
\xcc\xf9\x0f\x8e\x91\xcb\x8981\x98\xa7\xd2i\xae\x8d\x8f\
q\xf9\xe2\x9b\xc6\xa7\xc7\x81\xdfEL\xc9\xd6'`\xd7\
!>\xb3{\x81\xcf\x02\xcb\xf5\x8dW\xaf[\xcf\xba\x0d\
w;\x5cw)\x06\xf3\xdcw\xe6\xbf\x9e\xcct\x9d\xf2\
\xfbf\xf1\xcdz\x09\xf8\xbdN<\x1a\x7f\x8b8\xe7q\
\xf2\x05F)B\xc3\xf8;\xe4\x09\x8d\x1f\xd5\x94ZX\
\x84\x88\xaeI#\x08\x11\x22\x06\x09:/\xc5\xda\xc7\xd0\
\xa0\xac'\xa1reVBDUf\xdfY\xca=F\
5\xd6({\x1c\xd9\xc0\xdb\x0d\xb1X\xe9\xd9-\xb9(\
\xe1\xa1P(\xeeh\xaae.7\x8a\x8f\xe3\xfa\x06\xbe\
\xd9\x99\x0a\x1e\x1e\xe6\xe6\xe6\x08\x05\xfd\xcc\xce\xcc\xb0b\
\xc5]tuuK\xbc\xab\xdcb+g\x06\xf3\xb4\xa6\
q\xf2\xf81\xbc\xdeY\xe3\xd3#\x88LG\x0c\xf3`\
\xc0\x06D+\xe1\xcf\x22&\xb8\xe3\xf1xX\xb3\xb6\x9f\
\xfe\x81{JZ\xad\x1b\x06\xf3d*E,\x16\xc1\xef\
\x9bevz\x9a@\xd0O\xcc~:\xbd\x1f\xf8\x17\xe0\
\x22\xe2;q\x05\xb3GCVh\x183j\xb6B\xe3\
\xc9\x1f\xfa\xd1\xac\x19\xbc\x00v\x89\x0b\x95\xd8X`\x0c\
\x8f\x1e\x06\x0eg\xba.=\x87\x5c\xb0\x08\x22\xc8{\x06\
\xb9nD\x8b\xbd\x95n\xb9\x1d\xb9d\xd6\xe8\xc6\x9d\xff\
\x85\xd6J\xb7Z\x82K\xa7\x1a\xdf\x05\x85B\xa1\xa8\x19\
\xd5\xcax\x18K\xad\x22\xc0iD\xa9\x10>\xdf,\xdd\
\xdd\xbd\xee\x1d0\x95\x22\x14\x8909q\x93\xa9\x89\x09\
\x92\x09\xe1\x95ho\xeb\x90\x14\x1e\x02\xbb\xceVn\x18\
\xccS\xc9\x04\xa7\xde8\x8e\xcf,:\xbe\x0f\xec\xc7z\
0\xe0\xc3\xc0\xa7\x10\xde\x0e<\x1e\x0f\xdb\xee\xddIO\
\xef2\xdc\xc3\xbe\x94*\xadi\x04}>\xa2\xb103\
S\xd3\xf8\xfc\xb3\xcc\xc5\x1c{4.\xe1nF\x03\xcc\
b\x17\x80'?\xf1#Z\xa6\xe5\x94\xf4\x15\xc8\xc3Q\
\xa5\x95\xb2\x84\xd4\x8c\xe1\xd1#\xc0\x91\xcc\xf0@\xd9v\
\xbc{\x91\x13\x1e\x95\xech\xb5P\x8c\xe5\xc5\xee\xa4W\
\xf2\xfc+u\x9cj\x09\x0fw\x84\x80\xa4\x8fH;x\
B\x09\x0f\x85B\xb1h\xa9\x86\xf0\xd0\x7f\x8c\xe5V\xaf\
\x93\x11\x1e\xb7o\x5cwExD#\x11n\xdf\xbe\x89\
\x7fv\x96P(\x90\xf7\xba\xdf?\xcb\x8aU\xabh\xa8\
\xab\xb7-\xcd\xaa\x86\xc1<1\x17\xe7\xcc\xa9\xd1\xdc\xac\
\xcf\x17\x81\x17\x11\xa6i\xa3\xe8\xa8\x07\x1eG\x88\x0e@\
\x0c\x06\xdc\xb6}'\xdd\xbdK-\xf7ou\x8e\x85\xc4\
\x92\xed\xf5H\xa7\x89\x84C\x04}^\x82\xe1\x00^\xaf\
\x97\xa8\xbdG\x03\x84\xc0\xfc\x1aBh\xdc\xc0\x1d\x8fF\
\xd1\x8c\xc6\x0f~\xe2G\xe6\x7f/;+\xa1R\x1b\x8b\
\x93\xe1\xd1\xfd\x0c\x0d^F\x0c#\xb4c7C\x83=\
\x12\xe5V\x8b=\xe3Qz&A\x98\xfa\xed(w\xaa\
\xba\xecq\x9c\x18\xf8\xcb\xbb\xae\xe5\x1a\xf2\x9d\xa3\xb2\x1d\
\x0a\x85\xe2\x8e\xa7b\xc2#\xc7`\x9e\xdb\xd9\xea;\xc0\
O\x01\xc4cqR\xa9T\x09\xad_a.\x99\xe4\xd6\
\xf5k\xf8|^\xc2\xa1\x00\xa9T\xaa\xe0\xb6\xd3S\x93\
\xac\xb8\xcb\xcbRW\xb2\x03\xfa\xbc\x8fR\xbc%\x1a\x01\
\x9f\x8fSo\x8c\x90H\xcc\x19_\xf8\x22\xf0\x15\xf23\
\x1d\x1e\xe01\x0c\xa2\xa3\xad\xad\x9dM[\xb6\xd3\xd9\xb9\
\xc4\xf2\xfe\xbal\x07\xaf\x82+\xd44\xc2\xa1 \x01\xbf\
\x0f\x9fw\x96p((c\x06\x07!0\xbe\x86h \
p\x95l\x17\xaer\xbaN\x15\x17\x1a\x1f\xffa\xf1{\
\xc5\x04\x82\xf1\xb0\x92i\x0fE\xed\x19\x1e=\x9c\xf1N\
\xc8L\x9c\x96\x19\xc8\xf6v\x10\x1e\x85\x8eQ\xad\x80\xd8\
\xed\xb2&\xfb\xfd\x15\x9f\xb0^\xc9\x81\x91VT\xcb\xc0\
\xafP(\x145\xa3Z\x19\x0fcp\x99\x04\xa6\xf4\x0d\
\x12\x899R\xc9\xa4\xb4\xf0H&\x12\xccNO\xe3\xf3\
\xcd\xe0\x0f\xf8s\x07\xec\x19\xb9\x00\xfc%\xf0\x0e\xe0\x09\
\x80\xd9\xe9)I\xe1\xe1\x8e\xcf\xc3\xca+\x11\xf0y9\
9z\xdc\xd8.\x17\xe0\x0b\xc0\x0b\x98E\x87\x07\x91\xe9\
\xf8\x8f\xc0\xcf\xea\x1bvt,a\xfb\xce]%\x0fH\
\xf4huy\x13\xcc\x13\xa94\x89D\x1c\xef\xcc,~\
\xdf,\xfe\x80\x8f\xb9X\x1cM+j\x06\xf7#\xbam\
\xbd\x81\xe8>u\x8b\xd2<\x1a\x8e\x84\xc6\x13\x1f\x7f\xaa\
D3\xb8Y$\x94\x9b\xccP\xc9\x90E\xc1a\xe4\x84\
G\xf1\x00S\xdc\x89\xb7\x0bB\xcb\xb9\xe3_\xe9V\xba\
2\xeb/6\x94\xaf\xbc\x89\xe7\xf2\xb8'pd\xb34\
\xc5\xa9\xd6y\xebT\xdbO\xa2P(\x14U\xa7\xda\x03\
\x04\xf5\x80\xf3\x16\xa2=\xea\xcax<F2\x91\xa0\xa9\
\xb9Yjg\xe3W.s\xfb\xe6\xf5B/\x8f\x01\xbf\
\x0f\x9cC(\x87&\xc4]\xf7'\x00\x02\x01\x9f\xf4\xa2\
\x0b\xb5\x9f\xcd\xdd\xc6I\xf0\xe9\xf3y9y\xfc\x98\xb1\
\xbbS\x18\xf84\xf0odE\x87\xb1e\xee\x7f\x07>\
\xaao\xdc\xde\xb1\x84\xad;v\x96(:\x0c\xebN\xa7\
\x89E\x22\x84\xc2!\xa6'o\x13\x0e\x85\x88\xc5\xa22\
\x1e\x8d\xd3\x88!\x86'\x10\x1e\x8d\xdca}\xae\x0b\x8d\
\xc7?\xf6\x94ER\xc9\xc5V\xb6\x1a\x96\x83I\xca\xd9\
\x9d\xc2\x8c\xe7\xc0\xae\xdd\x88\xf2\xcab\xec\xd7\x0e\x9e\x90\
mm+\xc7\xf0\xe8H\xa6\xe4\xca.\x80\xb4\x0b\xca+\
w\xc7\xdf\x8dY\x13\xf6T#c\xe1F\x00\xeef\x86\
\xa1ZA\xbc\x9b\xc2Ce<\x14\x0a\xc5\x1dO\xad\x84\
G\x0a\xd1\xcdh%@,\x1e\xa5\xad\xa3Cjg\x0d\
\x8dyK\x9eA\xdc\xd9\x1c\xc9\xfc\xae\xcf\xbb\xa8\x07Z\
\x10\x86f\x00\x22\xe10\xd1X\x8c\xd6\x96\x96\xd2\xcf\xa6\
D\xc6._\xe4\xea\xd8%c\x16!\x8c\x18\xfe\xf72\
Bt\xe8\xeb\x06\xf1\xb9\xfc7\x0c\xa2c\xe9\xb2>\xee\
\xd9\xbc5o0\xa0L\xb9W:\x9d&\x1a\x8e\xe0\xf3\
\xcd\x12\x0e\x85\xf0\xf9gI\xc4\xe32\xedm\xcf#<\
'\xe7\x11B#A\xa5\x85\xc6\x93{\xc5\xefu\xa0\x87\
\xfeeg\x17\xca\xdcA\x01m\xa2\xd2\x1e\xf2T\xfb\xce\
\xb1\x11\x19\xe1aw\xecJ\x06\xb1\xd5\xb86\xd53H\
\x97\xc7B3\x96\xcb\xe0\xce\x14q\xd1\x91\xcdn_#\
\xda\xc1\x13\xaa\x95\xaeB\xa1X\xd4TTx\x18|\x1e\
z\xa0\xa9\x07\xa3ID\x89\xce{\x01fff\xe8]\
\xda'\xb5\xcf\xb6\xd6\x0e<\x1e\x8f\xf1\xee\xfc/#\xfe\
a\x0e\x22\xcc\xcbs\x99c5\x90\xad\x99\xba\x00l\xd2\
4\x8d\xd9\x99)V\xaf^[\xd5A\x82W.]`\
|\xec\x92\xf1\xa9 \xf0\x0b\x886\xb21\xb2^\x08\x10\
3:>\x07\xec\xd47^\xb5f\x1d\xeb\x07\xee\xc1\x93\
\xd7\xe3\xd6:\xf2\xd54\x8d`(D0\xe0'\x10\xf0\
\x13\x0c\xf9\x89\x86\xc32\xa7\xa3{4F\x81\x09 \x8a\
s\xa1\xe1\xa8\xbd\xedcO\xfeP\xe6w\x8f\xd5\x99X\
\x9e\x9f,\xae\xe8\x02\x95\xc2p\x03\x99 \xd0\x9d\x00\xae\
4\xec\x82\xb9J\xceV\xa8\x86\x8f\xa0\x1a\xc7\x90ma\
\x5c\x0c7\x85\x87\x1b\x9f\x99\xccg\xea\xd6\xf7V\xa6$\
\xf0\x88K\xc7R(\x14\x8a\x9aQ\xcb\x8c\xc7\xab\xc0\xcf\
\x03\x84\x03~\xe9\x9d\xf5\xf4\xf6RWWg4\x92\xf7\
 \x82\xe4\xb9\xccO\xc2p\xcc\xfa\xcc\xe3\x97\x81M\x00\
\xb1xAO\x88C\xec} \xc9d\x82\x8bo\x9ec\
r\xe2\xa6\xf1\xe9\xf3\xc0A\xb2\xa2c\x0eq=4\x84\
\xd8\xf8\x0b\x0c\xff\x98\xdd\xb5j-\x1b\xee\xdeh\xbb\x9a\
P(D\xd0\xe7#\x1c\x16\xa6\xf0h4\x22\xdb\xde\xf6\
\xef\x10^\x8dkd\xbbiULh<\xfa\x83?\xa4\
\x95\xd51,GM\xb8W$U\xc2\xc1+~\xbc\xb7\
\x15\x95\x12\x1en\xcc\x85\xa8\xf6\x109\xb7)\xf7\xee\xbf\
L\x00\xeetx\xa3\x19\xf9\x0eR\xd5\x9cZ.#r\
\x06$\xbb\xa2\x15fhp\x0freVJx(\x14\
\x8aEO5\x84\x87N\xae\xf8\xb8\xa0\xbf \xd91\x09\
\x80\x86\xc6Fz\x97.gj\xf2\x96\xfe\xd4\x1e\x84\xa7\
C+\xf0\x03\x22\xd8\x07 \xe8\xf7Kv\xd1\xd2;W\
\x15\xf7y\x14\x22\x91\x88sb\xe4Xn\xdb\xd93\xc0\
O\x2223\xba\xe8\xd0}\x1d\x0f\x22&\x95\xf7@f\
0`\xff\x06\xd6\xae[\x9f\xb7\xefT*\xc5\x5c,N\
 \xe0\xc77;M,\x16\xb3l!\x9cC\x001\xb0\
\xef\x1cB\xf4\xdc\xce\xac\xc3-\xa1\x01\xf9\xd7\x9d\x8f<\
\xf1\x09\x0d\xdc\xc9.\x95O1\x83\xb9s\x09\xa3$\x87\
\xab\xc8\x04^\xce\x10]\xad\xec\xcb\xac\xec\x83\xc6Z\xcf\
\xf0(\x97r\xd7/sn=\x0c\x0d\xeev \x0cr\
\x91\xf9\xfc\x9d\x5c\xe3\xf2K\xad\x86G\xbd\x0c\x0dz\xb1\
\x17D{(O\x14<'\xb1\xcda5\xbfC\xa1P\
\xdc\x09TKx\x18\xef\x82\x1b\xe7y\x5c\x07\xd6\x00\xc4\
\x22QZ\xdaZ\xa5vv\xd7\x9a\xb5F\xe1\xf18\xf0\
\x07\x88si \x1b\xf86 \x86\xee5\x00\xe3\xfa\xc6\
\xa1\xa0\x9fh4J\x87\x84\xa7D\xa6\xb7\x95\x95\xc1<\
9\x17\xe7\xd4\xe8q+\xd1\xf1Y \x84\x10\x1d\xba\x99\
\x5cO\xdd\x1c\x026\x82\x10\x1d\xdbw\xee\xa6\xab\xabK\
\x1c#\x9d&\x12\x89\x10\x0b\x85\xf0\xfa\xbcxggH\
\xa5\x12\xb2\x1e\x8d#\x08\xb1q\x91\xac\xc8\xa8\x98\xd0x\
\xe4\x89\x8fk@I\xed|\x8b\x05\xf2R\xb2\xa0,\x83\
y\x89\x9b(\xf5!\x83L\xc0\xb4\xdbs`\xd7\x1e\xed\
\xe0\x097\xcd\xb3n\x95\xaf\xc8\x88\x97R\x83B\xb9\xa0\
\xbeT\x84w\xa0\xdc\x8c\x8d\xec\xb9\xed\xb1\xd9\x8f5B\
 \xca\xcc\x5c\x91\xdb\xb7\xe4 >\xc9\xcf\xec(b\xc8\
d1J\x17\x1eb\xd8\xa5\x8c0T\xd9\x0e\x85Bq\
GPq\xe1\x91\xf1y\xe4\x96[\xe9\x81\xedI2\xc2\
\xc3\xef\xf3J\x0b\x8f\xce\xceN\x96t\xf5\x10\xf0\xcf\xdf\
\xa8\xdc\x85(\xdd\xd2\x05\x87\xfeg\x0b\xd0\x8a\xe8nu\
\x15X\x97N\xa7\xf1\xceN\xd3\xd1\xd1\xe1\x9a\xcf\xc3H\
(\x18\xe0\xfc\x99\x93\xb9Y\x9cO#J\x9a\x22\x08\xdf\
\x84n&\xd7K\xac\xba\x81\xad\x00u\x0d\x8dl\xda\xbc\
\x85\xe6\xa6&&n\xdd$\xe0\xf7\xe3\x0fx\x89G\xa3\
2\x877v\x9d\xba\x8a\x108\x15\x15\x1a\x8f>\xfeq\
S:H\x7fPnC\xe2\xec\x0e\xec#{)\xc1\xe2\
\x86@P\x22\xa3Td\x03\xd7\xe7=\x07v=\xe4\xca\
\x9d\xdd\xa1\xc1g\x90\x13\x1e\xc5\x85\x8e\xecP\xbb\xcaR\
ZVD\x94\xf0\xbc(\xb1e\xf1\xac\x8f\xb8\xf3?\x82\
}\x80\xbc\x8f\xa1\xc1#\x8eDXv\x8dn\xfaP\xdc\
4\x96\x8f`/<\xf624x\xc8\xb1\xf8\x14\xa2p\
\x9f\xc4\x96\x87]\x16\xe4\x0a\x85BQ3jYj\x95\
B\xfcO\xfd#\x00>\xdf\x0c+V\xad\x92\xdeYw\
w\xb7Qx\xfc$\x22\xa3\xd0\x80\x08\xe8\xeb\x81\x15\xc0\
{\x80\x0f\x01\xf7\x18\xdf;9q\x8b5k\xfb-\xcc\
\xdaN\xd1\xcb\xb1\x84\x80\x99\x9d\x9e\xe4\xcc\xa9\x93\xa4\xd3\
I\xe3F\x9f\x05\xfe\x96|\xd1\xa1\x97X\x01\xcc\x22\x8c\
\xdd\xdb\xd2\xc9\x04\xe7\xcf\x9c\x92]\xc09\x84\x19\xfc\x02\
\x22\xbb\x91+0\x8a\x09\x0d\xfdwg\x19\x8d\xc7>\x96\
S:U(\x1a\x97|\xdeUeP\x19\xfe\xf0w>\
W\xeb%,j\xb4\x83'F<\x07v\xc9t\x97\x1a\
\x00^\xf2\x1c\xd8\xb5\x9fr\xee\xf0\x8a\xbb\xc82\x01\xdd\
e\x86G\xed\x8e#\x13\x10\x97\xe3O\x91-cz\x86\
\xe1\xd1\xc3\xd2{\x15A\xad\x8c\xe8\x90]\xc3\x11\xec\x85\
G\x0f\xf0\x12C\x83OI\x95\x5c\xc9\x7fN:\xb2\x02\
\xcfM\xe1q\x04\xfbR\xa8\x1eD\xc6\xe6!\xc9}:\
\xf9|\xbc\x88l\xb8B\xa1P\xdc\x11T\xb3\xd4\xca\x18\
\xd4\xea\x81\xf0\x19}\x83\x90\x03\x9f\x07@[G\xa7\xf1\
\xe1F\x84\xb8\xe8\x05>A\xc6H^\x88p8D0\
\x10`I\xa6\x94\xc9\x0d\xbc3\xd3\x9cz\xe3\xb8\xf1\xa9\
\x04\xf0\x9b\xc0\xdf\x90\xf5t\xc41\xfb:\xf4\x80\xde\x03\
\xfc\x22\xf0%`s\x91\xc3\x8cf\xf6\xf7*0\x99\xd9\
_\xae\x98sUh<\xfc\xd8G3\xa5S\xfa2\xcd\
\x94\x92\xd9(;\x1bbK\x05k\xae\x14\xa5r\x18\xb9\
Z\xf6\x01\xe0E\x86\x06\x8f\x02GJ\x08\xb6\xf7!o\
t\x96\x09\xe8\xe4\x84\xc7\xd0\xe0>\x86G\x9d\x07\x88\xc3\
\xa3\x97%}\x04\xcf14x\x99\xe1Q\xbb\x0c\xcdn\
\xc4uv\xe2\x99\x91\x15\x1e\xb2\x9f\xdf\xeb\x0c\x0d\x1e\x02\
F\xf2\x84]\xb6\xf4Kf_\xb9\xc8\x96q\xb9\xd7\x0c\
@|>G\x90)\xb7\x1a\x1a|\x09x\xb6h\xe6C\
\x94\x81=\x87\x5c6\x0e\xc4|\x1b\xe5\xedP(\x14w\
\x0c\xd5\xccx@~\xa9\xd5|;\xabT\x22\xc5\x5c<\
.=HpIg\x17M--\xc6\xc9\xe5\xbf]h\
[\x8f\xc7C[[;]\xbd\xbd,\xed]FSS\
3mm\xed\x92\xcb\xb5\x0f\x91o\xdd\xb8\xc6[o\xbd\
i|\xea6p\x00x\x0d\xb3\xe8\xd03\x1d\xba\x18\xd0\
\xa9\x03\xbe\x870\x98?\x0b\xbc\x0b\xb8\x0f8\x86\xe88\
5\x02\xdc$\x1b\x19[\x09\xb9\xb4\xc5\xef\xb9?\xb6B\
\xe3\xc3\x1fyR\xcb\xb5\x5c;\xa1P\xf9\x9a\xabem\
e\xe9\x83\x02\x96\xf2\x02\xfbt\xdeV@Q\x80\xc3\x08\
Q \x9b\x1d\x10\x9d~\x86\x06\x9fG\x04\xbd\xd9@Q\
\x0f\xf0\x87\x06\x8dw\xcb\x9d\x06\xb2#\x92\xa2F6\xe8\
{.\x13\xf4\x1b\x03\xda\x1e\xe0\xb0D\x09\x8e\x8c\x8f@\
\xcf&\xe8\xd7Bdk\xcc\x1e\x8eg(\xad,\xcb>\
\x08\x17\x01\xb8\xec$x\xd03\x19C\x83%,\xa7 \
n\x96Z9)\x8f;\x84\xfd\xe7\x03\xe2;{)s\
\x9d.\x93\xff\x19\x0d \x7f\xfd@\x94X\xc9\x0bo\x85\
B\xa1X\x04T\xbb\xd4*\xb7\xdcj>\xcd\x91N'\
I\xcc\xcdI\x0b\x8f\xc6\xe6&\x9a\x9bL\xc2c\x1e\x8f\
\xc7Css\x0bK\xba\xba\xe9]\xb6\x8c\x8e\xf6%4\
\xb54SW\x97\x15\x11VS#\x0aQ\xac\xb3\xd5\x9b\
gO1q\xfb\x86\xf1\xa9\x09\xe0i\xb2s0\x0a\x89\
\x0ec\xb6C\x17\x02q\xe0\x7f\x22\xcc\xf2\xf5\x99\x9f\xba\
\xcc6\xfa\x0f\xe4_\xcb\x5cq\x91+4\xac:}i\
\x00\x0f?\xfa\xa4T\xd7\xa9\x5c\x09&5\xb8\x10\xe7\x99\
\x8d\x8a\x1a\xccUB\xa3fh\x07Ox=\x07v=\
\x8b|\xf9\x8f\x91\xbd\x18\x03?Q\xa2S\x0e^\xe0)\
\xa9-E\xc0-\xbb_\xf3:\x052\x81\xa3\xcc\x1d\xf5\
\xfcc\xc8\xadK&\x9b\x22\x1b\x84\xeb\x01x%Z\x1f\
\xdb\xad\xd3\x89\x81\xdf\xdd\x81\x8f\xc3\xa3#\x99\x0c\x8el\
YXV\x5c\x94.\xbc\x8ej\x07O<[\xea\x9b\x15\
\x0a\x85b\xa1R\x15\xe1aa0\xd7K\x81\x82\x88n\
K\xf7\xa4R)\xa2\xb1\x08\xed\x9d\x9dE\xf6d\xa6\xab\
\xab\x8b`\xc0\x87\xc7\xe3\xa1\xa9\xa5\x85\xb6\x966\xba\xba\
{\xe9Y\xb6\x8c\x96\x96\x96\xa2-s\xd3hR\x9d\x97\
r\x83\xe7t:M \x10 \x14\xf0339\x81?\
\xe03n~\x01\xe1\xe9\xb8E\xd6\xcf\xa1\xcf\x17\xd1\xcb\
\xab\xf4\x1f\xabC\xe9\xe8\xd7*Ea\xd1a\xbc\x9e\xc6\
?\x8b\x0a\x8d=\x8f\xfe`\xd1\xd2\xa9\x5c*a\xc0\x97\
\xc6\x81\xc1\xbc\x18Jo,\x0c\xb4\x83'\x8ed\xfc\x1b\
\xe5\x0a\x87r\xf0\x02\x0f94\x02\xcb\x18\xabKG\xdc\
\x15\x97\xf1\xc08\xc5\x0b\xec\xc7\xbec\x94\x93\xb2\xa3R\
\xc5c1\x0eg\xd6Pl\x9d\xd5m\xa5\x9b\xcf!D\
F\xa3r\xdf\x83,G\xb5\x83'\xe4\xfd\x22\x0a\x85B\
\xb1\x88\xa8v\xa9U\xae\xf8H\x22<\x0b\xbf\x020=\
9\xc9\xb2\xbe\x15\xd2;\xbbk\xf5Z\xd2h,\xed]\
F{\xe7\x12\x1a\xeb\xc5\xe98\x09\x94e\x02\xebh4\
\x8a?0K8\x18dzj\x92x<f5\x9c\xef\
$\xf0\xe3\xe4g9\xac2\x1d\x85*x\x8c\x22\x22W\
p\xe8\x18\x85D\xa1\xd2\xa9\xf9\xed\x1ez\xe4\x89\xccc\
\x8f\xe9\xcd\xd9M\xc4\xf3\xfau\x10\xb1~\x99\x86q\xa7\
\xcf\xbb`0\x97\xca\x86(j\x8ev\xf0\xc4\xa1\x8c\xd1\
\xdc\xed\xe0U\x86\xcb\x80\x9c\xf1\xd9\xcca\xe4\xda\xbd\x96\
\xc3~\xdc\xbd&B`\xb9=\xb5\x5c\x88$7\xc5\xe3\
!\x86G\xf7g\xba\x90\x15Cn\x8dr\x83\x08ef\
\xb7\x98\x11\x9d\xbd\x9e\x02^\xa2\xb2\xb3W\x8e0<\xfa\
\x14\x07+x\x04\x85B\xa1\xa8!\x95\xf5\xf8\x9a\xb1*\
\xb5J!\xfeG\x0e\xc0\xcc\xf4\xa4\xa3\x1d657\xb3\
a`#K\xba{2\xd9\x0d\x11V\x970\xef\xcfD\
:\x9d&\xe0\xf3q\xf3\xda5N\x9f\x1c\xe1\xf5c\xdf\
\xe7\xcd\xb3\xa7\xb9~m\x9cX,j%:F\x81\xcf\
 J\xc7\x8c\xc3\x01\xf5LG1\xd1aU6e\x9c\
u\x92$+`r\x7f\xf4\xd7\xe7\xbd\x1d{>\xfcD\
z\xcf\x87\x9fH\x7f\xe8\x91'\xb4\xac\xe8\xc8R\xee\xb5\
\xb1\x227}S\xe8\x18\xc6\xe7m'\x90\xd8Q\xd6y\
\xe4\xcb/\x97v\xac\x90@;x\xe2\x08p7\xd5\x9d\
Mp\x98\xe1\xd1\xbbK\x1ap'\xbc \x95\x9dL.\
L\xd8\xfb]\xda\xdbeDVg\x04w\x06(\x9a\x11\
\x1e\x9br\xd7\xaa\xafQ\xdf\x8f\xdd\x1a\xaa9\xb1\xdc\x1a\
\x91%{\x88\xd2\x87E\xda\xf1,\xc3\xa3r%\x80\x0a\
\x85B\xb1H\xa9u\xc6#\x05L#\xe6O\xec\x00\x08\
\xf8\xbc,\xe9\xaeD\x09qq\xe2\xd1\x18\xfe\x80\x17\xbf\
\xcf\x87\xdf;[H`\x189\x0d\xfc\x09B8\x19\x85\
\x86U\x96c^t\xfc\xc0\x9eG\xe7w\xfa\xed\xa3\xff\
h,\x9f\xc2\xe2\xf7B\xcco\xf3\xc1\x0f?\xae\x15R\
\x8f\x95\xef\x1eU\x19L\xb9\x0a\xdb\x93p\xe8\xf3p\xb8\
+Ee\xc8t\xeay\xcas`\xd7\x1eD\xed\xbc\xfb\
\x93\xcb\x05G\x10w\xd5\xcb\x15\x0e\x95\xbf\xdb=<z\
(\xe3\x09('\x9bp\x04\x11\xc0\xca\x8a\x89R\x83\xf0\
C\x99\xcec\xfb\x90\xf7\xa7\x80\xde\x1e6\xbf\x03\x98\xdd\
ze\xcf\xa7\x12eVYD\xb9\xd9\x03\x88\x0c\x98\x93\
\xf3.\x86\x10\x9d\xa5\x0f\xa1T(\x14\x8aEC-\x84\
\x87\xf1\xce\xbe~\xc7~\x84\x8c\xf0\xf0\xbb$<\xecJ\
\xa8\xd2\xe94\xc1`\x08\x9fw\x1a\xbf\xd7K0\x14\x22\
\x95J\x14\xdb\xe5[\xc0?d\xd6z\x06!6\x12\x98\
\xc5\x86Qp\xe4f9L\xa2\x03@<\xce.\xb2\xce\
\x83\xf6\x7f_\xfa\x07\xcbU\x7f\xe8\xe1\xc7r\x04\x89U\
\xe9\x94\xe1U\xbb\xf3G^\x94\x98\xcb\xb0\xe4\x8f\xe1\xf4\
82\x94\xad\x0d\x94\xb8XPd\x06\xa3\x1d\xf5\x1c\xd8\
5\x80\x08\xe4\x9ct\xbe*\x84\x08nE\xd9\x8a;\xc1\
\x5c\xe9\x01\xa7\xf3l\x82\x18\xd6';\xd1Z\xe7(\x22\
\xa0w:h\xae\x9c |\x04x*3dQ\xef\xdc\
dU25\x82\x08\xae\x8b\xcdMq+\xe3QY\xe1\
\x01dD\xddS\x99\xe1\x87\xcfP\xba\x00\x11\xf3j\x94\
\xe0P(\x14o#<\x9a\xa6\xb1|}\xe97\xf1\xa6\
\xc6\xc7\xa4\xb7\xed\xeb\xdfP\x87\xe8\xd4\xd4\x84\x98*\xde\
\x0et\x02\x1f\x00~\x1f\xa0\xbd\xbd\x83\xc1\x07\xfe]\xc9\
\xeb\xd1\x0d\xe3V\x01q<\x16\xc3\xef\xcbd5\x02^\
b\x91\x88\xdd\xee\xce\x00/ Z\xdd\x060\x8b\x8b\xdc\
r'\xbd4*w^\x86\x06\xf0\xfe\x0f=\xaaY\xcf\
+4\x09\x8f\x82\xaf\xe5\xbf7{\x9eu\x16\xcf\x17{\
M\xbf6u\xb6\xef1?\x9f}\x8f\xfc\xf3\xe25\xeb\
\xe7\xc1c^\x9f'\xfb\x8bi\xb3:\xf3\x06\x1e\x8b\xed\
\xad\x9f2_\xb4R_[\xc8\x03\x04\xfb\xfa78\xda\
~\xf2\xca\xe2\x88q<\x07v\xe9\x1d\x84z\xb0\xef&\
\xa4\xb7/\xc5\xe2N\xba\xfb\x88\xb6\xb9z\xd0\x99\xfb?\
\xcf\xcb\x99\xf5x\x1d\xcd \xb1>\x8enf\xde\x8b\xb5\
\x089\x84\x08\xd8\x0f\x17\xccp\x08\xefD1\x7f\xca\xfe\
\xaa\x5c\xb3;\x9dlk\xe7b\xc2Y/+\x1b\xb1\x13\
\x886\xd9v\x85B\xa1X\xb4T[xx\xc8\x0a\x8f\
f\xa0\x0d\xe8\x00\x96\x01\xdf\x05\xa8\xab\xab\xe3]\xef\xfb\
@\xc9\xeb1\x06\xc0\xc9t\x8ap8\x8cwv\x1a\xef\
\xcc\x0c\xd1H\xc4.\xabq\x19\xf8:p<\xf3\xbb\x9e\
\xcdHZ\xfc\x18}\x18\xb9\xf33L\x1d\xa5\xde\xff\xa1\
G\xe7;IYg\x08\xc4\x93\xf9\xc2#\xfb\x9a\xbc\xc0\
\xb0\x17\x1ev\xef\xd1\xd7\xea\x96\xc0\xa8\x98\xf0\x98\x7fP\
Hx\x14{\xad\x98\xf00\xbf\xae\x84\x87B\xa1P(\
\x14\x0aE\xf9T\xbb\xd4\x0a\xf2\x0d\xe6\x09D\xd9\x92x\
Q\xd3\x88\x86#\xb4\xb6\xb7\x95\xb4\xf3x<\x8e\xdf\xeb\
c\xd6;C0\xe0%f1\xe7#\x873\x88;\x82\
\xa7\x11\x03\x0d\xf5l\x861\x8ba\xfc\xd3j\x22\xb8\xa5\
\xe0\x00x\xff\x87\x1e\xd1\xf4\xfa\x1e\xbdUUe1\xd7\
\x12-4\x9fGM\xdb\xf3\x9a0_'\x17\x1ak)\
\x14\x0a\x85B\xa1P(\x8aP\x0b\xe1\x01\xf9-u\xe7\
\x8c/Fcai\xe1\x91L$\x88Ecxg\xa7\
\x98\x9d\x9d%\x16\x8d\x92L\xce\x15{\xcb\x18\xa2m\xe5\
\x89\xcc\xef\xc6\xac\x86\xb1\x93T\x8a\xe2B\xa3\xd0\xec\x0c\
@\x17\x1c\xcep&\x12\xec#\xe4J\x04\xf9\xb2>\x0f\
\xe3\xf3\x0bn\x90\xa0B\xa1P(\x14\x0a\x85\xa2\xeaT\
Ux\x18\x06\x09\x1a3\x1eI\xc4\xec\x8b\x93\xc0}\x9a\
\xa6\x11\x0e\x06\xe9]\xdaWp?\xb1h\x94` \x80\
wv\x0a\xaf\xd7K2QTh\x80\xc8j|\x198\
\x0b\xf8\xb0\xf6f\xa4(.6\x0a\x09\x8dy\x81\xf1\xef\
?\xf8H\x01\x1f\x87$U\x0e\x96K1\x98\xd7\x04\x07\
\x83\x04\xa5\x04\x8b\x12%\x0a\x85B\xa1P(\x14Ug\
\xa1d<\x12\xc0\x9f\x02\x9f\x07\x88F#h\x9a\x86'\
\x13\xc5'\x13\x09\xe2\xb1\x18\xd33\x93\xf8fg\x89F\
\xc2\xa4R\xa9b\xfb\xbf\x0a|\x05x\x19\xb8\x89\x18\xe6\
\x97\xeb\xcf(5\xab\x01&\xb1\xf1\xb0)\xb3Q\xa9\x00\
\xdd\xa3A:\xcf\xb3\xe1\x14\xfb\x81~\x8b}\x90\xa0B\
\xa1P(\x14\x0a\x85baR+\x8f\x87U\xa9\xd5\x19\
}\x83P8D8\x18$\x12\x09\xe3\xf3\xce\xe0\xf3\xfa\
H$\xe2\xc5\xf6y\x0d!2\xfe\x0d\xb8\x00\xcc\x90o\
\x0a\xcf\xcdh\x18\x05\x87L\xf9\x94\x06\xf9B\xc3\xd9i\
{\xd04\xab\x0eU\xce\x0a\x8br\xc9\x17%\x0b\xa3\x0c\
K\xe6\xd8e{PlOU\xfe\xda*\xb9\xa3P(\
\x14\x0a\x85BQ9\xca\xeejU\xca1\x11\xb1f\x1d\
B\xf84\x22\xba\x5c5!\xc4G\xb7\xe4~.\x02\xdf\
\x02\xbe\x83\xc8jX\x09\x0dW\xb2\x1a9\xbf+\x14\x8b\
\x16\xd5\xd5J\xa1P(\x14\x0aE\xad\xa8e\xa9\x951\
\xeb\xa1\xf7\xb8\xdd\x0f\xfc.b\xbeG.\xd7\x11\x22\xe3\
\xdb\xc0y \x88\x5c\x8b[\xd9\xac\x86\x12\x1a\x0a\x85B\
\xa1P(\x14\x0aE\x85\xa8U\xa9\x95\xfe\xa7.\x0et\
\xbe\x86\xe86\xf5\xd3\xc0;\x11\xb34\x8e\x03\xdf\x07&\
1\x0b\x16}\xf2\xb9\x9d)\x5ce5\x14\x0a\x85B\xa1\
P(\x14\x8a\x1aS\xab\x8c\x07\x98E\x84\xf1\xb9\xb7\x80\
\xcf \x06\x0d\xea%Y\xb9\xef3v\xc5\x92\x99\xa9\xa1\
\xb2\x1a\x0a\x85B\xa1P(\x14\x0aE\x0dYH\xc2#\
WP\xd4!\xfc \xfaOn\xa6\xc4\xb8\xbd\xcaj(\
\x14\x0a\x85B\xa1P(\x14\x0b\x98Zz<\x8cb\x22\
mx\xac7:\xd2\x05G\xee\xfbd~\x8c\xdb+\x14\
\x0a\x85B\xa1P(\x14\x8a\x1aS\xcb\x8c\x07d\x85\x82\
Qdx0\x97_\x19\x05\x0a\x983\x19*\xab\xa1P\
(\x14\x0a\x85B\xa1P,\x02j]j\x05Yaa\
|,\xf3\xbeB\x8f\x15\x0a\x85B\xa1P(\x14\x0a\xc5\
\x02\xc3\xa3i*nW(\x14\x0a\x85B\xa1P(\x14\
\x95\xa5\xac\xa1\xd1\x0a\x85B\xa1P(\x14\x0a\x85B!\
\xc3\xff\x07\xc3#\x1b\xa8\x8e\x83\x9f!\x00\x00\x00\x00I\
END\xaeB`\x82\
\x00\x00\x87\xad\
\x89\
PNG\x0d\x0a\x1a\x0a\x00\x00\x00\x0dIHDR\x00\
\x00\x01\x00\x00\x00\x01\x00\x08\x06\x00\x00\x00\x5cr\xa8f\
\x00\x00\x00\x04gAMA\x00\x00\xb1\x8f\x0b\xfca\x05\
\x00\x00\x0aIiCCPsRGB IEC\
61966-2.1\x00\x00H\x89\x9dSw\
X\x93\xf7\x16>\xdf\xf7e\x0fVB\xd8\xf0\xb1\x97l\
\x81\x00\x22#\xac\x08\xc8\x10Y\xa2\x10\x92\x00a\x84\x10\
\x12@\xc5\x85\x88\x0aV\x14\x15\x11\x9cHU\xc4\x82\xd5\
\x0aH\x9d\x88\xe2\xa0(\xb8gA\x8a\x88Z\x8bU\x5c\
8\xee\x1f\xdc\xa7\xb5}z\xef\xed\xed\xfb\xd7\xfb\xbc\xe7\
\x9c\xe7\xfc\xcey\xcf\x0f\x80\x11\x12&\x91\xe6\xa2j\x00\
9R\x85<:\xd8\x1f\x8fOH\xc4\xc9\xbd\x80\x02\x15\
H\xe0\x04 \x10\xe6\xcb\xc2g\x05\xc5\x00\x00\xf0\x03y\
x~t\xb0?\xfc\x01\xafo\x00\x02\x00p\xd5.$\
\x12\xc7\xe1\xff\x83\xbaP&W\x00 \x91\x00\xe0\x22\x12\
\xe7\x0b\x01\x90R\x00\xc8.T\xc8\x14\x00\xc8\x18\x00\xb0\
S\xb3d\x0a\x00\x94\x00\x00ly|B\x22\x00\xaa\x0d\
\x00\xec\xf4I>\x05\x00\xd8\xa9\x93\xdc\x17\x00\xd8\xa2\x1c\
\xa9\x08\x00\x8d\x01\x00\x99(G$\x02@\xbb\x00`U\
\x81R,\x02\xc0\xc2\x00\xa0\xac@\x22.\x04\xc0\xae\x01\
\x80Y\xb62G\x02\x80\xbd\x05\x00v\x8eX\x90\x0f@\
`\x00\x80\x99B,\xcc\x00 8\x02\x00C\x1e\x13\xcd\
\x03 L\x03\xa00\xd2\xbf\xe0\xa9_p\x85\xb8H\x01\
\x00\xc0\xcb\x95\xcd\x97K\xd23\x14\xb8\x95\xd0\x1aw\xf2\
\xf0\xe0\xe2!\xe2\xc2l\xb1Ba\x17)\x10f\x09\xe4\
\x22\x9c\x97\x9b#\x13H\xe7\x03L\xce\x0c\x00\x00\x1a\xf9\
\xd1\xc1\xfe8?\x90\xe7\xe6\xe4\xe1\xe6f\xe7l\xef\xf4\
\xc5\xa2\xfek\xf0o\x22>!\xf1\xdf\xfe\xbc\x8c\x02\x04\
\x00\x10N\xcf\xef\xda_\xe5\xe5\xd6\x03p\xc7\x01\xb0u\
\xbfk\xa9[\x00\xdaV\x00h\xdf\xf9]3\xdb\x09\xa0\
Z\x0a\xd0z\xf9\x8by8\xfc@\x1e\x9e\xa1P\xc8<\
\x1d\x1c\x0a\x0b\x0b\xed%b\xa1\xbd0\xe3\x8b>\xff3\
\xe1o\xe0\x8b~\xf6\xfc@\x1e\xfe\xdbz\xf0\x00q\x9a\
@\x99\xad\xc0\xa3\x83\xfdqanv\xaeR\x8e\xe7\xcb\
\x04B1n\xf7\xe7#\xfe\xc7\x85\x7f\xfd\x8e)\xd1\xe2\
4\xb1\x5c,\x15\x8a\xf1X\x89\xb8P\x22M\xc7y\xb9\
R\x91D!\xc9\x95\xe2\x12\xe9\x7f2\xf1\x1f\x96\xfd\x09\
\x93w\x0d\x00\xac\x86O\xc0N\xb6\x07\xb5\xcbl\xc0~\
\xee\x01\x02\x8b\x0eX\xd2v\x00@~\xf3-\x8c\x1a\x0b\
\x91\x00\x10g42y\xf7\x00\x00\x93\xbf\xf9\x8f@+\
\x01\x00\xcd\x97\xa4\xe3\x00\x00\xbc\xe8\x18\x5c\xa8\x94\x17L\
\xc6\x08\x00\x00D\xa0\x81*\xb0A\x07\x0c\xc1\x14\xac\xc0\
\x0e\x9c\xc1\x1d\xbc\xc0\x17\x02a\x06D@\x0c$\xc0<\
\x10B\x06\xe4\x80\x1c\x0a\xa1\x18\x96A\x19T\xc0:\xd8\
\x04\xb5\xb0\x03\x1a\xa0\x11\x9a\xe1\x10\xb4\xc118\x0d\xe7\
\xe0\x12\x5c\x81\xebp\x17\x06`\x18\x9e\xc2\x18\xbc\x86\x09\
\x04A\xc8\x08\x13a!:\x88\x11b\x8e\xd8\x22\xce\x08\
\x17\x99\x8e\x04\x22aH4\x92\x80\xa4 \xe9\x88\x14Q\
\x22\xc5\xc8r\xa4\x02\xa9Bj\x91]H#\xf2-r\
\x149\x8d\x5c@\xfa\x90\xdb\xc8 2\x8a\xfc\x8a\xbcG\
1\x94\x81\xb2Q\x03\xd4\x02u@\xb9\xa8\x1f\x1a\x8a\xc6\
\xa0s\xd1t4\x0f]\x80\x96\xa2k\xd1\x1a\xb4\x1e=\
\x80\xb6\xa2\xa7\xd1K\xe8ut\x00}\x8a\x8ec\x80\xd1\
1\x0ef\x8c\xd9a\x5c\x8c\x87E`\x89X\x1a&\xc7\
\x16c\xe5X5V\x8f5c\x1dX7v\x15\x1b\xc0\
\x9ea\xef\x08$\x02\x8b\x80\x13\xec\x08^\x84\x10\xc2l\
\x82\x90\x90GXLXC\xa8%\xec#\xb4\x12\xba\x08\
W\x09\x83\x841\xc2'\x22\x93\xa8O\xb4%z\x12\xf9\
\xc4xb:\xb1\x90XF\xac&\xee!\x1e!\x9e%\
^'\x0e\x13_\x93H$\x0e\xc9\x92\xe4N\x0a!%\
\x902I\x0bIkH\xdbH-\xa4S\xa4>\xd2\x10\
i\x9cL&\xeb\x90m\xc9\xde\xe4\x08\xb2\x80\xac \x97\
\x91\xb7\x90\x0f\x90O\x92\xfb\xc9\xc3\xe4\xb7\x14:\xc5\x88\
\xe2L\x09\xa2$R\xa4\x94\x12J5e?\xe5\x04\xa5\
\x9f2B\x99\xa0\xaaQ\xcd\xa9\x9e\xd4\x08\xaa\x88:\x9f\
ZIm\xa0vP/S\x87\xa9\x134u\x9a%\xcd\
\x9b\x16C\xcb\xa4-\xa3\xd5\xd0\x9aigi\xf7h/\
\xe9t\xba\x09\xdd\x83\x1eE\x97\xd0\x97\xd2k\xe8\x07\xe9\
\xe7\xe9\x83\xf4w\x0c\x0d\x86\x0d\x83\xc7Hb(\x19k\
\x19{\x19\xa7\x18\xb7\x19/\x99L\xa6\x05\xd3\x97\x99\xc8\
T0\xd72\x1b\x99g\x98\x0f\x98oUX*\xf6*\
|\x15\x91\xca\x12\x95:\x95V\x95~\x95\xe7\xaaTU\
sU?\xd5y\xaa\x0bT\xabU\x0f\xab^V}\xa6\
FU\xb3P\xe3\xa9\x09\xd4\x16\xab\xd5\xa9\x1dU\xbb\xa9\
6\xae\xceRwR\x8fP\xcfQ_\xa3\xbe_\xfd\x82\
\xfac\x0d\xb2\x86\x85F\xa0\x86H\xa3Tc\xb7\xc6\x19\
\x8d!\x16\xc62e\xf1XB\xd6rV\x03\xeb,k\
\x98Mb[\xb2\xf9\xecLv\x05\xfb\x1bv/{L\
SCs\xaaf\xacf\x91f\x9d\xe6q\xcd\x01\x0e\xc6\
\xb1\xe0\xf09\xd9\x9cJ\xce!\xce\x0d\xce{-\x03-\
?-\xb1\xd6j\xadf\xad~\xad7\xdaz\xda\xbe\xda\
b\xedr\xed\x16\xed\xeb\xda\xefup\x9d@\x9d,\x9d\
\xf5:m:\xf7u\x09\xba6\xbaQ\xba\x85\xba\xdbu\
\xcf\xea>\xd3c\xeby\xe9\x09\xf5\xca\xf5\x0e\xe9\xdd\xd1\
G\xf5m\xf4\xa3\xf5\x17\xea\xef\xd6\xef\xd1\x1f704\
\x086\x90\x19l18c\xf0\xcc\x90c\xe8k\x98i\
\xb8\xd1\xf0\x84\xe1\xa8\x11\xcbh\xba\x91\xc4h\xa3\xd1I\
\xa3'\xb8&\xee\x87g\xe35x\x17>f\xaco\x1c\
b\xac4\xdee\xdck<abi2\xdb\xa4\xc4\xa4\
\xc5\xe4\xbe)\xcd\x94k\x9af\xba\xd1\xb4\xd3t\xcc\xcc\
\xc8,\xdc\xac\xd8\xac\xc9\xec\x8e9\xd5\x9ck\x9ea\xbe\
\xd9\xbc\xdb\xfc\x8d\x85\xa5E\x9c\xc5J\x8b6\x8b\xc7\x96\
\xda\x96|\xcb\x05\x96M\x96\xf7\xac\x98V>VyV\
\xf5V\xd7\xacI\xd6\x5c\xeb,\xebm\xd6WlP\x1b\
W\x9b\x0c\x9b:\x9b\xcb\xb6\xa8\xad\x9b\xad\xc4v\x9bm\
\xdf\x14\xe2\x14\x8f)\xd2)\xf5Sn\xda1\xec\xfc\xec\
\x0a\xec\x9a\xec\x06\xed9\xf6a\xf6%\xf6m\xf6\xcf\x1d\
\xcc\x1c\x12\x1d\xd6;t;|rtu\xccvlp\
\xbc\xeb\xa4\xe14\xc3\xa9\xc4\xa9\xc3\xe9Wg\x1bg\xa1\
s\x9d\xf35\x17\xa6K\x90\xcb\x12\x97v\x97\x17Sm\
\xa7\x8a\xa7n\x9fz\xcb\x95\xe5\x1a\xee\xba\xd2\xb5\xd3\xf5\
\xa3\x9b\xbb\x9b\xdc\xad\xd9m\xd4\xdd\xcc=\xc5}\xab\xfb\
M.\x9b\x1b\xc9]\xc3=\xefA\xf4\xf0\xf7X\xe2q\
\xcc\xe3\x9d\xa7\x9b\xa7\xc2\xf3\x90\xe7/^v^Y^\
\xfb\xbd\x1eO\xb3\x9c&\x9e\xd60m\xc8\xdb\xc4[\xe0\
\xbd\xcb{`:>=e\xfa\xce\xe9\x03>\xc6>\x02\
\x9fz\x9f\x87\xbe\xa6\xbe\x22\xdf=\xbe#~\xd6~\x99\
~\x07\xfc\x9e\xfb;\xfa\xcb\xfd\x8f\xf8\xbf\xe1y\xf2\x16\
\xf1N\x05`\x01\xc1\x01\xe5\x01\xbd\x81\x1a\x81\xb3\x03k\
\x03\x1f\x04\x99\x04\xa5\x075\x05\x8d\x05\xbb\x06/\x0c>\
\x15B\x0c\x09\x0dY\x1fr\x93o\xc0\x17\xf2\x1b\xf9c\
3\xdcg,\x9a\xd1\x15\xca\x08\x9d\x15Z\x1b\xfa0\xcc\
&L\x1e\xd6\x11\x8e\x86\xcf\x08\xdf\x10~o\xa6\xf9L\
\xe9\xcc\xb6\x08\x88\xe0Gl\x88\xb8\x1fi\x19\x99\x17\xf9\
}\x14)*2\xaa.\xeaQ\xb4Stqt\xf7,\
\xd6\xac\xe4Y\xfbg\xbd\x8e\xf1\x8f\xa9\x8c\xb9;\xdbj\
\xb6rvg\xacjlRlc\xec\x9b\xb8\x80\xb8\xaa\
\xb8\x81x\x87\xf8E\xf1\x97\x12t\x13$\x09\xed\x89\xe4\
\xc4\xd8\xc4=\x89\xe3s\x02\xe7l\x9a3\x9c\xe4\x9aT\
\x96tc\xae\xe5\xdc\xa2\xb9\x17\xe6\xe9\xce\xcb\x9ew<\
Y5Y\x90|8\x85\x98\x12\x97\xb2?\xe5\x83 B\
P/\x18O\xe5\xa7nM\x1d\x13\xf2\x84\x9b\x85OE\
\xbe\xa2\x8d\xa2Q\xb1\xb7\xb8J<\x92\xe6\x9dV\x95\xf6\
8\xdd;}C\xfah\x86OFu\xc63\x09OR\
+y\x91\x19\x92\xb9#\xf3MVD\xd6\xde\xac\xcf\xd9\
q\xd9-9\x94\x9c\x94\x9c\xa3R\x0di\x96\xb4+\xd7\
0\xb7(\xb7Of++\x93\x0d\xe4y\xe6m\xca\x1b\
\x93\x87\xca\xf7\xe4#\xf9s\xf3\xdb\x15l\x85L\xd1\xa3\
\xb4R\xaeP\x0e\x16L/\xa8+x[\x18[x\xb8\
H\xbdHZ\xd43\xdff\xfe\xea\xf9#\x0b\x82\x16|\
\xbd\x90\xb0P\xb8\xb0\xb3\xd8\xb8xY\xf1\xe0\x22\xbfE\
\xbb\x16#\x8bS\x17w.1]R\xbadxi\xf0\
\xd2}\xcbh\xcb\xb2\x96\xfdP\xe2XRU\xf2jy\
\xdc\xf2\x8eR\x83\xd2\xa5\xa5C+\x82W4\x95\xa9\x94\
\xc9\xcbn\xae\xf4Z\xb9c\x15a\x95dU\xefj\x97\
\xd5[V\x7f*\x17\x95_\xacp\xac\xa8\xae\xf8\xb0F\
\xb8\xe6\xe2WN_\xd5|\xf5ym\xda\xda\xdeJ\xb7\
\xca\xed\xebH\xeb\xa4\xebn\xac\xf7Y\xbf\xafJ\xbdj\
A\xd5\xd0\x86\xf0\x0d\xad\x1b\xf1\x8d\xe5\x1b_mJ\xde\
t\xa1zj\xf5\x8e\xcd\xb4\xcd\xca\xcd\x035a5\xed\
[\xcc\xb6\xac\xdb\xf2\xa16\xa3\xf6z\x9d\x7f]\xcbV\
\xfd\xad\xab\xb7\xbe\xd9&\xda\xd6\xbf\xddw{\xf3\x0e\x83\
\x1d\x15;\xde\xef\x94\xec\xbc\xb5+xWk\xbdE}\
\xf5n\xd2\xee\x82\xdd\x8f\x1ab\x1b\xba\xbf\xe6~\xdd\xb8\
GwO\xc5\x9e\x8f{\xa5{\x07\xf6E\xef\xebjt\
ol\xdc\xaf\xbf\xbf\xb2\x09mR6\x8d\x1eH:p\
\xe5\x9b\x80o\xda\x9b\xed\x9aw\xb5pZ*\x0e\xc2A\
\xe5\xc1'\xdf\xa6|{\xe3P\xe8\xa1\xce\xc3\xdc\xc3\xcd\
\xdf\x99\x7f\xb7\xf5\x08\xebHy+\xd2:\xbfu\xac-\
\xa3m\xa0=\xa1\xbd\xef\xe8\x8c\xa3\x9d\x1d^\x1dG\xbe\
\xb7\xff~\xef1\xe3cu\xc75\x8fW\x9e\xa0\x9d(\
=\xf1\xf9\xe4\x82\x93\xe3\xa7d\xa7\x9e\x9dN?=\xd4\
\x99\xdcy\xf7L\xfc\x99k]Q]\xbdgC\xcf\x9e\
?\x17t\xeeL\xb7_\xf7\xc9\xf3\xde\xe7\x8f]\xf0\xbc\
p\xf4\x22\xf7b\xdb%\xb7K\xad=\xae=G~p\
\xfd\xe1H\xaf[o\xebe\xf7\xcb\xedW<\xaet\xf4\
M\xeb;\xd1\xef\xd3\x7f\xfaj\xc0\xd5s\xd7\xf8\xd7.\
]\x9fy\xbd\xef\xc6\xec\x1b\xb7n&\xdd\x1c\xb8%\xba\
\xf5\xf8v\xf6\xed\x17w\x0a\xeeL\xdc]z\x8fx\xaf\
\xfc\xbe\xda\xfd\xea\x07\xfa\x0f\xea\x7f\xb4\xfe\xb1e\xc0m\
\xe0\xf8`\xc0`\xcf\xc3Y\x0f\xef\x0e\x09\x87\x9e\xfe\x94\
\xff\xd3\x87\xe1\xd2G\xccG\xd5#F#\x8d\x8f\x9d\x1f\
\x1f\x1b\x0d\x1a\xbd\xf2d\xce\x93\xe1\xa7\xb2\xa7\x13\xcf\xca\
~V\xffy\xebs\xab\xe7\xdf\xfd\xe2\xfbK\xcfX\xfc\
\xd8\xf0\x0b\xf9\x8b\xcf\xbf\xaey\xa9\xf3r\xef\xab\xa9\xaf\
:\xc7#\xc7\x1f\xbc\xcey=\xf1\xa6\xfc\xad\xce\xdb}\
\xef\xb8\xef\xba\xdf\xc7\xbd\x1f\x99(\xfc@\xfeP\xf3\xd1\
\xfac\xc7\xa7\xd0O\xf7>\xe7|\xfe\xfc/\xf7\x84\xf3\
\xfb-G8\xcf\x00\x00\x00 cHRM\x00\x00z\
&\x00\x00\x80\x84\x00\x00\xfa\x00\x00\x00\x80\xe8\x00\x00u\
0\x00\x00\xea`\x00\x00:\x98\x00\x00\x17p\x9c\xbaQ\
<\x00\x00\x00\x09pHYs\x00\x00\x0b\x13\x00\x00\x0b\
\x13\x01\x00\x9a\x9c\x18\x00\x00|\xceIDATx\x9c\
\xed\xbdw\x9c#\xd9u\xdf\xfbEF\x03\x9d\xbb19\
\xe7\xdc\x137\x07r\x99DR\x14)*\xdb\x92%\xfa\
I\xd6\xb3%K\xb6E+>*\xd8\x0a\xb6\x1f\xadH\
\x99\xb4(\xc9\xa2\x02\x95-\xd3O\xc9\xa2D-\xb9\xdc\
0q'\xc7\x9d\xb0\x13{\xa6s@j\x00U\xef\x8f\
\x83\x0b\xdc*\x14\x80Bl\xcc\xee\x9c\xcf\x07\xd3\x83B\
\x85[U\xf7\x9c{\xce\xef$\x8fi\x9a<\xa2G\xf4\
\x88\xde\x9e\xe4]\xec\x01<\xa2G\xf4\x88\x16\x8f\xfc\xf6\
\x0dK\xd6mX\x8cq<\xa2G\xf4\x88\xdc\x93\xc7\xc5\
>\x8e\xaa\xfd\x83\x1b\xd7,\xdfK\x04\xc0#zD\x8f\
\xa8\xadT\x8e\x99\xed\xdb\xdd0=\x94a\xfcr\xdb\x1f\
\x09\x80G\xf4\x88\x9aK\xf50\xb4\xd3\xff\xed\x7f+\x9d\
\xdb\xa4\xc8\xe0\xa6\xed\xa3\xb6yp\x10\x02\x8f\x04\xc0#\
zD\x95\xc9\x0dC\x97cn7\x8c\xed\xf4\xb7\xdc\xff\
\xeddgv\xc3\xf6\xd7.\x04J\xe8\x91\x00xDo\
'j\xd6\xea\xac\xff\xdf-#;m+\xf7\xbd\xdc>\
:\xe9L\xaf\x7fr\xf9\xfd\xd5w\x9d\xf1K\xb4\x80G\
\x02\xe0\x11=\xcc\xd4lu\xdbi\x9b[F\xd6\xff_\
\x8e\xa9+m\xaf\xf6Qd_\xf1s\xda'\x9b\xdf7\
\xa7\xedk?\xd6B\x8f\x04\xc0#\xea$j\x95\xfd\x5c\
\xcf*]\x0bS\xbbelo\x9d\xbf\x01\x84\x81.\xa0\
\x1b\x88\xe6\xff\x1f\x05\x06\xf3\x9f(\xb0\x0ax\x15\xf8\x1c\
0F\xa9\x19PB\x1e{ \xd0#7\xe0#j\x22\
u\x92\xfd\xecV\xd5n\xc6\xc7\xce\xcc\xf6\xefa \x94\
\xff\xdb\x9d\xff\x0c \x8c\xdc\x03\xf4\x01\xfd\xf9m=\xf9\
\xcf&j\xa3\xff\x08\xfc\x02\xa2\x0d\x14\xcc\x81\x077\xae\
Y\x18\xfe\x91\x00x{R9\xc6t\x22\xb7\xa1\xa2\x8d\
\xae\xc4\xf6\xbfnWf\xfbo\xcddj\xa7U\xd9\x89\
\xb9}@\x04a\xdcn\x84a{\xf3\x9f~\x84\xb1\x07\
\xf2\xbf\xc5\x80\xad\xb4\x87\xd6\x00\x0f(\x0a\x81\x12\x01P\
\xb3\x090\xf6\xc1\xee\xe2\x17\x0f\xd4\x15L\xe8q3\xa7\
\xb4\xf3\xd62]\x1d\xf7u\xd8\xe8v\xd8\x9e\x92\xff\xd4\
p]\x87\x1d\xdc\xdc\x8b\x9b{(s\x9e\xd8\x9fL\x94\
[Q\x9d\x8e\xb2\x7f7\xcb\xfc\x1f\x80\xb1o\x8b\x95l\
\x8b\xfd\xe1X5\x86\xb43\x8c\xfd\xf7j\x0c\xde\x0c\xc6\
.\xa7^\x97[\xa9\x95z\x1dF\x18[1p\x0f0\
\x840v\x0f\xc2\xdc\xfd\xc06\xfbsi6\xe5|\x1e\
r\x01\x0f\xa9\xa0\x97t\xc8\x0b~\x0f\x84\xbc\x10\xf6B\
\xc4\x07\x01\xa0\xdb\x0fo$\x88\xbd\x99R\x87=\x05|\
A\xbb\xbfG\x18@\x81\x0c\xdc\x09\x01;\x8c\xb2\xc8\x14\
\xfbSW\x0c\xeefEu\x22\xbb[I\xf7\x1f\x9b\x8a\
\xd9\xc7\xbe-f:0\xbe\xceD^\xdb\xff\xf5\xef\xb5\
\x08\x86j\x0c\xecf\xa5\xf6QT\xb7\xfb\xf3\x9f(\xc2\
\xc4\x03\xc8\xaa\xdd\x870y?\xb2Jo\xae\xf0\x8c\x1a\
&\xc3\xeb\xc1\xf0y\xc8\xf9=\xa4\x03\x1e2A/F\
8\xcf\xcc\xa1\xfc'\xec\x91\xef\xc1\xfc'\xe4\x05\x9fG\
8\xd6\xe7q~\x8b\x97\x13\x0c\xdfL\xe9[^\xab6\
\x96\xc6\x04\x80\x09x\xdcr\xd2#\xaaF\xb1?\x9bt\
z\xadN\x8c[i\xd5\xd5\xff_\x8e\xc1\xecT\xce\x8f\
lw#\x99PX\xf5\x9d\x18\xce\xa7\xfd\xf59l\xb3\
\x0b\x86Z\x18Y}\x02\x14W\xe8nd\x85\xee\x07\x86\
\x11\xa6\xee\xa3\xa8n/\x01v8\xdcoS\xc9\xf4 \
\xcc\x1c\xf2\x92\x09z\xc9\x04\xf2\xab\xb3b\xdc.\x9f0\
t\xd0\x03!\x9f\xfc\x0dz\xe5N\x02\xde\xc6\x17\x98\x8c\
\x09g\xe2\xc4N\xcf\xe9[\x8f\x01\x13\xd5\x0em\x82\x06\
\xd0*\xe6\xef4\xc1RE\x15\xa8\xaa)\x98\xc4\xfe|\
\xaa\x19\xabw\xad\xea\xb0\xd7\xe1\x18}\xd4:\xa3+[\
Q\xfdE\xfbk'\xfb\x0a\xaf\x98\xdeo\xfb\xf8l\x1f\
\xfb1\xc1\xfc\xa7\x97\xa2\xba\xadli\xb52\x0f\xe6\xbf\
\x0f\x02\xdb\xcb\x8c\xa7i\xa4\xd4\xed\x8c\xdfC\xc6\xe7!\
\xd3\xe5\xcb\xaf\xc6\x1ea\xe6 \xdaJ\xed-2\xb3\xdf\
#\xab\xb3\xb7\x9c\x9c-\xbf\xb9nZ0\x08\xfc\xed$\
\xfd\x93\x19}\xebq\xe0\x87\xf2\xff\xaf\xe8\x09h\x82\x00\
\xa8\x83QM\x0f\xeep\x00\xb5?\xee\x1f\x9c\xe3\xbe\xad\
\xd7\xe3c\xff\xb3\x84\xb9\xc1\x99\xe9\xeaY\xbdket\
'\x95\xdb>+\xedA$\xe5|\xc9P\x14\x10\xf61\
\xea\x8c\x1d@\xe6S\x80\xe2*\xbd\x1eX\x8e\xac\xd0C\
\xc8*\xadT\xee\x15\xc0.\x87g\xd6T2=y\x95\
\xdb\xef!\x19\xf2\x92\x0eyd\xd5\x0dj\x0c\x1c\xf2B\
W~\xd5V\xb6u\xc0\x9b\x17a\x0e\xaf\xb5\x91\xa9\xd4\
\xcc\xa98o\x10\xf8\xe2\x04\xfd3Y}\xeb\xff\x02\xbe\
\x17HS^x\x17\xe8\xed\x8b\x01\xd4B&\xc4\xfeb\
z\xb1W\xefjL\xeedk\xeb\x7fAl\xe1\x10\xa2\
>/G\x98r\x00X\x0a\xac\xcd\xff\xedEl\xc7\xdf\
D|\xca\xa6v\x0e\xf5\x7f\x9d\xf9\x03\xda'\x08\x8c\x00\
?\x9d\xff\xdbtR\xeav6\xe0e!oC\x0b\x03\
k\xf6sH1\xb1\xa7hO\xeb\xabs\xe1\xcd\xe9\xff\
o\xfaHi\xe9\xa2\xf3 C\xf8\xa5iz\xe6,\xcc\
\xffo\x81?E\x84\xb7SN@\x09\xbd\xbd\x05@^\
yq`nh\xde\xea\xadow\x83FWbb'\
F\xd7?A\xc4\xcd\xa4\xfc\xc8+\x10\xa6^\x02l\xc4\
=Z\xbd\x16\xf8\x16\xe0w\x81\x7f\x99\xdff\xe0\xcc\xfc\
A\x8a\x82\xa5\x17\xf8\x0f\xc0n\x97\xd7\xc9\x03b\xb0\x10\
\x14\x86\xce\xa8\x15Yg\xde\xae\xfc\xf7\xb0\x0f\xfc\xf9\xff\
\x97\xb3\x9f[\xab\xe85\x87\x1a\x91\x0d&p)N\xec\
\xb5Y\xfb/\xff\x06A\xfc\xb3X\xc3\x80[\x9c\x0b\xd0\
a(\xb9\x13\xc5\xbe0S\xef\xea\xad\xfe\xd6\xab\xa2\x97\
C\xbd\xeben\x05|-\x07\x96!6q\x0ca\xf4\
%4\xdf\x1d\xf5\xcf\x80\xdfB\x00%u\xff^\x8a\xaa\
~\x10A\xd7\xc3\xc0s\xc0\x8f\x03\xabAV\xea\xb9\x1e\
?\xe9\xae\xbc\xed\xac\xc00e?\x07uF\xcf\xaf\xd0\
^\xf2\xf6\xb3\x03yJ\xfe\xe3L\xed\x98\x8f\x8d^\xa3\
\x91c\xcf\xc6\x89\x1d\xb70\xff<\xf0\x13\xc0_\x03\x19\
\x8a\xa6\x9c\x93\x10(\xa1\xc5\xd3\x00\xcc\xfcS\xf0T{\
\xe1\xda\x06\x87]c_\xa8\xb8z\xeb\xff\xafu\xf5v\
\xdaV\x0d\xa5.\xc7\xe4n\x18\xdc\x8f\xa8\xe4J-_\
\x02\xacD\x18|\x03M\x00\xbf\x0c\xaf\x80[\x0b\x01\x0f\
\x89n?D\xf2L\x19\xf1Ao\xfeo\xc8\x03\x17\x13\
\xc4\xce\xce\xab\xc3\x9e\x02^G&\x91\x02\xeet\xe6\xef\
\x02\x9e\x06\xfe\x9b\xf6\xdc\x18\xdf\x1e\x81\x91\xa8\xed\x9d\xd9\
^\xd5\xa2/\x1c\x8b\xb4z\xd5s\xd9\x8c\x01\xa7\xe3\xc4\
\xce\xcc\xeb[O\x00\x9f\x00\xae\x02\x0b\x88\x00\xc8\xa2\x05\
\xfeP%\xb6\xa3I\x02\xa0u\x88}\xec\x7f\xbf%V\
o?\x128\xd2\x8d0\xf8\xea\xfc\xdf\x18\xb2\x92/\xa5\
I\x0c\x9e\xea\xf2\x92\x0cy1B^\xe8\xf6IpH\
\xc4' W4\xff7\xe0\x15{\xb8\xe4\x04&\x1c\x99\
#v1\xaeo=\x820\xbd\xba/\x9d\xf9G\x90\x09\
XP\xf9\x17\xc2^f\x0e\xf5\xc0\xea`\xf5\x01\xd7\xc5\
\x7f\xcddZO\x8be@\x93N\xbe`\xe0\xff\x9b\x09\
\x06\xa6,\xf6\xfe\xcb\xc0\x0f\x00\x09 \x85\x80~\xba\x00\
('\x04,\xb4\xa8\x18@\xec/g\xebY\xbd\xd5\xdf\
JL\xed\xb4\xbd\x9a\xfd\xedf\xf5vbn\x0fE\xfb\
7Fq\x15W\xab\xf7&\x9a\xb8zg\xfc\x1e\xe2Q\
\x9f0w\xd8+\xab\xb8Z\xcd\x15\xaa]\xce\xb7\x5ci\
.\x8ee\xe0\xc8,\xb1\xb1\x05}\xeb\xe7\x81\xd3\xc8<\
Q\x82,\x88\xac\xfa]\xd8\x98?\x13\xf22\xf3\xce~\
\xe8\xf75v\xb3m\xa3\x87\xc0~\x9d\xcb\x11\xfa\xe2$\
\xbd\xb3\x16\xe6\xff\x1b\xe0\xffA\x98?\x89\x08\x80j\x1a\
@\x0b\xeb\x01\x94\x09\x08r`\xf0\xc5X\xbd\xab\xad\xda\
\xd5Vo\x1f\xc5\xd8\xee\x01$\xe3j\x18Q\xd1c\x08\
\xa37l{\x9b\x1eY=\xe7\xbb|\xb2zG\xf2+\
x4\xaf\xa6\xeb\xbe\xe8r\x91`\xea)\xd5J7S\
\x0c~e\x1a_\xd62G\x8e\x01\x1f\xa7\xc8\xfc\xcag\
\xafV\xfe\x9f@\x0b\xb2\x19[\x1e\x84\x83\xdd2\xe6G\
T\x9d\xdc\xc8\x9e+\x09\x06\x8e\xcc\xe2\xcfX\xde\xcbO\
\x01\xff\x9b\x22\xf3\xa7)2\xbf\xd3\xca_\xd1\xdf\xde4\
\x0d \xf6\x97\xf3\xb5\xac\xdc\xe5\x98\xdai[\xa5\x15\xbc\
Q\xd5\xdcC1#K\xa9\xe4\xc3\x08\xa86\x8c\x84\x84\
6\x1cIfz \x1b\xf4\xca\xea\x1d\xf6B\x8f\xb6z\
G\x95\xed\xed\x13=\x22\xe0\xb5\xcaQO\xc9\x7f\x1a\x18\
\x88\xc3i\xce%\x18:>\x8b\xd7\xb0\xcc\x93\xe3\x08\x83\
\xab\xf9\xa1@\xbf0\x82\x09\xfc(\xe2)\x00`lK\
\x04\x0eD\xeb\x1c@\x03co\xc1e\x5cS+\x81@\
\x13\xb8\x90 vd\xc6\xfe\xcb\x8f\x03\x7f\x85U\xed_\
@V}'\xf4\xbfj\xb0MS\x04@\xec\xaf\xe6\xab\
1o\xa5U\xb9\xd6\xd5\xbb\x16\xd5\x5c\xad\xde\xfd\xf9\xcf\
\xb2\xfc'\x86\xac\xe0\xabhBf\x96\xe1\xf5\x90\x0dz\
\x88wy\xc9*\x9ft\xb7W\xdcV\xdd\xbeb\xa0I\
P\xb3\xbd-\x13\xc0i[\x9eZ5\x99\xe3\x06\x1c\x9d\
%v#\xa9o\xbd\x01\xfc\x08\x22\x00\x0c\x8a\x91|\x8a\
\xf9\xdf\x0d\xfc\x97\xc2\xd0<0\xbe=\x0a#\x91\x16\x0c\
\xf0-N\x95\xde\xeb\x998\xb1\x13\x16\xa4\xff\x1a\x92\xda\
\xfb\x1a\xb2\xea'\x11\xc6W\xcc\xafV~W\xbe\x7f\x9d\
\x1a\x16\x00y\xe6W\xb7\xe2\xc4\xa4\xf6\xf0\xcfj\xf6\xb5\
\x9b\xd5[}W\xab\xf7 \xb2b\xeb\xcc\xbd\x89&D\
\x9a\xa9\xc0\x93\x85\xa0\x97d\xc8\x83\xa1\xdb\xde\xe1<\xb3\
G\xbd\xc2\xdc~\x8f-\xd0D#\xbb\xb7\xc32\x01\xdc\
p\xb9KI\xe0f\xb7\xd9\x1c\xa1\xbf/\xb1+\xcf!\
>\xfc\xd3X\xdf]\x00\xd1M\xde\x05\xfc'\xb5s&\
\xe4e\xfa`7\xac\x0954\xdc\xc5\x07\x02\xcd|d\
j\x93N\xe7t~\xb7'O\xe6\xe0\xa5\x19bw\xd3\
\xfa\xd6\xb3\xc0\xcf#\xefE\xad\xfcv\xe6\xb7\x97\xffr\
\x1df\xdb\x90\x00pX\xf9\xed\xb6\xb3\x1e\x1f\xee\x94 \
\xe2\xf4\xd1\xcf\xa3l\xefad\x05_\x8a \xe8\xb1\xfc\
\xdf\xa6\xac\xde\xb9\x80\x87d\xc8C:\xac\xa1\xe5aO\
q\xf5\x0e\x22\xcc\xee\xf3\x16\xefV'\x8fmc\xbd\xf3\
\xb3\x1d\xaa\xeb\xdd\x05z_\x9a\x22\x94\xb4D\x89~\x16\
\xf84bGz(\xda\xfd\x01D\x88\xfe(\xb0S\xed\
\x9c\x88\xfa\x88?\xdf\x07}\x8f\xec\xfd\x86H\x7f\xdf\xe9\
|L\xbf5\xac\xf7+\xc0\xbf\xa3:\xd8W`\xfe\xb1\
7\xaf\x9b\xb1\xb5\xeb]\x0f\xa1\x19&\x80\xd3\x8a\xaf'\
\x83\xe81\xe2\xba0\x88PT\xcf\x87\x10u|\x08Y\
\xbd\x95klC\xa3\x83\x93,-\x0f\x89\xa0\x17\xb3\xcb\
[t\x89\xa9\xd0\xd1\x88'\x1f\x03N~\xf5\xb6q`\
\xab\x19\xb2^\xaa(,\xca\xfc\xf8\xda,\xc3\x97\xe3\xf6\
4\x8c\x1f\x03\xfe\x9eb\xdc\xb8\x1e\xe5\x17\xca\xff^\xc0\
A\x12Q\x1f\xf1\x17\xfa\x16\x07\xec{\xab\xe1\x00\x8a\x9c\
5\xb2O\x01\xbf\x8d3\xd8\xe7\x88\xf4\x8f\xbdy\xbd\x86\
\x04\x1b\xa1f\x0b\x00\xc5\xe0*6|=\x82\x92+\xd4\
|#\x12\xc5\xb6\x8a& \xe7\x86\x17r\x01\x0f\xf1\xa0\
WBH#\x1aSG\xbc\xb2\x8a\x07\xf2\xc8y\xc0S\
\xbaR;|-!\xd7/\xb9\x83]J\x0b\x06\xbcZ\
b\xefO e\xa3^A&\x94=\xd0\xe7I\xc4\x0b\
\xb0\x0a\xf2\xf6\xfe\xba0\xec\x8d\xca3\xae\x9b\x1axN\
\x9d\xa0\xa67\x9b.'\x18<2k\xf7\xc0|\x02\xf8\
\xff(\xaa\xfc)\x84\xf1\x15\xf3[\xc0\xbez\x18_Q\
\xa3\x02\xc0\x0e\xd6\xa9\xc9\xf3~\xe0?#\xcc^7\xe5\
\xfc\x1eRA\xc9\xe22\x83\x1e\x0d\x5c\xf3J\xc4Z\xd8\
c-\x94P\x18R\xe9\x7f\x81\xd6\xbd\xe7&\x9a\xf0\x95\
\x8f\xad\xe3$SY8<C\xec\xbe\xc5\xbf\x7f\x1e\x01\
\xf3\xce#\x93J\xc5\xf9+W\xdfs\xc8\xfb+\xd0\xf8\
\xae\x08\xec\xac\x11\xeck6\x0eP3n\xe2\x96<\xed\
\x97\x01\x0a\xe9?Z\x82\xf4\xff(\x12\xd6\xab\xc0>\x15\
\xe0\xa3\xbb\xf9\x0a@_#\xcc\x0f\x0d\x08\x00\xcd\xfe\x07\
k\xc4\xdb~$\x89\xa4\x22\xa9\xd5;\x19\x90B\x0aD\
\xf3L\xdd\xa5\x81k\x01\xf2\x89\x1f\xfa\xa5\xaa\x016\x0d\
\xbe\xc9zT\xebzO\xec4\xa1\x9b1\x11\xd59\xde\
H1x\xb8\xc4\xbf\xff;\x88\xcd\x9f\xa6\xb8\xf2+\xbb\
?\x08|\x10q\x01\x02\xf9\xc8\xbe\xdd\x11\xd8\x18np\
P\x9dL\xad\xe6~\xdb\xf9\x17\x0c8<G\xecZB\
\xdf\xe9\x0a\x82\xf4\x1f\xc59\xbaO\xad\xfcf\xfeo]\
*\xbf\x9d\x9ae\x02\xe8\xea\xff\xc7\xd4\x0f\xf1\x88 \xe7\
f \xaf\x8ew\xe7\xff\x06\xbd\xf9\xba\xa8y\xe4\xbc\x00\
%:\xbc\x04\xb7\xae1\xd7\xd1\xc8\xb6\x83\xeby\xf7\xad\
^\xf1\x9b1\x8e\xd2\xa4\x11\x80_\x02\xfe\x84\x22\x82\xac\
\xd4~?b\xef\xff\x0b\xe0;\xd5\xce\xa9\x88\x97\xb9\xc5\
\xb2\xf7\xdf\xaa\x944\xf0~i\x92\xa1qK\x01\x8f\xb3\
\xc0\xcf!H\xbf\x02\xfb\xec\xa1\xbd%`_3\x86\xd3\
L\x13@\x09\x80\xc7\xd4\x8f\x89\xc7\xba\x04Q\xb7\x1fQ\
\x0b\x95L\xf2\x1a8\xabY.\xa6\x0e6\xefK(\x99\
\x83\xd7\xe3\x0c_\xb5\xac.W\x81O\x22\xc9#\x0b\x14\
'\x92B\xfaw\x02?\x8c\x06\xf6M\x0d\xf8\xc9>\xd3\
S\xfa\xfe\x145\xf4L\xde\xa6\x01A)\x93\xd0\xdfN\
\xd8\xc1\xbe3\xc0\xcfbe~\x1d\xec\xd3\x8b\xb64\x95\
\xf9\xa1\xb9\x1a\x80\xd2\x02\xdeD\xa1\xf7q\xa3t\x02U\
|`\x9dV\x06\xacV\xaa2\x1b\xaaN\x96\x06g\xec\
d\x96\xc8\x8bSD\xe7\xf5b>\x9c\xa3X!F\xd9\
\xfbP\xc4k\xfa\x90\xe0\x9fB\xbe\xc2\xd8\xea\x10\x1c\xac\
\x04\xf6\xb52\x0cn\xb1\xa8\xc5\xd2\xe2f\x8a\xe8\x91Y\
\x22q\xcb\xbb\xf9y\xa4\x80\x87\x0e\xf6\x95\x0d\xeb\x1d\xfb\
\xae\xe5&?\xf3JS\x87\xd5\xacP`\xdd\x0c\xb8S\
\xd8j\xf557\x9f\x0c\x13\x16LydQO\xf9\x5c\
r\x9dL\x10?X#\x8cZ\xef1\xcd4\xf0mt\
-I\xef\xf19\xbb\x7f\xff\x1c\x02\xe6%)\xae&\xca\
\xde\x0f\x00/ \xb5\xe3\x86!\x8f\xf4\xef\xe9\x86\xad\xe1\
\xe6\xc9a\xc7\xe1v\xa8\x96\xd5\xaa1\x5cJ8\x15\xf0\
\xf8q\x04\xec\xb3\xbb\xf9\x1c\xc3z\xc7\xbeky\xd3V\
}\x9d\x9a\xa5\x01\xa8\xbf^D\x03\x10\x9aoP\x00\x18\
\xa6<\x8adNdc\xd6\x84\xb9\x1c\xcc\x9b\x905\x09\
\xa4\x0cz\x12\x06\xbe\x9c\xc9\xd83\xdd0\xe4\xcfO\xdc\
jo\xb2\x91\xb7\xdcD\xb0N;]]\xdb@\x9e\xc9\
\x919boXT\xfe,\xe2J\xfaG\xac\xf6\xbeb\
\xfe\x10\xe2\xa9\xf9I\xfd\xa0\xf1\x03\xdd\x0f\x19\xd8\xd7\x09\
R\xa3\x02\x99\xc0\xf98\xb1c\x96j\xbd\x0f\x10\xa1\xfc\
E\x9cc\xfaK\x91\xfe\x161?4W\x03P\x9f\xbb\
\x85\xad\xf1\x1a\xc7mz g\xc2\xc9$\x9e\x94I4\
i\x10\xc8\x99\xf8\xb2f\xf5\x1a\xa2s9\x11\x00\xee.\
DS\x22\xf7j\xbcL\xd3)c\xc0\x97g\x88\xdd\xb3\
\x84\x8e\xdeF\xec\xfdW\x90I\xa5tN\x1d\xec\xfb.\
\x04\xf0\x03\xf2\xc1=\xfb\xa2\xb0\xd2E\x0e\xbfN\x1d\xce\
\x7f\x8bJ\x05\xa4\xdf\x12{q\x16)\xb16\x85\xcb\xb0\
\xdeV2?4\xbf\x1e\x80\x07\x99\x80\x00\x84\x13\x06)\
\xa7\xbd*M\x9c\xacI\xec^\xa6\xcc\x8f\x15(Yf\
{\xdb\x81\xc06p\x85\x09\x8ce\xf0\x1e\x9de\xc8Z\
\x0e\xfa\xcf\x10\xa4_\xd9\xfb\x8a\xf9\xf5\xc8\xbe_\x01\x0e\
\xaa\x03\xa6\xfb\xfcd^\xe8\x15\xcfL[\xa9M\xd2c\
1\x80\xc0D\x0e\xdf\x97\xa6\x19\x9cpD\xfa'p\x1b\
\xd6\xdbb\xe6\x87\x06\x04\xc0\xd8\x07\xbb\xcd\xd8_\xcdC\
i\xe6QA\x00\xf4\xc4\x0dR\xb5\x02{\xe5_\xd6e\
D\xbb\xb8\x9d\xff\x9bEB\x89\xff5\x003Yd~\
/\x225\xc5=\xe8\xe2$\x17\xe3\x0c\x9d\x98\xb7\xa7\xf0\
\xfe:\xf0\xfb\x14\xfd\xfb:\xd8\x17D\x0aw\xfc{t\
\xb0oE\x10\x0eu\xd7\xc9\xfc\x8b\xb8\xfc\xb7\xf2\xd2\x8d\
\x9e{<C\xe8\xa5\x19;\xd2\xff\xbb\x88\xe0\x8d\xe36\
\xac\xb7\x0d\xcc\x0f\x8dk\x00\xe5\x06\xb9\x80L:0<\
\xb5\x01J^\xc8\x84<\x04\xd2\x85S\xff\x00p\x0fy\
x\x99\xfc5}H$\xc1*\xb5S\xefl\x0e+\xcc\
R\xe1M.\xaa\x1f\xbf\x81\x13gM8\x9b\xb0\xd7\x85\
K\x02\xbf\x88\x14\x89HS\x9cLzp\x8f\x0a\xeb]\
\xad\x0e\x1a\xdb\x1b\x85\xad]-\x19f\xdd\xe7j\x96\xb6\
V75x\xae7\x92\x0c\xbdZR[\xe1g\x81?\
\xc7e\x01\x8fv1\xbe\xa2f\x98\x00\xa6\xc3\xe7\x12\xaa\
T\xd4L\x16\x06\x02\xee\xcf\xe6\x81x\xd0K\x7f\xba\xe0\
.\x09 \x95OU\x0e\xb4\x99\x1fw\x0e\x98V;\x15\
\xaa\xa6\xd4\x1b\x10T\x13-\x02\x108\x93\x83\xc3\xb3\xc4\
\x1eXBz/!!\xbd\xa7)\xda\xfb\xeaHU\xbb\
\xef\xeb\x91\xf0R9\xad\x07\xc6\x0fv\xc3\xfaE\xd6\x96\
\xdejt!i/\xe0\x91B\xd2\xab]\x17\xf0h7\
\xf3C\xf30\x00\x13k\xc0\xc2u\x94\x00\x983\xa5\x90\
V\x0d\x94\xb1\x84\xfe\xe2G\x1e\x9a\xb2kMd\xa2{\
@\x83\x18L\x04@t*v\xb9\x98+~3\xce\xfb\
 C\xcfWg\x08'J\xfc\xfb\xdfCqR\xa9\x89\
\xa4\xdb\xfb\xdf\x82\xd4\x8b\x07\xf29\xfc\x07\xa2\xb0*\xd8\
\xa4{5im.}\xe5KwD@P\xd6\x94j\
\xbdg-Z\xd9%$\xac\xf78\x95\x8bv*\xbei\
\x9b\xcao\xa7f\x98\x00\xfaG\x09\x80\xab\x85=\xe6r\
\x8e\x07\x96})^\x8f=\x00e\x90\xd2h(O\xfe\
o\xc1\xd0\xf2\x98H\xdcA\xd3\xc2V;\xc4W}3\
\xcd\xe0+3\xf6x\xfe\xb3\xc8\x04KR\x1a\xdc\xa3\x1a\
u\xfc\x10\xf0\x0d\xea\x80\x89A?\xc6\xd3=\x92cQ\
\xa0\xc5\x0e\xe8\xe9D7B\x0dcZ0\xe0\x8bS\xc4\
J\xc1\xbe\x7fN\xd1\xde\xaf\x1e\xd6\xfb\x9d\xcb\xcd\xc5z\
\x14\xcd6\x01\xd4\x8d\x9d*\x5c`\xd2 [\x0b\x10\xe8\
A\xf2\x05\x8a4H1G]IM\xbd\xd3lq\x18\
\x16\xdc\xc5\xc5\xa8[\xb6\xe2W9\xb9\x1b 0c\xc2\
\xf1y\x86\xaf%u\x17\xe8<R\x14\xf2%\xac\xc9<\
P\xb4\xf7w#\xc9<\x9b\xd4Ac\xb1\x00<\xdf\xe3\
.P\xaaU\xf4\xd0\xe0\x00.M\xbb\x84\x81\xf7KS\
v/\xccY\xc4\xe6\x9f\xa3h\xef\xeb\x1e\x19g\xe6_\
Dj\xb6\x09\xa0\xfe\x8e\xaa\x1fz\x92\x06S\x8d\x8d\xea\
9\xe0/(\xaa\xfdP\xec\xf9^\x00\x17\x0a\x1a\x80\xa5\
$u\x83\x13\xa3\x9d@\xa0\xbe)m\xc0\x97KJt\
\xdfDBG\x8f\xe1\x9c\xcc\x13\x04\x0e!\xe5\xa2W\xa8\
\x83\xc66\x84ao\xa4\x94\xf9\xdb\xe5\xb1x\xe8\xc8\xc5\
=\x8de\x08\x7fu\xc6\xde\x97\xefg\x81\xffIi\xf5\
\x1ee\xef\x97\x22\xfd\x8b\xcc\xfc\xd0:\x0d\xa0`\x9b{\
\x0c\xe4\xf6k\xb9R\x97\xe5\x05lE\xea\xfey\x91I\
n\x22\xcc\xaf*\xf9\xcau\x94\x00\x80\xce\x03\x02k\xb9\
\xccx\x16\xff\x91Y{\x13\x88\xf3H=\xbe\xb3\x94\x0f\
\xee\xf9V\xa4|\x94\x5c\xd2\x03\xe3\x8fu\xc3\xdaG`\
_S\xe9r\x82\xa1#sv\xa4\xffg\x90E\xca]\
Xo9\xc6_\x04y\xda\x90\x00\xb0\xc5\x02\xe8m\xa6\
\x0ba9^\xc3\x84\xb4Y\xa3\x00\xf0\xd9;\x88?O\
\xb1O\xfc\x06\xa4\x5cw)-T\x10\xa8\xcdb\xd4V\
\xbe\xa4\xf3I\x06O\xcf\xe3\xcbY\xee\xe3\xbf\x22)\xbc\
\xf6d\x1e\x95\xc9\x17FRxU\x13Or~\x0f\x93\
Ot\xc3\x0a7\x91}M\xb8\xa1\x86N\xd1\xc0\xc1\xed\
\x06\x02/\xc4\x89\x1d\xb5\x84\xf5&\x11\xe6w_\xc0\xe3\
;\x97\x95\x9f\xa4o\x01\x0c@\x09\x02+\xf2\x974\xa5\
\xad\xa5\xd3\x91N7\x1d,\xd9\xf8}\xaeF\x926\x9b\
\xcc\xa0m\x12\xc99\x13N%\x18\xbed\xa9\xd7\x97D\
\x5c|\x7f\x895\xb8\xc7\x83\x15\xec\xfb^$\xb4\x17\xc8\
\xdb\xfb\x87\xa2m\xcc\xe1_l \xb1\x0d\x946\xe0\xe5\
\x19b\xb7-!\xd7:\xd2\xaf\x83}N1\xfd\x82\xf4\
Wb~x\xf84\x00\x1b\xe9Z\x80\x15\x9d\x8f\x1b0\
\x5c\x03\x10XEk5=\xc5j\xbe3\xd1|-@\
\xbf\x07b5\xdeN'\x00\x81\x93Y8:gG\x92\
/#\x09#'qN\xe6\x09\x22\xd5z\x7f\x0a\xadp\
\xea\xd8\xb2 <\xde\xed$@\x1b\xbc\x97V\x9e\xabC\
\xbc-\xf6\x01(\xf7\xe6\x82\x81\xf7\x8b\x8e`\xdfw\xe3\
\x8c\xf4;\xf6\xe5\xb32\xff\xa2\xdf`\x81Z\x85\x01\xe4\
\x90B\x07\x12\x0b\x90\xaa1+0\xec\x95F\x1bA/\
Y?\x98ao\xbe\x83\x8eG&w\xd4'\x8a\xaf\xcf\
#\xfd\xe2\x1bz\x96\x8d \xf6\x0db\x08w3\xf4\xbd\
6K\xd0\xfa|\x94\xbd\x7f\x06kp\x8fn\xef\x1fD\
\x0az\xc6\xd4Ac\xabB\xf0dw\xcdC\xe8\x90y\
\xd8\x04j\xc1\xcd\xcc\xe4\xf0\xbe4\xed\xc4\xfc\xbf\x805\
\x99\xa7,\xe3k\x7f\xddQ\x9b\xdfI3\xbd\x00v!\
\xf0i\xa4e4L\x19\xf2hj\xd0J\xa7\x9f\x8dJ\
g\x1d\xfb\xc3pz8N\x0f\xad\xa0p\xd4\xf8D\xeb\
y\x01\xb5b\x07\x06p+\xcd\xf0\xab\xb3\xba\xca\x9fA\
Bz\xff\x1c\xe7d\x1e\xc5\xfc\xefD\x90\xfe^\xd0\xc0\
\xbe\xd56\xb5\xa9\xad\x13I[1\xdf*t=\xc9\xe0\
\xab\xb3v<\xe6\xe7\x91j\xbd**\xd5\x8e\xee;\x91\
\xa7\xc2o\x8bN\xcd\x16\x00\xba\x06pY\xfd88\x93\
c\xd2\xa0&\x01@\xb8\xcc\xca\xde\x04\xe0\xbe\x0d\x07\x95\
\xa7\x05\x03\x0e\xcf3|'\xad3\xff\x03\xc4\x8d\xf4\x0a\
\xce\xc9<\x0a\xec\xfb\x1eD\xf5\x04\xf2`\xdf\x93\xdd\xb0\
\xac\x86PkGZl;\xbeM\xd2\xca\xede.\xa5\
\x18:V\x12\xd3\xff\x0b\x14\xf1\x18%\x9c\xd5\x0e\x1e\xdb\
\xc7K\xbd\x1a@\x9b\x85h3s@\xedZ\xc0\x0c\x12\
\x12,Ql\xe5\xcc\x80\x8a\x8f\xc7\x8d\xe9\xb0\x08\xc2\xd5\
\xf5%m;\xce\x19x\xffq\x96\xd8m\x0b\xf3_E\
\x12u\xbeJ\xb1\xfe\xbbZ\xf9\xf5v\xdc?\x88\xc6\xfc\
\xe9./\x93\xcf\xf44\x81\xf9\x9bA5\xbc\x83f\xbf\
.\xb3\xec\x97\xfa\xe8\xbc\xc4\xf4k\xcc\x7f\x15\xf8~$\
\xa6_g\xfc\xafA\xda\xa7_G\xfc\xff\x1f\xc6\xda\xfd\
J\x05\xaa\xd5\xc6\xd2m\x9e\xce\x0dk\x00yW\xa0]\
\x03PZ\xc0\x15\xa49\x08\xcc\x1a\xd0Sk\xcd\xbf6\
\xe4\xa8\xbb\x01\xec\xea>\xaf\xf6}4C\xe4\xd8\x9cS\
\xbd\xbe_\xc0\xea\xdf\xd7\xc1\xbe\x10\x12\xdc\xf3#\xe8`\
\xdf\x8a\xa0 \xfd\x16\xb0\xaf\x85\xab\xe8b`\x05\xed\xbe\
f\xda\x80\x97f\xed\xc5U.\x03\xbf\x8c\xbc\x1f\xdd\x0b\
\xf3QDcS\xf4L\xfe\xe3\x01\xfe\x97\xed\xcc\xeaN\
L\xe7\xcd\x8bK\xad\xd0\x00t!P\xac\x0e\x94\xa8C\
\xb4\x99\x0d\x8a\xc3\x82\x02Q\xed<U^D#\xc30\
LI\xe1}q\xda\xce\xfc?\x8f\xb8\xefNc\x0d\xeb\
\xd5\xfd\xfb\x07\x10o@\x91\xf9\xd7\x86\xe0q;\xf37\
@\x1dk\x9d\xb6\x91\xd2\x06\xfe/N\xd9\x99\xff<\xf0\
\xaf\x10!\xadc1\x1f\xc1\xca\xfc:}?\xc5Vx\
>4\x0d \xf6\xb9Q\xf7/\xac\x8d\xef\xa4\x99\xa5\x1f\
\x9dp\x80s\x85=\xa6\xcb$\x055\x8b\xdc>4\xc7\
\xfd\x1c\x84s\xad\x17v:\xc6\x04\x8e\xce\x13;\x1b\xd7\
\xb7\x8e#+\xfa\x9fc\x05\x93\xec\xcc\xff\x0c\xd2\x1f\xae\
\x1f\xc4\xde\x1f\xdb\x17\x95\x95\xdf)\xe3\xb1\xc2\xd0\xdaF\
\x0d]\xaf\x81\x83k9\xd4\xbe\xefL\x0e\xff\x17\xa7\x9c\
\x22/\x7f\x11k\xd7$?\xf0\x1d\xc0O\xab\x9d\x06\x86\
\x86\xf9\xe8\xb7|;\x9eb?\x8b\xfd\xc8\xfbR}0\
-B\xc05=\x84^\x00p\x16\x02\x05 \xb0{\xd6\
`\xbe\xcc\x81u]\xc9SqC\x93\xa9\x0e_\xf5T\
\x0eN\xc5\xed-\xb9\xbe\x8c\xa8\xfc\xf7)2\xbe\xd2S\
T\xa5\xde0\x12\xd5\xf71uP\xce\xe7a\xf2\xe9\x1e\
k\x9c\x83[\x9f\xbakj\xf4\x19.6\x90X\x07]\
K2\xf4jIX\xef/ \x05;u\xa1\xecE\x5c\
\xb3\x8f\xab\x9d\x06\x86\x86y\xfe\x9d\xef\xc1\xeb\xf5\xb2t\
\xd9JF\xef\x15\x0aa=\x95?^\xb9\x05\xbd\xb8\x03\
\xb3\x8a\xd4F\xeb\xa0\xd5\x02`R\xfd\x18ZP\x02\xc0\
\x01\x07\xe8\x0cs\xa8yto\x81\xc1\x97\xe7\xec.\xa4\
?B\xea\xf5)\xdf\xb1r\x1f\xa9r\xeaA\xa4A\xc7\
\x8f#A>@>\x87\xff\xe9\x1e\x18\x5c\xe4\xee<U\
\xdfQ\xa3\xae\xd6f\x05\x04\xb9<\xe8b\x82\xa1\xe3%\
e\xd5\xfe\x13\xf0wX\xb3N\xb7\x01\xff\x16\xad\x15\xfd\
\xd2e+y\xe2\x99g\xf1\x07\x04\x80\x8dv[\xe2/\
\xd6#\x82\x5c\xb9\x08\xb3\xe5\x07\xb4\xf8\x13\xbf\xd9EA\
\xed\x18@\x1a\xa9\x80:\xe0U\xdfj\xee,[\x03p\
\x981\x05\xcc1<\xd2'\xc0\xa2*Wx\xd8n\x80\
@\xb7\xbe\xfe\xab)\x06O\xc6\xed\xcc\xff\xab\xc0\xefa\
E\xf9\xd5\xea\xa2\x90\xfe^$\x8dw\xa7:hlU\
\x10\xf6D$\xd2\xb1\x95\xd4\x94y\xb8\xf8\x93\xd9\x15-\
\x18p|\x9e\xd8UK\x15\xd9+\x08\xd8g\xb7\xf7w\
 \x05U\xb6\xa8\x1dw\xef;\xc0\xd6m;\xf5c\x19\
^\xb2\x84\xabW.\xaa\xaf\x87\x90\xda\x8c*\x1f@\xbd\
\xbc\x8e\x8c\x07h\x8a\x00\xb0y\x02t- \x87\xd8\xbc\
\x03\x800g\x08\xea\x82\x1e\x0c\x8a\x8d@\xe2\x86\xfc\xcd\
\x98\xe2]\x88\xe7\xf0\xe4\xa0'e\x14\xa2\xea\xc6_\xe8\
\x91x\xf8Z\x1d\x0fu\x91)\xf9\x0e\xa7\xe2\x0c\xdf\xb2\
\xb8\xf8\xee#A;'(\x0d\xeeQ\xf6~\x08x\x1a\
\xc1\x05\x0a5\x0e\xc7\xd6\xe5\xbb\xf34ah\xee\xf9\xb2\
\x09L\xdc\xc9r m\xc0\x8b3\xf64\xeb\xcb\x88f\
v\x1ek\xae\x85\x0a\xb8\xf2\x02x\xbd^F\xf6\x1db\
\xe3\x96\xad\xd8\xa9\xaf\x7fP\xff\xba\x9d\x22\x08X\x9f+\
\x10\xda\xf6\x1c[\xa1\x01\xd8\xb5\x80+\xa8\xec\xbdY\x03\
zk\xe4\xc6\xa9\x1c\x5cL\x12H\x9bD\x17\x0c\xbcY\
\xec\xab\xab3\xb9\xd9\xa7\x12\xd5\xf2\x02\xe6r\x84^\x9e\
\xb7W\x82\xbd\x8c\xa8\x94\xafS>\xb8'\x84\x14\xec\xfc\
e\xb40\xa9\xb1\xcd]\xb0\xa7B\xc1\xcez\xc6\xf8P\
P\x037T\xed\xd0\xb4A\xe0\xef\xa6\xe8\x9f\xb1\xbc\xa3\
?C\x22V\xed]\x93\x9eAk\x9a\xe2\xf5z\xd9w\
\xe0q\xd6orNB\x0d\xf8-l\x14\xc1\x0a\x02\xd6\
'\x04\x1eB\x0c\x00\x9cq\x80[\x85_+u\x0a*\
\xf7\x02\xe7Mb\xe3\xb5\x94\xfa\xc9\xd3B\x85\xdf\x9ae\
[\x9a\xc0d\x96\xdeW\x1c[r\xfd<E\xff\xbeS\
&_\x18x7\x02:\x01y{\x7f_D\x1at\xd4\
=\x01\x16S*t\xa8D\xba\x95&zl\xce\xde\x97\
\xefW\x80/P\x9ah\xf5}h\xa5\xd4zz\xfax\
\xfc\x99\xe7\xe9\xef\xef/{z\x9f\xdfG4\xdaM<\
>\x0f\xb0\x04\xa9\xbe|\x09\x1b\xf3\xc7>7\xea\xa9\x9a\
\x11\xa8\xe8!\xd4\x00L\xed\xaf\xae\x01\xdc/\xecQ(\
\xf5]\x83^\x1ev\xdc\xef\x06R!g6\xffw,\
\x7f\xdd\xa7\x81\xf7\x000\x9b\xab=;\xb0\x162\x81\xd3\
\x09\x06\xaf\xa5\xec\xf5\xfa~\x9ab\xc8\xa8Sp\x8f\x8a\
\xec\xfb\x11$\xa0\x04\x80l\xc0#\xf9\x0f}\xfe\xe2\xf9\
;\x8d\x97\x9a9&\xb7\xe7jTX_K\x12{\xa5\
\xa4/\xdf\xcf\x01\x7fO\xa9\xfb\xf5\xc7\x81w\xa9\x9d\xa2\
\xd1n\xde\xf1\xee\xf7\x11\x0aWn\x97\xe6\xf5x\xf1\x07\
\x83\x92\x1b(\xd4\x87\xeb\x88\xc0\xc5}\xd1\xad\xd4\x00\x94\
 \xd0\x82\x81\x0c\xec\x95>\xaa\x92\xd5d\x88#!\xb1\
\x93\x14\x1b^\x9a\xc8}\x84\xd1Ja1\xe7\xa4mT\
\x03\x02\xab\x8cE\xed\x935\xe1h\xdc\x9e\x1f\x9e\x04~\
\x0c\xf8\x0a\xce\xf6\xbe\x8a\xec\xdb\x9d\xdf\xaf\xd0\x8a;\x11\
\xf5\x12\x7f\xa6\xbb\x8d9\xfc\x0e\xd4\x89\x02\xa7Q\xba\x98\
`\xe8\x84\xc5\xf9<\x8e\xac\xfc/\xe1\x8c\xf4oS;\
\xae\xdf\xb0\x99]{\xf7\x11\x0aU\xef\x95\xe8\xf3\xfb\x89\
vw33Upz\xadFR\xb9u\x01P;\xb5\
\xe1\x9d\xb4b\x89\xb4\x9b\x00\x85\x12*\x81\x0cdrf\
mW\xb5F\xbcE\x91\x1c\x03\x95\x87\xad\x04@ \x7f\
\xad\x89\xc2\x9eiM\x004\xb3D\xd8\xfd\x0c\x81S\x09\
\xbb-y\x15\xb1\xf7\x8fR\xb4\xf7U\x0dC\x1d\xec{\
\x12Y\xf9\xd7\xaa\x03\xc76\x84ag\xb8\xb99\xfcv\
j+s\x9b,z\xa9\xf0\x05C\x04\xf4u\x0b\xd2\x7f\
\x19Y<\x12X\x91\xfe\x03H.Fa\xf1\xd8\xbac\
\x17\xbbG\xf6\xbb\xbe\xac\xc7\xe3!\x1c\xb2`6CX\
\x03\x81t-\xa0\xa3<\x01\xed\xd0\x00\xa6\xd4\x8f\xa1\x8c\
A&cJ\xf1\x8e\xfaiA\xfb\xa8Dm\xc5\xe2\xd7\
\xd5N\xe1\xb9\x9cs_B}\xa4nW|Eo\xa6\
\x19>6oW`~\x1b\xf8\x0c\xd6\x22\x90\xba\xbd\xaf\
\x82{\xde\x85\x84\xf5z@xd|s\x17\xecvZ\
aj\xe0\xd8\x8e\x0b\x08j\x94\xf3\x1b\xbc~\xda\x80\x7f\
\x9c!6^R`\xe5\x17\x91\x85C\x0f\xbcz\x02\x09\
\xeb\xf5\x830\xf2\xb6\x9d\xbb\xd9\xb9k\xa4\xe6\xcbvw\
\xf7\xe8_W\xd1hRP\x9b\xa8i\x02\xa0L}@\
\x13Y\xb1\x01\x08-\xc0|\xaev5|.\xea\xa5'\
^X\xd1\x97\xe5\xcf\xa9\x17^P\x9f\x82\xb9!}\x09\
\x9bH\x97R\x0c\x9dK\xe8\xcc\x9f@\xba\xf0\xfeo*\
\x07\xf7\xe8\xcc\x0f\x88\xbd?\xb5/\x22\x0d:*Q\xdd\
\xbc\xb0\x98s\xadQ\xe1\xd5\xc0~\x13Y\x02\xaf\xce\xda\
\xb5\xb3?\x06\xfe;\xc5\xa62 \xf3\xfe\x10\xa2\xb5\x01\
\x10\x08\x848\xf8\xc4\x93\xacX\xb9\x9az\xa8\xb7\xbfO\
\xff\xba\x01g\x01\xd0qB\xa0\x1d\x1a@\x12\x91\xc0[\
\x0a\x05B\xbb\xa1\x16 0\xd5\xed\xd3\x05\xc0j\xc4\xb5\
\xe8\xc3\xeaVSL\xd7\xd8\xe8\xed\xafh>\x07'\x93\
\xc4F-n\x85+\xc8\xca\xa1\x12y\xca\x05\xf7\xec\xc6\
\x16\xd9\x97\x8ax\x99{\xb2\x07\xfa[\x19\x9cP\xa7\xe4\
\xa8G+\xea\x14\xba\x9eb\xf0pI\xf4\xe5/!\x02\
\xda\xee\xe6\xfb\xa7Hm\x05\x00\xba\xba\x22<\xfd\xdc\x0b\
\xf4\x0dH\xb8\x8a\xdcbm7j3\x01\x06)2\xbf\
\x05\x07p\xf6\x04,\xdeCm\x15Ln\xf7\x04\x5cF\
ES%L\xad\x98\xb7K\x0aY\x1e\xce\x10bO\xeb\
%F\x14\x08\x18D<\x03\xbd@>\xf0\xa8VF\xd3\
^\xc6L\x96\xe8\xabq\xbb\xfb\xe8\x02\xe2\xba;\x85\xd5\
\xde\x07\xab\xbd\xdf\x85\x13\xf3?\xdb\x03Qo\xe72\xd2\
\xc3Ho$\x89\x1d\xb6T\xebM!\xda\x99=\xa6_\
\xb9\xf9\xbeI\xed\x18\x0c\x87y\xee\x9d\xef\xa1\xbb\xb7\xd7\
z\xce\x1a\xdfO\xff\xa0%\x18h\x13\xceq\x00\x1d\x17\
\x10\xd4\x0e\x0d\xc0@\xdctB\xb5\xd6\x07\x04\xe8\xb60\
\xf1Z\x04\x0c\xf4Q,>\x1aA\xa2\x0d\x87\x113@\
\xde\xe6\x9c&\x00j)\x11f\x02\xa3\x19\x06\x8e\xce\x17\
\x9b\x8e\x0a}\x06\xf8-\xac\xb5\xe0\xd4\x0ezp\xcf^\
\xa4!g\x01U\x1e[\x13\x82]\xe1rn\xcd\xd6S\
\xbb\x05NC\xd7syp\xce\x843\x09\x86.$\xf4\
\xado \xf6\xbe\xca\xe1W\xcc\xbf\x0d\x01\xfb\x0a\xefd\
\xd9\xf2U\xec?\xf88]\xd1H\xbd\x03-G\x1e\x04\
\x5c|\x91Fq\x80\xb7\x80\x17 \x87\x84Y\x0a\xcd4\
,\x00\xd6\x01_\x8b0\xfc\x00\x02\xb8l(=\x88b\
\xa3\x90J#\xb5?`\x138\x11'v#m\xdf\xfa\
\xa3\x88\xefX\x07\xfb\xd4\x19\xec\xc1=?\x86\xd6\x12u\
lG\x18\xb6\xb9\x88\xec\xab:\xb8Zv]L \xb0\
\x0d@\xe2\x82\x0a\xeb-\x01\xfb\xfe%\xa5\xc5T\xb7!\
%\xd6\x0b\xcb\xf4\xda\x0d\x1b9\xf8\xd8S\x0d\x8c\xb1\x94\
6o\xd9\xc1\x95\xcb\x85\xa9\xfeQ\xc4\xddh7\x03j\
\xf3\x04<d\x1a\x80\x22\xbb\x10xS\xfd\x10\x9e\xaf\x02\
\xce9\xdd\xb0\x15+\xdb\x81\xe6C\xafH\xe5\x1a\x93\x96\
\xa3\xb4\x09\xaf'\x88\xdd\xb5\xd8\xfb\xf7\x906\xcf\xafQ\
\x9a\xcc\xa3\x07\xf7\x84\x81\x0f\xa1\xe5\x8b\x9b\x1e\x18\xdf\xd5\
\x05\x9b\xab\xfb\x92\xcbR'\x9a\x0a-\x0f\x08r\xd8\xa8\
oJ\x19\xf0\xe5\x12\xa4\xff\x12\xb2\xf2\xa7\xb1\x9ad\xfb\
\x11\xbc\xa6\x0f$\xacw\xf3\xb6\x9d\xec\xda\xb3\xb7\xde\xc1\
\x95\xa5\xad\xdbw\xea\x02`\x0f\xa5@`\xd3\xae\xd5,\
j\x87\x06`\xa0\xf5\x0a\x8c\xa4LR\x86\x07\xbcj\x17\
\x17*\xb1\xcfS1~Hz\x04@2\xe0!\x1d\xf5\
I\x07\xdc\x00\xb0\xb4\x86zy\xd3Y\x01\xfb&-\x08\
\xf2\x9f \x95\x8d'q\xb6\xf7Up\x8f\xca\xe1\xff\xe7\
\xea\xc0D\xd4K|\x7f\xb4\xb5\xd1\x88\xad\xa0N\x148\
:\x8dg\x09\xbd:k\xcf\xbb\xf8\x15\xa4\x14\x97^\xc0\
\xc3\x8b\xc4\xf4\xff\x14\x82\xc7\xe0\xf1xx\xfa\xf9\x17X\
\xb2ty\xd5\xcb\x98\xc8|\x8b'\xe2\xccLO25\
>Nl\xd9r\x96,]V\xf6\x98P\x97E\xd0\x0f\
R&\x16\xa0\xa6\x90\xe0\xc2`\x5c\xef]\x135uv\
\xda\x5c\x81\xba \x88\x93O\x0a\xf2\xe5LA\xd6kI\
\x0a\x0ax\x98\xe9\x96va\xd9P\xbe\x11H\xd4#\xf6\
t\xd8#\xbd\x04\x83\xf9\xe6 \x1e\x80j\x81(\xb6'\
z5\xcd\xd0\x99\x04^\xab\xc5\xf0\x9b\x88\xfbHU\xed\
\xb1O.e\xef+\xa4\xbf\x90#:\xd5\xeb#\xfbd\
T\xfa\x17t\x12\xd54\x91\x9a0\xeb\x9a=q\xaf\xa7\
\x18z\xad\xa4\x80\xc7\x7fEJu\xebH\xbf\x17\xf8v\
\xa4k\x12 n\xbe'\x9f}\x8e\xd8\x92\xa5U/\x93\
\xc9d\x98\x9f\x9d\xe5\xd6\xcd\x1b\xdc\xbcq\x8dtZt\
V\xaf\xdf_Q\x00\x80\xe4\x0e\xcc\xcd\xcd\x90\x1f\xc3:\
\xa4\xbfC\xc7\xc6\x02\xb4R\x03P\xcc\xaf|\xe3\x97P\
Y\x8135f\x05\x86\xbcd\x9e\x8a\x08\x83;\xb5\xb8\
vz\xacN\x93\xcfI\xe18\x9f$v\xd1b\x94d\
\x10\x04\xf9O)o\xef+\xe6\x1f\xc0\xc6\xfcc+\x82\
0\x12\x16-\xa4\x1a\x07Te\x90\x16\xf8\xd4\x1f\x1a\xd2\
n\xc8\x04\xae$\x89\x1d\xb3 \xfd*\x0e\xe3\x1f\xb0\x82\
}>\xa4tW\xa1\x82r8\x12\xe1\x89\xa7\x9egh\
h\xa8\xe2s\x9a\x9a\x98\xe0\xd6\xcd\x1b\x8c\xde\xbbC|\
~\x0e\xc3\xb0\xae\x08\x89\xf9\xca5\xad<\x1e\x0f\xe1\xae\
\xb0\x12\x00 \xa0\xb4\xa3;\xb0&zH1\x00{\x85\
\xe0\xd3\x08x\x07\xa3YX]\xc3\xa5=@\xa0\x16F\
r\xc1\x0ds9\xb8\x94\x22v\xcbb\xef_D\x02v\
^\xc79\x99\xc7\x0e\xf6\xfd0\xf9\xee<\xa6\x07\xc6w\
\x84aS\xb8-\xc5\x8c;\x9f\x9a$\x91r&|\xa5\
\xa4Z\xef\x15\xc4\xc7\x7f\x16kX\xef6\xa4C\xf2v\
\xb5\xe3\xb2\xe5\xab8\xf4\xe4\xd3\x04\x02\x01\xc7\x11%\xe6\
\xe3\xdc\xb9}\x93\xd1\xfb\xf7\x98x0J.W\x1e7\
\x1a\xbdw\x87l&S\xa8\x04\xe4D\xbd}\x03\x8c=\
(\xe4\xbfmD\xca\xbdw\xac+\xb0\x1d\x1a\x80\xfa\x1c\
V;X\xeb\x03\xd6Z\x22\xac\x09\x15>&r\x0c\xbc\
Z\xe2\xe2{\x11\x89\xd3\xd7;\xbc:\x05\xf7t!\x82\
\xecg\xf4\x83\xc7G\xba`\xbd\xd6\x9d\xa7\xe5@YK\
\x0fl\xef\xa9\xcb\x9d+\xed\x08\xf6\x9d\x07\xfe5E\xe1\
\xac\x04s\x14\xc9\xe1/\x84\xf2-[\xb1\x8a'\x9fy\
^/\xda\x09@2\x1egfz\x8a\xbbwoq\xef\
\xce\x1dR)K\xce\x80NW\x81?@\xaa\x03\x0f'\
\x93\x09&''*\x9a\x01\xb6\x90\xe0\xf7!\x95\xa0\xec\
\xab\x7f\x19O@\xfb\xd5\xb8\xda\x05\x80\xfbl>\xbb\x19\
PXj\x039S\xbe\xb9\xe9^\xddL2\x81\x1b\x0b\
\x0c\x9cM\xda\x99\xffw\x91\xb2]\xaa\xc9\xa3\x0e\xf6\xe9\
m\xb9\xc2\xc0\xb7\x00\xff^\x1d\x98\x8ax\x99\xdb\xdd\x05\
+\xeal\xd0\xd1\x89\xaa{'\x8ci6\x8b\xf7\x95y\
{_\xbe\xf3\x88\xcd\x9f\xc6\x9ao\xb1\x07q\xbd\xae\x04\
Q\xc5W\xaf\xdb\xc0\x81COX\x98\x7f~v\x8e\x0b\
\xe7N\xf2`\xec\x01\xe9dY\xa6\x7f\x03\x01\x15\xaf\xe5\
\xbf\x87\x91\x0c\xcf\x8f\x02\x8c\x8f\xdd\xaf\x0c\x04Z\xb3\x07\
w\xd3\x8c` h\xd9;i\x97\x1b\xd0@l6\x00\
<\x06\xe2\xa3\x0f\xd6\xb1\x92\xd7\x92i\xa6?\xb4\xac\x09\
\xa7\x92\xc4n[T\xfeyD\x8dW.>{\xa5^\
\xdd\xde\xdf\x8d\xadf\xdf\x5c\x8f\x8f\xd4\xb3\xdd\xf6H\xc5\
\xce\xa6\x87! \xe8f\x9a\xc1W\x1d\xc3z\xbf@i\
X\xef\x07\x90wX\xb8\xcacO=\xcb\xcaUkJ\
N;99\xce\xad\x9bo\x96lG\x82\xc7>\x03\xbc\
\x8ad\xaf\xaa\xf3\x07\x919q\x92\xbc\x00\x98\x18\x1bs\
:\xbe@\xdd==\xf8|>\xdd\x94\xe8\xca\x9f\xb31\
 \xb0E\xef\xac\xe9\xd6\xea\xd8\x07\xbb\xed\xd1\x80J\x10\
\x14D\xb9\xc74\xb5om\xa0\xb4\x01\xaf\xc5\xed\xcc\x7f\
\x1d\x89\x0c{\x99b\xa7\xd7rm\xb9\xf6\x22\xf5\xe1\x8a\
`\xdf\x90\x9f\xd43Q\x17\xcc\xef\xde\xdb\xd3\xf0\xf1\x8e\
\xbb6r\xfdF\xc7^\x07]M1\xf4J\x09\xf3\xff\
\xbf\x94\xba\xf9\x02\xc0\xd7#f\x9b\x07\xc0\xe7\xf3\xf1\xc4\
3\xcf;2?\xc0\xb2e+\xf4\xaf\xf3H\xa5\xe6\xef\
\x03\xbe\x13\x09\xf2\x1aG\x98u.\xff\xbb\xfa{B\x1d\
46>\xc6\x9d\xdb7\xcb\x0e?\x18\x0c\xe2\xf1X\xd8\
*@\xa9\x06\xe0\xa9\xa9Q\x08\xb4\xecU\xb4\xd2Im\
\xd7\x02\x92\x88'`\xab\xd7@\x8a\x834S\xfe8\x01\
\x81\xa6G\xfc\xc6\xa7\x93\xf4Z\xbb\xf2|\x0e\xf8u\xca\
\xdb\xfb:\xd8\xf7\x0c\xb2\xc2\xac\x81\xfc)\xd7\x85$\x87\
\xbf\x120\xd9l\xea\x04\xb5\xbc\x95d H\xffq\x0b\
\xd2~\x03\x89\xe0Sa\xbdPt\xc1~\x18\xa9\xd8\x0b\
@\xdf\xc0 \x87\x1e{\x8a\xde\xbe\xbe\xb2\x97\x08\x86C\
\x84\xc3]\xca\xe6\xef\xce\x9f\xff\x06\x22\xfc\x93\x14\xe7\x83\
\x9a\x9c\xcaH\x9dF\xf0\x80\x8dF6\xc3\xdd[7Y\
\xbeb\x15^o\xe9\xfc\x8dtw\xe3\xf7\xfb\xc8f\x0b\
+\x5c\x98\x9a\xbc\x00\xed}\xd1\xadNI\xb3\x0b\x81W\
\x0a\xbfZr\x02\x1cBv\x9b!\xf1\xae\xa4\x18~u\
\xde\xce\xfc\xff\x15\xb1\xf7UQ\x11{g\x1e\x95X\x14\
A\x92F>\x85\xce\xfc#\x11\xd8\xdd\xe5\x8e\xf9\x17a\
\x01m\x1a\xb9\x19{\xd5}\x5c>\x80\x9c)9\xfcV\
\xe6WEU\xcf`e\xfe\xedH!\xcf\x7f\xa3v\x1c\
\x1a\x8e\xf1\xcc\xb3/\xd0S`\xfe\xf2\xd7\xb5U\xf5\xfd\
\xa6\xfc\xb9\xb3\xc8\x22\xb0`\xfb\x9b\xd1~\xff\x8c:(\
\x91\x88c\x96i[\xe7\xf5z\xed\x1a@\x88\x0eN\x0b\
\xaeO\x00\x98U\xc7oj\x7fu\x1c\xa0X\x1e\xac,\
\x06\xe3\x86\xaa\xc4\xf8\x1b&\x9cO\x13\xbb\x98\xd2\xf1\xca\
i\xc4g\xff\xfb\x14U~\x85$\x83\xb5-W\x04I\
\x19\xfd\x09up&\xe4a\xfc@\x14\xd66R\xb0\xb3\
C\xa8\x93\x04S\xda\x80\x7f\x98\xb1wP:\x89\x04\xf1\
\xe8+\xbf\xd2\xca~\x08-\xa1gh8\xc6S\xcf\xbd\
@0\x1c\xc2\x0d-_nY\xb97\x22\x8d<\xec&\
+X\x9f\x92\x87\x22(\xc8\xf4\xd4\x14\x89yK\xbb7\
\x0b\xf5\xf5\x0f\xe8_\xb7\xe0`\x02\xb8\x1a\xac\x9dZ\xf0\
\xde\xda\xa5\x01(ApC\xfd\xe8\x89\x97\xf7\xb76D\
3Yx-\xc1\xf0UKp\xcf9\x8a-\x9eu{\
_\x07\xfb\x94\xca\x1fEP\xfe\x1fR\x07\x8f\x0f\xf8\x99\
~G\x0f\xac\xac\xb7\x15w\x957\xd7\xcc\x17\xdb\xf4I\
\xd2\x84\x13\x96;\xc5\xdd\x05z\xfev\x9a\xd8\x84\x05\x10\
R\xab\xbb\xdd\xcd\xb7\x1b\x89\xcc\xdc\x06\x82\xf4o\xdd\xb1\
\x8b\xa7\x9f\x7f\x01\xbf\xdf\xbd%\xdb\x15\x8d28\xb4D\
\xdf\xf4\x03\x14Cv\xfd\xda'`\xfb\x9e&_\xe1:\
\x93Y\xe0\xde\xdd\xdb\x94#[\xb4\xe1\x08\xce\x09A\x1d\
\x11\x10\xd4n\x13\xa0\x00\xa1FR\x0dL\xacr\x1a\xc8\
\xfd,\x03\xaf$\x88\x8dg\xf5\x95\xff,\xd2\x85\xf7$\
\xc2\xfcz\x8d~\x85$+\xb0o?\xe2\xb7\xfd\x16u\
\xf0\xd8\x90\x1f\xf3\xe9h\x83i\xbc\x8d\xbe\xb96\x02\x89\
M\xa72\xd7\xbe\x99&\xf6\xe5\x19\xc2\x89\x12\xf3\xec\x8f\
(m\xca\xf9\x1c\x12\xf5W(\xcc?\xb2\xef\x10;v\
\x8d\xe0\xf390\x7f\x85\xdb\x0d\x04\x02\xac]\xbfAw\
\x0f\xee\xa0\xe8\xe2\xad\xf4\x09\x01\xffS\x1d\xf4\xe0\xfe\xbd\
\xb2\xd7\x88\x94\xb6\x0a\xab!)\xa8\x02\xb5\xe05\xb6:\
S\xc5\xc9\x04H\x02]\x91\xa4A<[e\x04\xb5\xe0\
!\xb73\x0c\x9d*\x89\xe7?\x8bd\x82\xc5)\xdau\
j\xc6\xa9\xc9\xa5^\xfe~$\xeb\xaf\xd8\x9dgm\x00\
vu\xb9\xef\xc6[\x96\x9a\x04\xect\x22\x10X\xcf\x98\
\xdeH1d\xb5\xf7\x1fP\xac\xd6\xab\x87]\x07\x80\xf7\
\xa2\x99b^\xaf\x97=\xfb\x0f\xb1~\xc3\xa6\xba\x07\xb6\
l\xf9J<\x1e\x8fn\xc7\xf7\xe6\x0f\xf0!\xf3D\xe1\
AA\xa4\xdb\xefF$\xc6\xa0PHdjr\xbc\xec\
\x95\x97Z\x93\x8dvQ\x04\x96]\x9a\x01\xed{\xd1\xf5\
\x0b\x80\x0a\x01A\x15Z\x85)o\x80$\xc7[\x04@\
\x9d^\x81\xb4!\xf6\xbe\xd5\xc5w\x1fa\xe6W\xb0\x02\
}z\xa5^\x9d\xf9\xdf\x87\xb8\x93\x06\xd4\xad\x8d\xef\x8b\
\xc0\xea\x0a*\xbf\xdb\xe1\xba}\x97o\x15\xe6\xaeD\x0b\
\x86\xa4[_\xb3\x00@7\x10!}\x89R\xa4\xdfR\
\xba+\x12\x89r\xf0\x89\xa7\x19\x1a\x1anh\xc8\xa1p\
\x88p8L\x22Q\x08M\xd9\x83Tx\x0a\xe6\xc70\
\x8c\x00\xbf\xff\x02M\xeb\xd0)\x9dNs\xf7\xce-\xc7\
\x1a\x82\xc1\x90\x05\x8f\xe8\xc3\xaa\x01T)\x0f\xd6^j\
\x87\x06`\xd7\x02\xae\xa2\x0a3\xcc\x19\x8d\xa9\xd6)\x03\
\xef\x91\x04C3\x165\xf2\x0a\xd2\xf8\xe1\x04E[\xdf\
\x9e)\xa6\x97\xed\xfa\x18\x82\x0f\x00\x92Z<q0\x02\
\xcb\xdb\x9c\xc6\xdbn\xe6o\xab\xc0\xc9\xc7}\xbc4G\
\xec\x81EP\xab\x1c\xfe\x8bX\xc1\xd8m\x08\x06S\xa8\
\xfb\xd0\xd3\xdb\xcfS\xcf<O$\xaa\xfa%6v\x03\
\xab\xd6\xac\xe7\xf2\xc5s\xea\xeb{\x10\xec\xe7#h]\
\x80\x9d(\x10\x08\x11\x8dD\x88\xf4\xf4\xd8\xeb\x00Z\xf7\
\x0b\x85\xc8\xa4\x0b\xf9\x0b\xfd\x94\x06\x03u\x84\xb8o\x97\
\x00\xd0C\x82O#\x15Ya*\x0b\xb1:\xe3\x81'\
\xb2\x84O%\xf5b\xa1 *\xff\xcf!\xae\xa3r\xc9\
<\x0a\xe9\xefBb\xbc?\xa6\x0e\x9e\x8bzI\xed\x8b\
\xc0P+\xd2x\xabL\xd8\xaa\xf3\xb9\x86\x09\xdft\xe6\
n\xf0\x84i\x13\xef\x97g\xeda\xbd\x7f\x0e\xfc\x1aE\
\xb3LO\xb6\xfa8ZB\xcf\xd2e+\xd9\x7f\xf0q\
{\xbe}C\xb4n\xfdF]\x00<\x9b\xff\x94\x90\xc7\
\xe7\xa3\xa7\xbb\x87\xae\xae\x08\x03C\xc3\xacY\xb7\x81\x9e\
\x9e\x9e\x92\xfc\x02;\x0d\x0e\x0cq\x7f\xb4\xe0\xf4\xda\x0e\
\xdc\xa1\xd1\xac\xc0\x16P\xab\x03\x81\xd4\xdf2\xae\xc0:\
\xb5\x9fKibW\xd2\xf6\xad\xff\x11\x89\x16\xab\x96\xcc\
\xa3\xc2z\x7f\x06M\xbd\x1b[\x12\x80\x03\xe5\xfc\xfb\x9d\
\xa8\x9f?$tg\x81\x9e\xe3\xf3\x84\x13\x16A\xfdk\
HcN\x1d\xec\xf3\x01\xfb\x90l\xbe\xf5 H\xff\xa6\
-;\xd8\xb1{O\x81\xe1\x5c\xbf\x89*;F{z\
\xf0\xf9\x02\xe4r\xa5!\xa9]\xd1(\xdd=}\xf4D\
\xbbY\xb3~#}\xfd\xfd\xd2\x00\xb4\x0a\xd3\xeb\x14\xb1\
\xd6\x19\x5c\x863\x10X&)\xa8}\xb4\x18\x1a@A\
\xec\x86\xa7r\xa4\xaa%\x17\xe9/2g\xc2\xf9\x14\xc3\
7-/m\x06i\xc4\xf9\x7fpN\xe6Q*\xbfr\
\xf3=\x86\xd8\x9c\x05_\xcd\xd8\xf2\x00\x1c\x8c\xb4\x8e\xc7\
\x9b)?\xea>W\x9d\x07\xba9\xac\xdc>\xd7\xd3\xf6\
j\xbd \x91}\x7fI\xa9'\xe6\x10\xe2\x05(\x9ci\
\xdb\xce\xddl\xdd\xbe\xcb~|\x0dC.?x\x8f\xc7\
Cl\xc9RF\xef\xdd&\x1c\xee\xa2\xb7o\x80\xee\xee\
nb\xcb\x96\xb1d\xc92\x02\xc1\xa0\xc3*\xef\xfe\x19\
\x0e\x0d/\xe5\xfa\xd57\xd4\xd7\x11\xa4\xbaT\x0d&@\
{\x16\x9d\xc6\x04@\xf5\xcc@'\x0c\xe0\xba\xfa\xb1\xb4\
yG\x05d-\x9e\x07\xfb\xee[\x98\xff\x1c\x02\xde\xdd\
\xa4|2\x8f\x02\xfb\xba\x80w 5\xfb\x0a\xf1\xa2c\
\xfb#\xe2\xdf\xaf\xe7Y79\x9a\xf9-\xa5h\x5cI\
1\xf4z\x09\xd2\xffKH~\xbc\x1d\xe9\x7f\x161\xdd\
\x00\xf0\xfb\x03\xec\xd85\xc2\x86\xcd\xce\xed\xb8A\x1d\xdd\
\xd8\x03\xdb\xb1s7\xb1%1V\xafYOW\x01[\
\xa8@5\x5c\xae+b\xc1\x07\xf6Q\xf4\x04X\xe2\x01\
\x16\x1b\x08l\x07\xd2e\xd7\x002\x88?^t\xa4\xac\
)S\xa0\x12\xdd\xcb2p\xba$\x85\xf7,\xb2\xf2\xdf\
\xc0\x0a\xf6\xa9\x9d\xec\xf6\xfe\xf7\x00\xff\xb7:8\xe7\xf3\
0y0\x02K\x1f\xb2\x9a}\xcd\xa4V\x08\x1c\x85\xf4\
_\xb7\x88\xf67\x90\xb0^\x05\xf6)\xb3,\x80\xd4V\
(\xa4W\x07B!\x9e{\xee]\xb6\xb0\xde\xd6H\xc5\
\xfe\xa1!\x06\x86\x87\x5c\x9d\xbf\xd6Q\xf4\xf6\xf6\x13\x8e\
DH\x89\xa7aY\xfe3O\x87\x95\x07kY \x90\
-+P\xaf\x0c\x94E\x8b\x08\xc4\x0a\xe2Y\xc9\x04n\
.\x10;\x9e\xb03\xff\xa7\x81\x7f\x86T\xeeQ\xc1=\
\xf6\xe0\x11\xb5\xeaG\x90\xc8\xb2\x02\xf3/\x84\xbdL>\
\x11-\xcf\xfc\x8e\xf2\xb8\x13\xe2gk\x18C\xd3\xef\xc1\
\xc5\xb1YS\x90~+\xf3_B\xd4\xfe\x0b\x94\xd6\xe9\
\xffoh\xcc\x1f\x8eDx\xee\xf9\xf7\xd0\xad\x98\xbf\xcc\
%\x9b\xfa&Z\xf4Z\xbb\x22\x11\xba\xa3\x96\x80\xa0\x15\
4\xa3<X\x93\xa9\xdd\x1a\x80J\xac\xb8\x8fr\xf1\x94\
\x8b\x08\x5c0\xe1D\x92\xd8\x84\xa5\xfa\xebM\xa4+\xcf\
\xab\x94\x16\xeb\xb4\x83}a\xc4\xf6\xfaq4w\xd2\xd8\
\xd2\x00\xec\xebjm7\xde\xb2\xf4\x16\x0e\x08\x1a\xcf\x12\
8:o\xef\xcb\xa7\xaa*/P\x1av\xfdq\xb4\xf7\
200\xc8\x81\xc7\x9e\x22\xdac\xa9\xa8\xd3\x18\xb96\
\x13jy\xa0\xee\xf7\x8dF\xbb\x19\x1f{\xa0\xbe\xae\xa6\
\xe6\xe2 \xad\x7f\xd1\x8dk\x00\xee\x12\x83\xd4\xea\xafL\
\x80\xab\x85_\xe7\x8d\xd2s\xcc\xe7\x08\xbd\x9a\xb03\xff\
Y\xe0\xdb\x10\x1b2\x8e5\x99GW)\xd5\xca\x7f\x10\
\x89.+2\xff\xaa \x1cl2\xf3\xbb\xeds\xd2\x09\
\x0aD\xbdTm\xec\xb7\xd2\x0c}i\xda\xce\xfc\xbf\x8c\
dR\xea\x09W~\xa4c\xce\xff@{/k\xd6o\
\xe0\xd9\x17\xde[;\xf3\x9b\xe5\x07\xd7\xb2\xc7]\xc3\x89\
\x87c-\xca\x09h\x22-\x86\x17 \x83\x06\x04\x92\xb0\
=\xd1;\x19\xba/\xa6\xe9\xb2\xb6\x10;\x83\x80D\xd3\
\x14\xfd\xfbN\xf6\xbe\x8a\xe9\x7f\x06)\x22\xd1\x05\xf9\xc8\
\xbe\xb5!\xd8\xd3<?\xf2[\x86jZd\x1cv\xbe\
Q\x82\xf4\xa7\x90\xe0\x9e\xbf\xa1\x14\xe9\xdf\x89`\x01\x05\
\x1f\xd9\xfa\x0d\x9b\xd9\xb3\xff@-\x83X42\x01#\
\x97cnv\x96\xf1\x891\xe6gf\xd85\xb2\xafl\
\x91P[\xcb\xb1%\x94\xf6\x0b\x5ctZ\x0c\x13 \x83\
\xd8\x85\x00x\xe6s\x989S\x1a\x85\x5cX v\xa3\
\xc4/\xfb\xe3\xc8dR.>\x1d\xecS\x13K_\xf9\
\xbf\x0e\xa9\xde\xe3\x87|d\xdfc\x91\x0ej\xd0\xf10\
\x07\x04id\x98p&\xc9\xd0eKX\xefMDP\
\x9f\xa3\xb4\xc6\xc2!\xc4\xfd\x1a\x01\xf0\x07\x82\x8c\xec=\
\xc0\xaa5k\x1d\x07\xdb.+\xc7\x8d\x95`\x9a&\xe9\
T\x8a\xf1\xf1\x07\x5c\xbap\x8e\xd9\xe9)\x0c\xc3 \x18\
\x0e\xb3i\xdb\x0e\xba\xcb\x08\x80\xa1\xa1\x98\xfeu\x17V\
\xe6\xef\x080\xb0]\x5c\xa1\x9b\x00Y\xe0\xa8\xfaah\
:\xc7\xf8B\x9e\xf9G-\xcc\x7f\x17\x99L/b-\
\xd2\xa0\xdb\xfb\xca\x9e\x0c!\xf1\xdc?\x81\x04\xf9\x00\x92\
\xc3?\xfdX\x17\xf4\xe7o\xb3aS\xaf\x19\xd3r\xb1\
\x05\x7f\x13\xee!c\xc2\xcbs\xf6\x1c\xfe+\x08\xd0\x9a\
\xa2\xd4,\xfbv$\xae\x1e\x10\x1f\xfc\x13O?W1\
\xa6\xdf:\xdc\xd217+ \xa8\x12\x19\x86\xc1\x8d\xeb\
\xd7\xb8s\xfb&s\xd3S\xa4RIK!\x90\x5c&\
C21O\xb75\xfb\xaf@\x81\xa0%\xca\xb5\x1bg\
\x13`Qs\x02\x16C\x03P\xaf\xe3\x18p\xd0c\x82\
\xf7D\xca\x1e\xcf\xff'HK'\x05\x1a*\xc1\xa1\xec\
\x02;\xd8\xd7\x83\xac\xfa\x85\xa8\x91\xe9\x1e\x1f\x99\xfd\xe1\
\xda\x1a\x90\xb4\x9a\x9a\xe0\xbb\xb6\x9e\xab\xf1\xd3\xd4LY\
\x13\xbe<k\xcf\xe1\xbf\x84\x04\xf1$\xb1VS\xde\x8a\
\x80}\x85Z\x8a\x81P\x88\xc7\x9f|\x96A\x9d\xf9[\
t/n\x02\x82\xec{\x1b\x86\xc1\xe8\xdd;\x8c\xde\xbb\
\xcb\xcc\xd4\x04\x93\x93\x13e\x8f\xc8\xe5r\x5c\xbep\x81\
\xe1\xd8\xd2\xb2\xa1\xc1\xc1p\x98\x85T\xc1+2D\xcd\
9\x01\xad}\xd1\xcd\x11\x00e\x02\x82\xf2Y\x81*\xdc\
Q\xb9\x02\x15R\xf4SH\x81\x0e;\xf3\xff\x12R\xb2\
K\xef*\xa4V}=\x99G\xb7\xf7\x7f\x0c\xad\x1e\xfc\
\xd8\x9a \xec\x0e\xe7\xfb\x0f\xb6\x81\xde\x0e\x01A&0\
\x91%p,n\x07\xfb>\x8d\xe4\xf0\x97C\xfa\x0b\xcc\
\xbft\xd9\x0a\xf6\xec?DWWW\xe1\x94\x0d\xdff\
\x13Nb\xe6rLLM033\xc3\xbd\xdb\xb7\xb9\
?z\xa7\xd2\xeeW\x90\x05\xea'\x00\xee\xdd\xbd\xc5\xec\
\xf44}\x03\x03\x8e;/\x89-\xe5\xf6\xad7\xd5\xd7\
\xbd\x88\x99T\xa2\x05,\x16\xb5S\x030)\xae\x0e \
\xd5x\xbf\x1fY9B\x88}\xff\xa3\xc8d\xd2\x8fQ\
\xa4T~\xdd\xde\x7f\x12\x11\x16\x85\xfb\x18\xdb\x10\x84\x1d\
\xe1j\x11\x8a\x8fH'7Lts\x81\xe1\xc3s\xf6\
\xc7\xfa\x8bX\xab\xf5\x82\xbc\x8b=H6_!i\x7f\
\xd9\xf2U\x1c|\xe2I\xc7B\x9a\x8dS\xfdR`|\
\xec\x01\xe7\xcf\x9cdrb\xbc\xa4\x15X\x9e\x16\x909\
v\x14\x09;W\xc1e_\x02^\x00\x18\x9f\x18/+\
\x00\xa2\x11\x8by\xb0\x96R\x1c\x00\x161'\xa0]\x18\
\x80\xd2\x00\xf4\xef^\xa4!\xc7\xef#\xc58Nb}\
\x10\xea\x8d*\xc6\xb7\x83}\xefE\xdax\x01y{\x7f\
w\x17,\xf7Q\xfa,\xb5%\xba5.\xdf\x1a\xa9\xd1\
\x137\x0a\x04\xd6p\xbc\x01\x5cK\x11;a\xa9\x81\x17\
G4\xb5\xbf\xa5h\x9a)\xb3l\x1bb\x8e\xadT;\
\xafZ\xbd\x86\xbd\xfb\x1fw\xc1\xfc\x95\x80\xc0\xd6\xbc\x8c\
\xe9\xc9I\xddW\xaf\xd3\xff@\xcc\xd4\xd3\x14\xb5\x1b\xa5\
\xd9, n\xe9\x17\x00\xa6\xc6\x1f\xc0&\xe7\xb0\xe5\xd8\
\xf2e\x5c\xbaTH\x7f)\xe7\x0a\x5c4j\xa7\x00\x80\
\xa2\x10P\x02AI\xc1#X3\xa4\xd4v\xf5\xd1\xed\
\xfd.DS(Tg\xc9\x06<L?\x11i\x93\xbd\
\xdfA\xfay\xab\x87b\x02_\x9d#6j\x01\xfb\xde\
\xa4<\xd2\xffn\xe0\xdf\x92\xcf\xb5\xf0\xf9|\xec\xdc\xbd\
\x8fu\x1b666\xde2\xc75\x03\x08\x5c\xbej5\
\xa7O\x1eS_'\x91\xa6\xb0/\x22=\x02\xe6)\x06\
\x9c)\x01\x10B4\xd9B\xaf\x80\x07\xf7GI&\x12\
tE,n?\x00\xa2\xdd\xbd\xfa\xd7UtX\x1c@\
\xcb9&\x1f\x12\x0c\xcea\xc1\x0a\xdcS\xffW\xbf\x01\
\x85\x14Q\xb5\xeaG\x10\x1b\xeaw\xd1\x98?\x1e\xf12\
\xf5L\xbb\x98\xbf\x02\xbd\xd5\x02\x82\xd2\x06\xbc8kg\
\xfe3H\xfd\x04U\xadWG\xfa?\x84-\xd1j\xff\
\xa1'Y\xbbac\xc5[6K\xfe\xd3\x5c2\x1d\xfe\
\xa7S4\x1a\xc5\xef/\xb8\xf1\x06\x11\x1b}\x06a\xfc\
\x84\xf6Ij\x9f\x14ZZ{2\x9dbvv\xda\xf1\
\xfc\x01\x9f_\xd7|V!\x8b\x98\xdd\x0d\xe8\x02\x08l\
\x0d5\x8fk*D\x04\x96\x11\x02\xba0\xb03\xbe}\
\xd5\x8f %\x9a\xac\xddy\xd6\x06H<\x17\x85\xee\x0e\
B\xfa\xdf\x0a4\x9f\x93\x95\x7f\xcc\x82\xf4\xff\x06\x82\xd9\
$)2\xbfR\x89\xbf\x15\xc9\xca\x04\xa0\xbb\xbb\x97'\
\x9f}\x07\xcbV\xac\xa4-T!\x22\xd0\x0d\xad\xb3\xd6\
\x17\xdcN\xf9\x1e\x01z\x9f\x80\xa2d4\x0c\xd2\xc9\x92\
\xfa\x14\x00x\xfd>\x22V\x1c`\x19\x0e\xea\x7f\xcd\x9d\
\x82\x9aDm\xe3\x1c\x07!`\x7fc:\xe3\xeb\xb6~\
\x14\xa9\xd9\xf7y\xf2\xe1\xa3\xa6\x07\xc66\x06\xa5A\x87\
\xbfC\xd4\xf1\x9a\xa9\xca\x84m\xb7\xa6\xa0\xaewg\x81\
\xc1\xff3c\x0f\xc3\xfe5\x04\xabIcu\xf3\x05\x81\
\x1fD\xdak\x01\xd0\xdf7\xc03\xef|7\xc31K\
\xe9\xed2\x17\xabw\x90\xcd\xa5\x98\xb5\xd9\xe7s\x14\x17\
(\xfb\x9cU\xe4A\x9e\xc3%\x90@\xa1\xd1{\xb7\x1d\
\x9b\x85x\xbd^\x02!K<@\x1f\x1dd\x06\xb4u\
\xe9\xd4\x84\x80N:\xe3\xdbm\xfd(R\xaf\xed\x93H\
]5\x00\xc6\xb7\x84`\xbb\x16\xd6[=\x1f\x01\x8b\x8e\
^\xcb<r\xdc\xb7\x19\x13\xb1\xd1w^\xc3\x18\xdc\xde\
\xc3\x9bi\x86K\xfb\xf2}\x12\xf8c\xacn>?\x12\
p\xf5\x1b\xc07\xa8\x1d\x87cKx\xe2\x99wH\xf5\
\x9c\xba\xc9t\xfeV\xe6v]?\x85\x0a;vG\xbb\
\x09\x04\x0aL\xba\x86b!O\x1d|V\x1f\xbdo\xc0\
\x7fW\x07\xdd\xb9}\x93x\xbc\xb4Y\x88\xdf\xef'j\
\x0d\x14Z\x81\x95\xf1\xdf\xda\x18\x80N\xf9\x98\x00\xb0\x02\
}v\x84_\xa9\xfc{\x91\x1a\xfd\x9fT\xc7\xc7#^\
\xc6\x9e\x8a\xc2fw]`:\x9b\x9a\xb4\x9a5\xe34\
\x06\xf0F\x8a\xd8\xe1y\xdd\xcdw\x07Y\xd9\xff\x02k\
\xdd>\xe5\x06\xfb8Z\x01\xcd5k\xd7s\xe0\xf1g\
\x08\x04\xf5\xb0X\x87\xc1\xb9\x02\x04ZEep\x80\xee\
n\x06\x06\x87\xf4M\xdb)\xdf+\xa0\x8bb\x9f\x80\xbb\
\x08f@.\x97cl\xd4\xb9W@(`\x99\xaf\xbd\
\x8e;\xd59\xf6F\xa9\xb9\x02\xa0\xc2Jlc~;\
\xe3\xabp^\xb5\xeaw\x03?\x89\x16\xd6\x9b\xe8\xf2\x92\
x2\x02\x83\xad(\xd8\xd9$z\x18\x81@\x85\xf4\xbf\
nY\xbd\xae!\x80\xde\xeb\x14}\xfcJK{\x0a\xf8\
\x03\xa4\xe5\x15^\xaf\x97\x9d#\xfb\xd8\xb3\xff\x10\x81@\
}+\x7fS\x1eG\x85\x93T;\xbf\xd7\xe7cp\xd8\
\x12\xb7\xbf\x07Y\x84\xd4\x5c\xecF\xa2M\xd5\xff\x97#\
Y\x8d\xef\xcfo\x07\xe0\xee\x9d[\x8e\xe7\xb7\xb5\x0a\xdb\
Pe8m\xa5\xb6\xb8\x015\xe6\xd7\x03 tUJ\
I[\xd5\x9d\xe7\xc7\xd0\xaa\xc2\x8e\xad\x0e\xc2\xb6 \x84\
\x1e\x81}M\xa5\xb4\x01\xaf\xce\xdb\xc1\xbe\x93\x88]\xef\
\x94j\xfd.\xa4\x98j\x81\xf6\xec=\xc8\xaa\xb5k\xab\
^\xaa\xd4\x13\xd7\x0a\x1ff\xfd\xe7\x1c\x18\x1c\xd4\xbf\xbe\
\x1f\xe9\x02\xe4G\x9eC\x00\xa9!\xb9\x15\x01<\xd78\
\x9d\xe3\xde\xdd\xdb<\xb8?\xca\x12+\xa6`Os.\
m$\xb0\x88\xd4r\x01\x90g~\xbbo_\xb9\xf7\xec\
j\xff{\x90\xec\xbf\x82>6\xb69\x04[\x9b\xa5\xf2\
7;f\xb7Q\xaa2a\xab\xce\xe7\x06\x02\x82F3\
\xf4\x1e\x8b\x13JZ\xd4\x96O\x03\x7f\x885\x87_\xbd\
\xab\x0f!m\xd2\x01\x08\x87\xbb\xd8\xb1k/+V\xaf\
\xc2\x91\x1a\xe2\xefv\x84\x00Yi\xe9\xb2\x15\xf4\xf4\xf4\
177\x03\xa2\xa6\xbf\x07\x09x\xfa0\xb0\xae\xd2\xb1\
]\xd1(}\xbd\xfdt\xf7\xf4\x12\xeer\x88\x05\x88X\
\xea\x0d.\xa3\x082.:\xb5T\x0080\xbf\x02V\
t\xe6We\xbb>\x84\x94\xf6\x06\xc4\x9a\x18\xdf\x1e\x86\
\x0d.\xfb\x06T/Pj\xdb\x9f\x0e\xc8\x0c\x5c$\xba\
\xb3\xc0\xd0kq\xbc\x86\xe5y\xfd\x0aR\xaa\xdb)\xa6\
\xff\x13\x08C\x00R\xe9\xe6\xa9g\xdeI(\x1cv!\
S\x1d\x9eSC\x01A\x0d\xe8\x12\x15v\xf4z\xbdl\
\xda\xb2\x8d\xd7\x8f\x1fV\x9b\xbe\xbb\xdciB\xa1\x10=\
\xbd}\xf4\xf6\xf63\xbct)K\x97.\x97gQ\x86\
\xba{-f\xffZ\xac\xf9-\x8b*\x08Z\x22\x00\x5c\
\x80}\xba\xcd\x1fAr\xf8\x7fZ\x1d\x9f\xe8\xf2\x12\x1f\
\xe9\x82\xe1\x0e\xb6\xf7\x1b\xa5f\xca\x8fZ\xce\xf5\xe6\x02\
\xc3G-`\xdf8\x02\xb4\xaa\xbe|:\xd2\xbf\x03[\
\x93\x8e\xbe\x81\x01\x0e=\xf1,\xa1\xa0\xb3V\xd6\xf0m\
\xb5H\xae\x16O[\xfe\x02\xcbW\xac\xe2\xe4\xc9c\x98\
9k\xe7j\xbf?@$\xdaM__\x1fK\x96.\
'\xb6l9\x91H\x04\xaf\xc7\x93?U\xcd\x03\xb6\x07\
\xbd\xb9\xa4\xe6\xcb\x8a\xa6\x0b\x00\x07\xb0\xcf\x89\xf9\x95\xbd\
\x1fA\x8aD|\x8d:~\xba\xc7K\xe6P\x17D\x1e\
R\xe6\xef\xd4\xcc\xc0\x8c\x09\xa7\x93\xf6\x82\x9d\xb7\x90\xe7\
\x7f\x86\xd2\x98\xfee\xd8\x98\x7f\xe3\xe6ml\xde\xb6\x03\
\x9f\xd7\xe9\xdd46\xd0\xa6\xdcf\x19\x0d\xc1-\x05B\
A\x06\x07\x06\x99\x9a\x9c``p\x88PW\x17C\x83\
\xc3,[\xbe\x92hw7>\x9b{\xd3\xcd\xe5\x0c\xc3\
\xe0\xd4\x89c\xfa\xa6\x13\x14\x05@\xb9\x98\x98\xb6QS\
\x05@\xec\xaf\xe7\xca1\xbfR\xf9\xf5\xc8\xbe~D\xed\
<\xa0\x8e\x9f\xee\xf1\x91y\xb2\xabz\x99\xf0GT\x1b\
\x19\x08\xd8\xf7\xc0\x02\xf6]A\xcas\x9d\xa74\xa6\xff\
Y\x04\x88\xed\x07)\xe0\xb1e\xcb\x0e6m\xdbNM\
dc\x8e\xf6\x00\x81\xf5\x93\xcf\xe7c\xfb\x8e\xddx|\
^bK\x96Um\xff\xe5\x86N\x9d8\xc6\xd5+\x17\
\xf5M\x9f\xa7\x18\xfe^\x87\x16\xd0\x5cj\x9a\x00\xc83\
\xbf\xfe\xd1\x03)\x94\xca\xaf\x98\xff\xddH\xe8h\xb1;\
\xcf\xc6 l\x0a\xb6\x01\x96|\x9be\x06\xa6\x0cx-\
Nl\xbc\xa4/\xdf\xaf\xe0\x8c\xf4?\x86\x96e\x09\xb0\
e\xfbN6m\xda\xd6\xc0\x18\xeb\xa1J@`\xebD\
\xc9\x92\xe5+\xf2Z}cgK\xa7\xd3\x9c=y\x82\
\xeb\xd7\xae\xe8\x9b\xff\x10\xf1.\xa8\xb8\x8aE\xc7\x01\x9a\
\xc2n6\xe6\xd73\xf8t\xe6W*\xff\xd7\x22jg\
\x81\xc6v\x86`\x9d}\xd9\xafC\x97\xae\x15\x08l\x98\
:h\x05s\x1a\xcah\x86\xde\xe3%H\xff\xa7(F\
\xf6\xd9\x91\xfe\x17\x90\xb6\xea\x00\x84\xba\xba\xd8\xb7\xff1\
{m\xbb\xb2\x97+\xff[\xb3\x81\xc0:\x8e\xab\xf9\xf8\
\xfaW\x87t:\xcd\x97\xfe\xee\xaf\x88\xcf[:#\xfd\
1R\x04GoU\xbf\xe8\xde\x80\x86\x04\x80M\xe5\xb7\
\x83}\xf6\xb0\xde\x08\xf0\xcdH*/\x90\x07\xfbv\x84\
`\xd9Cj\xef\x97#\xb7\xb2\xab\x95\xf2\xe3\xd6\x02C\
GK\x90\xfe_BV\x7f\xb5\x02A\x11\x9b\xf9A\xe0\
\x1b\xd5\x8e\x81@\x90\xc7\x9fz\x9e\x1eks\x0bg*\
\xdco\xf5\x1br%8\x1ay.\x15\x0cs7@`\
\xa3\x94\x8c'\xf8\xf2\x97\xfe\xce\xce\xfc\x7f\x80,zz\
Q[\x8b\x060\xf6\xcf\x1e\xb2\x9a\x80\x15\xec}'\xa4\
\x7f/RB\xa9P\xb3o\xb6\xdbK\xfa\xc9\x88\xec\xe5\
D&\xe0\xe94\xbf\xfdC@\x86\x09\xe7\x93\x0c]N\
\xe1-.\xfc\xf7\x11\xa4\xff\x15J;\xf2nC\xba\xf3\
\x14\xb2,\xbb\xa2\xdd<\xf6\xe4\xd3D\xac\xfe\xeb&q\
\xe8[\x8bty3=9\xc9\xe1W_b~~V\
\xdf\xe5\xe3H\xe1\x14U\xce^\x09\xdf\x87W\x03\xa8\xc2\
\xfcA\xac+\xff\x1eli\xbc\xe3\x03>\xcc\x03]\xe5\
\x99\xbf@o\x17\xe6o4 (O\x19\x13\x8e\xc4\x89\
\xdds,\xe0\xa1\x90~u6\x95\xd0\xf3q\xf2a\xbd\
\x00\xab\xd7\xacc\xfb\xee\x11|>\x99\x1a\xad\x17\xc1\x8b\
e\x0bT9s\x8d\xa7\xbfy\xfd\x1aG\x0f\xbfl\xcf\
\x08\xfca\xa4k\xb5\xaa!\xa0\xd4\x7f\xe5q)\xcd|\
j\xb3\x5c\xadY\x00\xb8\x00\xfbt\xe6\x1fA\x82{6\
@>\xb8gu\x10\xb6\xb7\x10\xecs\x85\x034\x13\x08\
l\xc6[k\xf4xSn\xe9\x95\x92\xb0\xde\x8b\xc8\xca\
\xefT\xc0\xe3 \xd2\x5c\xb5\xa0\xe3\xaf]\xb7\x81\x9d\xbb\
\xf7\xa936\x87Z\x11\x11X\xe6\x9c-1\xef]\xd0\
\xcd\x1b7\xec\xcc\x9fArY\xfe\x06)&\xa2\x98_\
\xa9\xff\x16\x17\xe0b\xa9\xffP;\x1bV\x03\xfbt\xe6\
\xff\x08\x82\xf4\x17&\xd8\xf8\xee0\xac\x0a\xd4\x00\xd4\xbd\
]L\x80\x06g\xe4d\x8e\xc0\x89\x84\xbdZ\xefo\x02\
\x9f\xc3\x8a\xf4+\xb0o/\xd2\xb03\x0c\x12\x05\xb7}\
\xd7\x08k\xd6\xaco\xda\xa8\x1b\x06\x02[\xbe\x1a\xba\xb9\
@\xe5}r\xd9,\x17\xce\x9c\xd6k\xfe\x01\x5cF\x80\
\xd4\x93\x14+\x08-P\x0a\xfe-\xba\xfa\x0f\xee\x05\x80\
\x1b\xb0Og\xfe\x7f\x8aV!\xc6\xf4\xc0\xf8\xde.X\
\xe1T\xb0\xf3-J\xcd\x06\x02\xcb\xed7\x9aa\xf8\x95\
y\xbbL\xfd\x15\xa4\xb6\x9d\x1d\xe9\x0f\x22\xb1\xed\x85\x8e\
\xbc\xfe@\x90\x83\x8f?I\xff\xc0pc\xfcV\x03\x10\
X\x89\x9a\x17\x10\xd4\xc2\xf3\xe7\xe9\xc8\xe1\x97\xb9{\xeb\
\xa6\xbe\xe9\x0d$Y\xea$V\xe6\xb7\x03\x7f\x05\xe6_\
\xcc\xd5\x1f\xdc\x09\x80J\xf6\xbe\xdd\xc7\xdf\x85\xd8=\xff\
D\x1d<\xdd\xe3#\xb3;\x08\x03u \xfd\x8f\x80\xc0\
\x229\xcd\xda[\x0b\x0c\x1d\x8b\xeb\xcc\xaf\xfa\xf2\xfd\x15\
\xceH\xff?\xcf\x7f\x00\x09|9\xf4\xc4\xd3\xf9t\xd5\
r\xacQ.\x9a\xa7~VjO@P\xeb\x04\x91a\
\x18\x1c~\xe5%\xee\xde\xb60\xff\xdf j\x7f\x9cb\
\xcb\xfa\xdaQ\xff6\xe3\x00\xd5\x04@%{_G\xfa\
\xc3\xc0>\x04\xec+v\xe3\x1d\xf4\xc1\xe3a\xf06r\
G\xadb\xfe:q\x80\x96Q\x0d@\xa0a\xc2\xb94\
\xc3W\x92:\xf3\x8f\x22\x9e\x96\x0b\x94\x22\xfd!\xa4m\
WA0\xf7\x0d\x0c22\xb2\x9fhw\xaf\xa3N\xe6\
1)\x94whX\x04\xb7\x02\x07h\xfc\xc4\x15\xa9\x9c\
\x8c\x9b\x9b\x9b\xe3\xc4\x91W\xec\xa5\xc4\x7f\x0bi\x83\x1e\
GV}\xc5\xfczg\xabEw\xf99Q%\x01\xe0\
d\xef\xdb3\xf9\x14\xf3\x1f@\x90\xe6bw\x9e\xd5A\
\xd8\x11\xacm\xe6\x98\x1eH\x1a0m\xc0\xa0\x17\xc2\x1e\
:. \xa8e@\xa0KRH\xbf\xb5\x8f\xe2u\x04\
\xd0\xd3Ku+\xa4\x7f'\xb6\x98\xfe\xa5\xcbV\xb0w\
\xffcMi\xd2a\xb9\xf3\xb6g\x06\xba\xde\x5c\xf3\x8e\
N?\xcf\xcd\xcc\xf0\xe5/\xfd\x1d\xe9\xb4%\x9f\xe2\x0c\
\xf0\xebX\x99\xdf\x0e\xf8u$\xf3Cy\x01P\xce\xe6\
\xb7\xaf\xfa{\x10\xb5gD\x1dhz\xea\x00\xfb\x16\x80\
[\x19\x98\xcc\xd1?\x93#\x906\x19\xdb\x1d\x865\x9d\
\xd2\xd1\xb7\xc5\xe4v\xd6\xc6\x0d8\x16'6n\x01\xfb\
. \xad\xd0\xcfQ\x04\xfb<\xc8\xbb\xda\x87h\x05\x85\
\xf2\xbc\xcbW\xadfd\xe4\xa0c\x9c{\xc7\xe51\xb5\
H\xae\xd6\x16\x10$\xfb\xcc\xcf\xce\xf2\xd2\x8b\x7f\xef\xc4\
\xfc\xff\x81b\xff\x00\xbb\xaf\xbf\xa3\x99\x1f\xdci\x00z\
\x0e\xbf=\xac\xf7\xa7\x10!\x00\x80\xe1\x85\x89}]\xb0\
Tu\xe3\xad\xb0\x12\xcf\x1bp;\x0bs\x06\x91y\x83\
h\xc2\x96\x131\x9b\xab2\xbc\x87\x80\x9a\xc9Q\xf7\xb3\
\x0c\x1e\x9e\xc7\x97\xb5<\xcf\xdf@\xfa$\xe8`\x9fr\
\xf3\x1dBL\xb2\x18\x80\xc7\xe3a\xc3\xa6\xadl\xd8\xbc\
\xb5B\x98{y\x1c\xc0\xc0S\xbc\x95\xaa8@\x93\x22\
\x02\x1b\xa1z\x9c\xf9eh\xf4\xcem\x8e\x1dy\x85t\
\xdaR\xfa\xfb\xfb\x91\x14j\xd53@1\xbf\xde\xe7\xc2\
$\x9f\xec\xd3\x89\xcc\x0f\xce\x1cV-\xc8G%\xf4|\
\x02\x8d\xf9\xa7{|dv\x06a\xb0\x02\xd3\xce\x190\
e\xc0t\x96\x81\xd1\x1c\xfeL\xf9g\x12\x984\xc8,\
\xe4\xaf\xb8\xe8\xf6\xf9\x22\xd3\xdd\x0c\xb1\xd7\xe6\xed[\x7f\
\x99\x22\xd2\xafwM\x0e\x22!\xbd\xffV\xed\xe8\xf3\x05\
\x18\xd9w\x80\xd8\xb2\xe5\xc0\x229W\xab\xf2bg\x06\
\x04]\xbdt\x81\xd3'O\xd8\x03|~\x10\xf8\x0aV\
\xe6\xd7{\x064\x86\xf4\xb7\xd1\xa2\xacd\x02\xe8\x1a\x80\
\x8e\xf6?\x8d\xac\xfc\x05\xa7\xf1\xd8\xf2\x00\xec\x09\x81\xcf\
a\xd4s\x06$L\x18\xcb2t+k\x8fM\xd7i\
\x1aI\x95\xfcW\x00\xbd\xf1\x1c\x13S9X\xda\xca<\
\x81N\x0b\x08r8\xe5\xb54\xc3\xa7\x13\xfa\xd61D\
\xed<\x8e\xb5Z\xafr\xf3}\x14\x8d\xf9\xfd\xfe\x00{\
\xf7\x1fb8\xb6\xb4f\x07\xac\x0e\x04..\xb5( \
\xa8\x0a\xbdq\xe9\x22\xa7O\x1e\xd77\xddAb\xfa_\
\xc2\xa5\x8f\xbfSW~E\xd5\x04\x80\xdd\xf6\xff\x1a\x04\
\xf0(\xd0\xd8\xda\x00\xect(\x874\x91\x83[\x19\x06\
\x1fd\xedj\xabN7\x81\xcf\x22\x0fv\x02\xd1.\xde\
\x0f\xac\xf7\x1a\x88\x99\xb0\xd4G\xc7\x01\x81-#m\xea\
\x9a\xc0\xabq{k\xae\xbb\x88Z\xafr\xf8u\xa4\x7f\
;\xe2\x82-\x84\x5c\xf7\x0f\x0e\xb1o\xdfc\x85rU\
\xe5\x18\xbaQ\xc4\xbf\xa5\x01A\xad\xa42fB.\x97\
\xe3\xf0\xcb_a\xf4\x9e\xa5M\xf8y\x04\xe8>I1\
\xb4\xd7\xc9\xcdWd\xfe\xefXjv\x86\x87\xa9<U\
\xc3\x00t\xf5\xff;\xd0j\xf6e\x03\x1e\xa6\xb6\x87`\
e\x99\xea\x1d\xd39\x86\xefe\x9cx\xf0*\x92\x91v\
\x1c\x11\x00z\x84\xda\x02\x928\xf1/\x01\xd1\x1c\x1ev\
\xaa' (c\xc2\xe1\xb8\xbd\x80\xc7E\x8a`\x9f\x1d\
\xe9\x0fac\xfe\xbe\x81A\x0e<\xf6\x14\x01_\x9bq\
\x94\x87.3\xd0J\xb9\x5c\x96\x97\xbf\xfc%\xbb\x9b\xef\
,\x12?\xa1|\xfc\xf6\xd0^\x0b\xf3\x8f}\xc7\xd2\x87\
f\xe2V\xd2\x00\xec\xae\xbf\x9fQ?\xc6#^\x12\x07\
\xc3\xd0]A=_\xe6'wmA\xb7\xf3\xff\x08x\
\x15\x91\xa4\xcae\x92\xa1\x18\x9f\xae\xba\xae\x16t\xae\xf0\
D\x96T.(#x\xbb\x04\x04\xc5sp,ao\
\xcd\xf5[\xc0\xefPl\xcd\xa5#\xfd*\xa1\xa7\xd0\xa4\
c8\xb6\x8c\xbd\x07\x0f\xe1\xf5\xfa(?\xd5\x1b\xdc\xde\
\x14\x0e\xed,\xcad2\xbc\xf6\xd5\xaf81\xff\xcfS\
\xde\xcd\xd7Q\xa1\xbd\xb5\x92[\x0d\xe0\xb1\xfc\xff%\xb8\
go\x18\xc2U\x981\xe8!\x11\xf2\xd0[\x14\x00'\
\x902T\xcavJP\x0cX\xf1QD\xb1\xaf\x02S\
\xc0@O\xdc 5g@\xbf\x92Eoq\x1a\xcd2\
x$n7\x99>\x8d\xf4\xe5sB\xfaw#+\x7f\
\xa1\xbb\xe5\xce]#\xac\x5c\xbd\xaej\xf0\x95[q\xda\
\xde\x80 \xf7\xc6D\xb3\xc5\xce\xc4\xf88\x87_\xfd\x0a\
\xa9\x84\x05o\xf9%\xa4\x8a\x8f\x8a\xec\xb3\xbb\xf8L\xed\
\x03\xe4\xd5\xfefP\x9b\xe4\xaa\xd3\xfb\xb4\x07\x00\xf9\x80\
\xcd\x85_\xbb}\xd5\x99\x1f \xe0!=d\xd1\x10T\
\xd7U\xd5qu\x81\xe2C\xb5w`=[8*\xa9\
\x9eg\x1d\xa5\xd3\x1e\xa6\x9e\x81w2\xc4^)q\xf3\
\xfd\x22\xd2\x1e\xcd\xce\xfcA\xe0\x03\x88\x1bp\x13\xe4;\
\xf4\xec\xd9\xc7\xaa5\xeb\xeb\xaae\xd7(\x5c\xb2hK\
\x9f\xe9|u\xd7\xe31ab\xfc\x01\xaf|\xe5\x1f\xed\
\xcc\xffkH\x15\x1f]\xddW\xda\x97\x85\xe9qc\xeb\
t(U\xe3d%\x08N\xaa\x0d\xc3\xb7\x16\xca\xee\x5c\
BC\x16\x05c\x1b\xa5\xed\xc0M\x9c\x1f\xe8\xf9\xc2\xff\
\xa6,\xaa\xf0[\x8f\x0c\xe0j\x9a\xa1c\x96\xd6\x5c\xa3\
\x88\x9fY\xb9\xf9\xd4CPa\xbd_\x83\xb8a\x01a\
\xfe]{\xf6\xb2j\xd5Z\xc7\xd3\xeb\xe4\x86\xd1\x1b\xae\
Ri;\x81+\xf6\xac4\xae\x161\x90\x09LML\
\xf0\x95/}\x91L\xa6\xe0\xe3O \xc1S\x7fH1\
\x9c\xd7\xae\xde\xab\xc5Q\xff\xeb\x01<\xb1\xdf\xbb\xef\x80\
pv.\xb9\x09\x04\xf2\x22E%\xa6\x80\x01\x8f\x09,\
\x98\x10t\xb1\xca\xf4[\xe4\xcb^\x8a\xb8\x82\xd2,\xd4\
\x83U\x89E\x0ap,\x94Q\x1d\xb8\x9dejK\xe8\
\xe1\xae\x14\x5cNw\xce!`\xdf}\x0b\xd8w\x0b\x89\
\xae\xb4\xc7\xf4\xab:\xfd?\x8c\x96o\xd1\xdd\xd3\xcb\xc8\
\xfe\x83tG-\xed\xa7l\x88\x7f\xfd\x01;\x8dQc\
\xe7o^@\x90\xf3O\x97/\x9e\xe7\xe2\xb9\xd3\xba\x8f\
\x7f\x1ey\xf6G\xb0\xae\xf8\xfb\x91\xa8\xca\x1e\x04\xc7\xfa\
[\xed\xec\xfaU:\x9b\xdb\x1d\xc8I\x008\xdd\x84\x07\
\x11\x02\x03\x00\xcc\xe7*\x07\xfc(\x0a{\x99\xee\xf1\xd1\
?\x97\x03\x89\x1e|\x1c\xf82\xb2\x8a)\xf4_\x09\x00\
\x15^\xac\xba\xae\x02\x88J\x1c7\xa0\xcf\xfbV\xc1\x9a\
\x84\xd2\xa6\x80}V\xa4\xff\x12\x92\xa7ow\xf3\xe9H\
\x7f\x81\xf9\xa3\xdd\xbd\x1c<\xf4\x14\x81p(/c\x9a\
\xc5\xd0-\x04\x02\xcb\x9d\xa2\xea\xb5\x1b\xa1\xd2s\x9e?\
u\xd2\x9e\xc7\x9fB\xc0T\xfd\xd9oC\xb4\x81\x11m\
\xbf\xef\x07\xfe\x8ebb\x95\xf2\xc84_\x08\xb4\x01\x07\
\xa8\xc5Gt\x13Y\xc5!n\xc2`\xc5}\x0b\x94Y\
\xee\x87\xb9B\xa7\x95\xbd\xc0\xd1\xfc\xff}\x14\x1f\x9e\x8f\
b\x84\xe1\x10Z\xec\xba\xc7D\xe2\x01\xfaZ\x09\x02\xb6\
\xb9T\xf8X\x96\xde\xe3\x09{\xb5\xde\xcfR,\xe0a\
\xaf\xd3\xbf\x13\xc9\xe1\xdf\x0e\x12\xd6\xbbr\xd5\x1a\xb6l\
\xdd\x89?\x10\xa8{\xc6\xd9\x15\x93V\xc5\x094\x8f*\
\x01\x81\xee^F&\xb3\xc0\xb9S'\xed\xe5\xba\xaf\x22\
\x91\x95\x17\xb1\xb6E\xfb\x04Z\x87j\x8d\xde\x8b\xc4\xab\
\xfc\xad\xb6\xad\x82\x10\xe8\x5cO\x89[\x01`\x22\x1a\x80\
P\xbc\x06+\xb1\xc72]>\x82\xb8\x03Uda\x0e\
a\xfa\xa5\x88\x8a\xf5u85b\xbc\x97\x83%~\x08\
>\x0c\x01AU^\xf6\xbd\x0c\x83\xc7\x12v\xb0\xef\xd7\
\x91(H\xdd\xde\xd7c\xfa\x7f\x0cX\xa1v\xde\xb0i\
+\x1b7m\xa5^jU\x84_m\xd3\xbc\x89\x01A\
e\x8e\xb3o\xced2\xbc\xf4\x0f_dfvZ\xdf\
\xed\x02\x12\xda\xab\x9b[[\x11m`7\x88\xc0\xdd\xb2\
}'\xc1@\x903\xa7N\xa8\xe3\xbe\x03\xf8\x07\x8a\x8c\
_\xa1\xc9\x87\xa7ce@9\x01`\x07\xe7L\x04\x98\
\x12J\x98\xeeoh\xc0\xc7D\x9f\x8f\xa1\x99\x9c\xba\xde\
;\x90p\xd6oCT\xac\x8adx\xc1\x9b20\x92\
\x06\x04\x1fbW\xa0\x01\xdc\xcb\x10;b\x01\xfb\xa6\x10\
\x1f\xf3W\xb1\x16\xf0P\xb1\x17\xcf#\xdd{\x00\x99\x88\
\x1b7oc\xc3\xc6\xcd\xb8!\xc5\xe8\xf5\xac\xda\x0d\xaf\
\xf4\xb6\x13\xb8w\xf0\x95\xf9\xadA\x06J&\x93\x1c\xfe\
\xea\x8bv\xe6?\x8f\xac\xfcz<\xca.$\x94z\xa3\
\xdai\xfb\xae\x11\xb6\xef\xdc\xcd\xc2BZ\x17\x00\x87\x90\
EL1\xbf\x0a\xc9\xf6\xc4~\xef\xbe\xc7\xea\x0e\xecP\
\xee\xa7\xb2\x06`\x17\x00\xf7\xd4\x0f\xde\xa4\x81a\x98\xce\
\xb1\xffv\x0az0V\xfaa\xa6`\x06|\x7f\xa5\xdd\
s~\x0f\xa9\xa0\x87D\x9fO\xb2\x0a\xbb=\x10\xf1\x82\
\xdf\x03\xa6\xf9p\x06\x04\x19&\x9cN1|\xd3\x92M\
6\x8a\xc4\xf4\x9f\xa0\xb8\xfa@1\xa6\xffi4\xe6\xf7\
\xfb\x83\xec\x1c\xd9Kl\x89\xea=_\x9cT\x8d\x01~\
\x0dn\xaf\xca\xa1\x8b?\xf9\xe3\xb3s\x1c~\xe5%;\
\xf3\xff'\xe0\xef\xb1j\x5c{\x91h\xd7(\x88\xc0\xdd\
\xbac7\xdbw\x8a\x15\x10\xb46D\x1d\xa0\xa8\xc5f\
)\x82\xdb\xd6\xce\xa2\x1dNn4\x00\xa5\xda\xdcW?\
F\xd2&\xf3*|\xc7\x0d\xf5\x94\xdf1\xe7\xf7\x10\x0f\
{H\x0f\xf8a\xc8'\x9e\x83\xa0\xc7\x01\xf5W\x02\xf5\
ac~\xe0p\x09\xd8w\x13\xf8\x1e$\x01\xaa\x1c\xd2\
_\xac\xd3\xdf\xd5\xc5\xfe\x83O\x10\x89\xf6T\xb4\xf7\xdb\
\xb5\xd2?L\xa5\xc2G\xef\xdd\xe1\xc8\xab_%g\xed\
\xf8\xfbI\xe0\x8bXc+\xf6 \x1d\xaa\xa3 IT\
{\xf6\x1e`\xdd\xc6M\xfaq\x0c\x0c\x0c255\xa9\
\xbe\x8e \x91\xabY\xed\xd3\x5ci\xd7b\xf9\xe9F\x03\
\xd0\x05\xc080\xdc\x952\x98\xcf\x99\x10p9\xb2^\
/9\x9f\x07\xafa\x92\xe8\xf2\x92\x0cy0{\xbd\xb0\
\xdc/AE!OkS\xff\x17\xabTx\xda\x80\xe3\
I{\xa9\xee\xf3HL\xff\x14\xa5\x1dy\x83\xd8\x98?\
\x18\x0e\xb3\xff\xb1\xa7\x88t\xd9\x9at\xb4\x99\x9a\x8a\x1b\
44\xa9\xcb@\x7f\x0e\xe7\x1c\xbdw\x87\xc3/\x7f\xc5\
\x9e\xca\xfb\x0b\x08\xf3\xeb\x1a\xd7;\x81\x7f\x87\xe0Q\x04\
\x02!\x9ez\xee\x9d\x0c\x0f\x0fc/\x9e\xd0\xdd\xd7\xa7\
\x0b\x80-\xc0i\x04\xbbQ\x1a\x80r\x9f?\x14.\xc1\
rn@;\xf3\xab\xd0\xc71`\x18\x107\x96C\x12\
\xa0#\x05<Ln\x0b\x0a\xb3\x0f\xfaD\x9d\xf76\x0b\
\xbb\xeeP\x1a\xcf\xd2\x7f,A m\xc1\x85>C1\
\xb2\xcf\x8e\xf4\xefF\x90\xfem\x00\xa6\xc7Cl8\xc6\
\xce]#\x04C]\x0d\x0f\xa7]\x88\x7fm\xb6~\x8d\
@\xa0K\xc1a\x9a&wo\xdd\xe4\xd8\x91Wt\xe6\
\xbf\x8fd\xf3\x9d\xc5\x9aB\xfd\x11\xe0_\xab\x9d\xfc\xfe\
\x00O>\xfb\x1cC\xc3\xc3\x8e\x97\x1b\x1eZ\xc2\xad\x1b\
\xd7\xd5\xd7o\x05\xbe@1\x86\xc5\xe3pHq\xf0\xa6\
g\xb1\xad\xa1\x12\xaa\xb6\xee\xea\x82 \x87\x94@\x92\xda\
rS9\xe8\xab!W\x7fm\xbe\x0d\x90G\x9d\xf2-\
L\xf7\xb2\x0c\x1eO\xe0\xcbY\xee\xf3W\x11\x0f\x88S\
G\xde\xbd\x88ZZ\x88\xe6Y\xb3v=[\xb7\xeeh\
\xb8tW{s\xfam,SCf`\x0dg\xadJ\
\xa7\x8e\x1f\xe1\xc6\xf5\xab\xfa\xa6QD\xbd\xbf\x845\x85\
\xfak\xd1\x98\xbf\xbb\xa7\x8f\x03\x8f?ak\x86j\xbd\
zW4\x82\xc7\xe3Q\x82e7\xa2\xb5\xf9\xb0i\x00\
\xa5@`gR5\x0c@\x0f\xdb\xcd!\xa9\xa8B\xd3\
\x0d\x07\x8c\xd6G&\x9d\x0b\x04\xe6L\xb8\x92f\xf8r\
Z\xb78&\x90\x95G\xf5\xe5\xb3#\xfdO \xed\xb8\
C \xc0\xd3\x9a\xf5\x9b\xd8\xb4e\x9b\x0b\x1fw)\x10\
X9 \xa8\xd5@`\xfd\xe4J;\xa8B\x86\x91\xe3\
\xf4\x89\xe3v\xe6\xbf\x81\x00~:\xf3\xab\xf4\xf6\xefT\
;\x0d\xc7\x96\xf0\xe43\xef \x10\xac\xdc\xaf.\x12\xed\
\xc1\xef\x0f\x90\xc9\x14B\xe2\xfb\x90LA\xbb\x10h\x1e\
\xb5\x10\x07\xa8\x05\x03\xc8!\xf6\x0e\x00\xd1\xa9\x1c\xf12\
\x07\xb6\x9e\xdaP*\xbc\xe6C\x0d8\x9e\x22v\xcfb\
\xef\xab\x0a2v\xa4_\x95U\x7f7\x12l\x12\x04\x89\
\xe9\xdf\x7f\xf0I\xfa\x07\x06\xcb\xeaH\xadX\xd1;3\
3\xd0\xfd\xc1&\x90N&9z\xf8e&\xc6\xc7\xf4\
\x1d\xff\x17\x12c\x91\xd1\x0e\xf2\x03?\x8e\xb4B\x07\xa4\
p\xca\xb3\xcf\xbd\x80\xc7\xef\xa0\xd1\xda\xc6\xd9\xd5\xd5\x85\
\xdf\xef\xd7\x05@7\xc5\xba\x99\xcdg\xfe\x16\x93[\x01\
\xa00\x80B\x89\x94H\xd2XD\x01\xd0\x86\x80\xa0Z\
&h\xd6\x84\xa3);\xd2\xaf\xc0\xbesX'\xa0r\
\xf3\xfd\x0b\xe0\xbb\xd4\xce\x81@\x90}\x07\x1e\xa3\xb7o\
\xa0p\x82\xc5\xd2s\x1a\x152\x96GW\xf5&j\xc4\
\x01\x1c(1?\xcf+_\xfdG{K\xee\xbf@\x98\
_\x07Z\x03\x08\xf3\xbfS\xed\xb4|\xc5j\xf6\x1f|\
\x1c|\xee\xcc\xd9`0\x88\xdfoqQ\x1dB\x82\xe4\
\xf4<\x97\xf2@\xe0\xe2{E-Tm~\xd9\x85@\
\x0e=U\xf7\xc1[<S\xcf\x0dM\xe5\xf0\xbfTR\
\xbd\xe7\x1c\xa2\xd6\x9f\xa5\xd4\xcd\x17F\x9at|\x97\xda\
9\x12\x89\xe6\x99\xbf\xbfp\x82j\xb2\xaa\x1e\x03lQ\
2\x03m\xd4\xb0Ql;A*\x91\xe4\xe5\xaf|\xc9\
\xce\xfc\xbf\x06|\x8a\xe2\xb3W>\xfe\xcf\xa21\xff\x96\
m;y\xe2\x99\xe7\x08\x86-\xfe\xfd\xaa\xe3\xdd\xb8\xd9\
\x12\x85\xf9\xf5\x94j\x00^\x80\x87!3\xb0\x968\x00\
%\x04^F\xa2\xa5\xa4\xac\xf7\x92\x1a\xfdw\xb5\xae\xc4\
\x19\xa4D\xf8\xbc)+\xed\x86`\x9bC{+\xd0x\
\x96\xe1W\xe3\xf6\xe1\xfc7\x8a\x05<\xec\x1dyUL\
\x7f!\xa1g\xc9\xd2\x15\xec\xd8\xbd\x1b\xbf\xafZ\xba\xa3\
{\x1c\xc0N\xad\xc9\x0cl\x16\x9eP\xff\xd5\xee\x8f\xde\
\xe3\xe4\xb1\xc3\xa4RI}\xf3\xcf \x09gzC\xd4\
\x11$\xa9\xa7\x80\xeem\xd9\xb6\x93\x1d\xbbG\x5c\x0e\xd1\
\xfa\xc3\xc6-[9y\xe2\x88\xfa\xba\x9b\xa2\x17@\x17\
\x02\x0f\x85+\xb0V/@\x0eI\xe6\xf9^\xc8G\x04\
\xb6B\xa5\xc9 n\xc6\x89\x1c\xe1\xeb\x0bt'\x0c<\
f\xbe\xf4\xf8\xda@EgK\xdb\xe8^\x86\xc1\x13\x96\
\xd6\x5cI\xa4\x80\xc7_\xe2\xdc\x91w\x10\x09\xfb]\xae\
\x0eX\xb2t\x05;G\xf6\xd5U\xc0\xa3\x12\xd5\x93\x19\
X^S/\x7f\x1e\xcb1\xf5\xcc\x83\xaaXb\xf9\x93\
\xde\xbaq\x9d\x13\xc7^\xb3o\xfe\x04\x12V\xad\x03\xad\
+\x10\xa1\xd0\x07\x12Q9\xb2\xef\x00k\xd6\xad/\xf1\
\xf1\xd7B\x91H\x94D\xa2`\x04\xaf@R\x89\xed&\
@\xf3\xa8E\xa6C-\xa1\xc0J\x08L\xab\x1d\xc2\x19\
\x93D\xc6tW\x1b\xa0\x1a\xa9\xb6`\xd7\x17\x08\x8d\xe7\
\xe8N\x18xm\xfag g\x92\xc9\x99\x12G\xd02\
\xaa\x12\x10\xa4\x90\xfe+%H\xff\x0fST\xf9\xed\x1d\
y\xf7!\x93p\x09\x08\xd2\xbf|\xe5j\xb6\xef\xd8S\
\xb8L\x91\xac\x17ub\xcc\xc5,\xd7\xdd\x09\xa5\xc2o\
^\xbf\xce\xeb\xc7\x0f\xeb\x9b\x1e \xc2\xf70\xd6g\xff\
n$\xd1\xa7\x1b\xc4\xc7\x7f\xe8\xc9\xa7Y\xbaL\xc9`\
\xa7\x17\xec\x0e\x93\x18\x1c\x1a\xd6\x05\xc0\x01$\xa3\xd0\xae\
\x018Pg\x81\x00n4\x00{\x15\x9fi\xf5cx\
\xa1A\x01`z\xa4\xb6\xc0\xed,\x9e\xa9\x1c\xfd\xf3F\
\xc5f!])\x83\xc4X\x0eV\xf9Y\x94R\xe19\
S\x22\xfb\xac}\xf9n!n\xbe3\x94\x22\xfdA\xc4\
F\xfca\xfd\x80={\x0f2\x1c[R\xff8\x9aH\
\xee\xcc\x86\xda\xa9\xd24w\xb5\xd2;m2M.\x9e\
?\xcb\x1b\x97/\xe8\x9b/#\xcfw\x1ak\x80\xcf\x0b\
\x88\xda_\xa0'\x9ey\xbe\xe2s\xaf\x855c\xcbV\
p\xfb\xd6\x9b\xea\xeb\x08R\xe9\xda\x05\x10\xe8\xe9(\x19\
\xe0\xc6\x80\xb7\xbb\x02\xa7\x11\xdf\xea:_\xd6\x94)_\
\x0b\x99\xc0\x8c\x01\xe39\x98\xcc18\x95\xab\xd47\x00\
\xa4\x90h\x00X\xe75\xc0s3\x83\xb9\xb2\x86\xbe\x83\
\xcd\xa2\x84\x01\xa7\x92\xc4\xc6,\xc0\xe7y\xa4\x80\x87*\
\xd5\xad\x07\x99\x84\x80oAV @\xdaq\xef\x1e9\
\xc0\xd0\xb0\x1ehR\x9e\xaa1a=\x01A\x8b\x9b\x19\
X}\xe6\x97\xdb#\x97\xcdq\xfc\xc8\xab\x8c\xde\xbb\xad\
o\xbe\x8c4\x92\xb1wC\xfe\x10\x12\xda\x0b@Oo\
\x1f\xfb\xf6\x1fb0V|\xee.\xcd\xfd\xb2\xfb\xf6i\
\x80-\x92G\xe0\x84\x01\xb8\xbb\xc0\x22R\xad&\x80\x12\
\x02WQy\xfbI\xc3^\xfa\xab<%\x0c\xb8\xb0\xc0\
\xe0x\xd6\x1e%\xa7\xd3-\xe0W\x90<m\x03YE\
w 1\xdc\x0c\xce\xe4\x98H\x19\xd0\xe5i_@\xd0\
D\x8e\x81#q\xbbv\xa2\x90~UAF\xf73\x87\
\x80oG\xf57\x00\xfaz\xfb\xd9\xb6{OI\xe9\xae\
\xda\xa8V \xb0Y@\x9d\xcb\xed\x85\xaf\xcd\x9d\xe4\xb9\
L\x96\xe3G_sb\xfe_\xa2\xd4\xcb\xf2\xedH\x0d\
\x7f@J\xa6=\xf7\x8e\xf7\x10\x08:\x80\xac5\x0d\xd3\
\xbas8\x14&\x10\x08\xaax\x80\xf5\x08\xc6P\x82\x03\
tzD`\xad\x1a\x80\x12\x00\x17\x81w\x01\x92\xe6\xbb\
\xdc\xa5'\xc0\x0b\x03\x93\x8e\xcc\xff&\x12*\xfb\x06b\
\xcf\xa9eV\xb9\xcdN\x03\xd7\x80\x0d\xd21\xc8\x14\x01\
\xd0\x0e\xe6\x7f\x90e\xf8p\x09\xd2\xff)\xe0\x0fpF\
\xfaU\xa9\xeeB\xad\x83\xfe\xc1!\xf6\xec=\x84\xcf)\
\xd0\x04aZ\xc3S\xdb\xdd4S;h\xf71\xb5\xd0\
\xf4\xf4$\xc7^}Y\xb7\xb7Az$\xfc\x1e\xd6\xf8\
\x8a-\xc8\xaa_\xf0\xb0\xf4\x0f\x0e\xf1\xf8S\xcf\xe1w\
b\xfe\x06\xc9\x1f\xf4\x13\x0a\x85\xf5\x80\xa0A$\xe4\xb8\
\xb5@`\x93\xc9\xad\x17@}T@\xd0\xe5\xc2\x1e\xb3\
5x\x8a\xc3^\xa6\xbb\xbd\x0cO\x15R3\xff\x00\xa9\
\xaar\x1f\x98CB*U%V\x10\x86R\x0c\xf62\
\xb0\x01\x80\xdb\x19\x88\x95\xf7\xddV$\xb7\x99\x81\xa6\x17\
n,0x!\xa5\xef>\x8d \xcdGqF\xfaC\
\xc0\x8f\xa05\xe9\x18\x1a\x1af\xd7\x9e\x03\xf8|\xbe\x1a\
\xde_u \xb0\x1d\xd4*|\xc0B\x15V\xe1\xd9\x99\
i^{\xf9+,\xa4,-\xb9\x7f\x07\xe9\x88lO\
\xa6\xfa!T\x9e\x0a\xb0l\xf9JF\x0e\x1c\x22\x1c\xd6\
2\xd6\x1c\xafU\x1f\x10\x18\x0c\x86\xe8\x8at1??\
\xab6-G\xc2\x8d[\xc3\xfc-\x22\xb7\xf3\xcan\x02\
\x14\xcav\x0fN\xd7V\xff\xc0\x5cc\x91\xc6\x1f@\x98\
*\x89\xb5aH\xc2\xb6-\x85\x14b\x04 2\x9d\xcb\
\x8b\x88\x16\xe5#\x18\x1e8\x91$v6\xa9k+\x0f\
\x90\x15\xe6\x08V!\xa5\x90\xfe\x11\xa4\xa6\x9f0\xbf\xd7\
\xcb\xda\x0d\x9b\xd9\xbd\xef\x10>\x7f\xa5p\x8b\xca\xd4\x0a\
\xa8\xa3]\x01A\x95N[\xfa\x9bu\xcb\xf4\xf4\x14_\
}\xf1K:\xf3g\x90\x84\x9e\xcfa\xad\xe0\xb3\x1d\x89\
\xbd(\xd4K\xdc\xb4e;\x8f?\xf5\xac\x85\xf9\xdd>\
F\xb5\x9faT\xbec\x8f\xc7C$bI\xd1^N\
\xb1\xdau\x15-\xc0\xec\x98\x08\x01\xb7&\x80\x1d\x0b\x98\
Q?V\x01\xf0Jie\x80\xf8\x95\x05\xa2\x09\x03\xa4\
\xaa\xca\x00\x92f\xac7\x06\xd1\x0b+\xf8\xf3\xdf\x0b\xd1\
\x1e\xc1\x9cI\x22k\xba\xafGP\x0b\xe5\x10\xa4\xdfZ\
\xaa\xfb*\x12\xd6\xab#\xfd\x0ap\x0a\x22\xee\xa6\x1f%\
\xefn\x02\xd8\xb6}'+V\xac\xb6\x9c\xbaI\xed\xea\
-\xd4\xb9\x99\x816\xaa\x01\x08\xbcv\xe5\x12\x17\xce\x9f\
\xd1\x8bx\x98\x08\xa2\x7f\x04k\x11\x8f\x01\xa4\xaaR\x01\
\xda\xdf\xb0ik1\xc0\xa7\xca\x8aob}'\xf3\xb3\
s\x8c\x8f\xdd\xe7\xfe\xfd{\x98\x86\xc9\x93\xcf>o;\
\xcaz\xc2\xc1\xd8R\xde\xbcqM}\xdd\x03\xfc\x19\xad\
4\x01Z@nL\x00\xf5\xd7\xee\x0e|\x13X\x0bH\
\x91\xd0\xa8{%5\xd1\xefS\x02\x00\xc4V\xbe\x84U\
\xc8(\xf2h\x9f\x82\x00\xf0e\x80Y\x13\xc2M\x06\x02\
\x13&\x9cJ\x11\x1b\xb7 \xfd\xbf\x0b\xfcw\xacM\x22\
\x14\xe0\x14D\x0a\x99\xfeXa\xc0\x1e/\xdbw\xeda\
\xd9\xb2\x15\xd4B\xeeq\x00\xf7@\xe0\xe2f\x06\xd6'\
\xed\xde\xb8r\x91\x0bgN\xe9\x9b2H\x81\xceSX\
\xb5\xae\x9d\x88P\xc8\xc7Vx\xd9\xb0q3;\xf7\xec\
u9nq+NON0z\x7f\x94\xc9\xf11\xa6\
&'t\x9b\xbe*\xd9<\x01\xeb\xb1z\x02\x0a\x82\xa0\
\x93\x81\xc0Z5\x00\xdd\x0c\xb8\x80\x12\x00\xd3\xb9\x9a\x04\
\x00\x83>\xb8[Xa\xbf\x15\x89\x9eSMA\x02P\
\x88\xa7\x0eh\x9f\x1cp\x1dX\xef5Lx\x90\x81%\
!\x9a\xc6\xfc\x13\x06\x83GJ\xaa\xf5~\x16\xf8\x1f\x14\
\x99\xdf\x8e\xf4\x7f\x17\x92\xd4\x03@8\x12e\xc7\x8e=\
\xf4\x0f\x0c\xd8N^\x9c\x84\xee\xc5Uu\x06jGf\
`[J\x85\xe7o\xf5\xca\xa5\xf3\x5c:\x7fV\xff\xe5\
\x0d\x04\xe9\xb7\x17\xf1x\x16\xc1Z\x0a\x1a\xd7\xe3O=\
\xc3\x92\xa5\xcbq^\xab\x8b\x94YX`l\xec\x01c\
\xa3\xa3L\xcfLIu\x9f2\xea\xfe\xe8\xbd;,[\
\xbe\xb2\xb8\xc1v\xd2\xa1\xe1a}\xf7]\xc8\xbcPf\
\x80\xbex\x95\xbf\xe9E\xa6Z\xca\x82\xdb=\x01g\x91\
\x16U\x22\x00\xca\xb5\x09w\xa2A/\xd9\x80G\xb9\xd5\
V#1\xda\xbaj\x9d\xa3\xd8\x03\xaf+\xff\x09#1\
\xf6\x9f\x00\xf0\xcc\x1ayU\xa1\x09\x01A\xa39\x86\x8f\
%\xec\xb6\xf0/\xe3\x5c\xc0C\xd5\xe9\xff\x11,\x1dz\
\xfa\x18\xd9\x7f\x90@\xa0Np\xb2\x0auh\x05\x84\xaa\
d\x99\xe6en\x22\xb3\x90\xe1\xf4\xa9\xe3\xdc\xbd}S\
\xdf|\x11\xf8>JM\xae\x17\x90\xee=\x80\xa4P\x1f\
8\xf4\x14\xb1\xa5\xcb)G\xf1x\x9c\xf1\xfb\xa3\xdc\x1f\
\xbd\xc7\xf4\xcc$\xc9x\xc5<\xd6{\xe4\xc3\xb5/\x9d\
;Kl\xc92|\x152\x055W \x88I2\x87\
\xab\xba\x00\x9d\x11\x10T\x0f\x06\xa0<\x01g\xd4\x0e\x81\
I\xa3\xb6x\xa0\xb0\xd7\xde9x\x19\x82+(\xa6W\
\xd2>\x88T\xc9\xd9\x86\xf4\x0eP\xddX\xe8\x9f7\x98\
jF\xcd\xffSi\x86o-\xe8\xa7\x99D&\x98\x8e\
\xf4CQ#\x09cc\xfe\xa1\xe1\x18\xdbw\xec\xc6\x9f\
g~\xc3\xa4Zs^\x8d\x1a_\xe9\x9b\x11\x10\xe4F\
\x9bh\xb6\x102\x81\x5c&\xc3\xd1\xc3_\xb5\xe7\xf1_\
\xc4\xd9\xc7\xff\x0e4\xe6\x8fD\xa2\xec;\xf48\x83C\
\x95\x03\xab\x0e\xbf\xfce\xe6fg*\xedr\x05\xe9\xcb\
p\x13Yl>\x050;;K<\x1e\xa7\xb7\xb7\xb7\
\xec\x81\xb1\xa5\xcbt\xc1u\x08I\x99w\x02\x02m\x13\
\xb5\x03\xb8\x9f\xdaJq\xdaM\x80I\xf5C(S\xa3\
\x00\xf0yHG\xbc\xd2\xf1Gh\x0f\x22y\x03\xc8C\
[\x8e\x08\x85oGs\xa9Y\x06\x9e1\xe1~\x16\x96\
\xd7P\x96L\xa7\x1c\xf0zI\x01\x8f\xbb\x88]y\x0e\
a~5@\xe5\xe6;\x80d\xf3m\x00\x0a\xd5{\xd6\
o\xb0V\x8e\xadD\xcd\x01\x02\xdd\xe3\x00n\xf7ot\
\xbb\x81\xc7!1\xa8\xf2y\xe6\xe7\xe68}\xe2\x08\x93\
\x93\x13\xfa\x8f\x9f\x07~\x13k*\xaf\x1f\xf8&$\xea\
\x0f\x80\xee\xee^\x9e~\xee\x9d\x15Sy\xd5\xa5\xba\xba\
\x22v\x010\x85\xd4\xf2;\x83\x98\xb2\xe9\xfc@\x03\xe4\
\x0b\x83\x02d2i\x16\xd2I\xa0W\x1b\xb5\xf5\x9e\x96\
,\xb1\x08\x80\xbd\x889\xab3\xbf\x17\xc8u*\x0eP\
\x8b\x09`7\x03\x0a\xbd\x94\x039 e\xb8k\x1b\x0e\
\xf2X\x96\xf9\xf5z\x02\x07\x11\xc9\xfb\x0c\x02\xa6\x94%\
\xc3\x0b\xa9\x90\x97d\xd0#\xe7\xa95\x82\x06 c\xc2\
\xc9\x94\x1d\xe9Wa\xbdg\x11{_\xb79\x83\xc0S\
\xc8\xaaT\xa0\x0d\x9b\xb6\xb2z\xad>\xdcJ\xdc]\x1d\
\x07x\x98\x03\x82j\xa5\x89\xf11\x8e\xbe\xfaU\xb2Y\
\xcb;\xf8\x14\x12S\xaf\xbb\xf9\x02H8\xf5\x87\xd5N\
\xd1h7\x8f=\xfd\x1c\xc1P\xa8\x14\xca\xd7\xbe\xab\xad\
\xfd\x03\x83<\xb8_hkq\x0b\xf1\xd8\xcc\x22\x91{\
)\x8aZ^\x10y\xf7\x17\xc9\x07rMML0\x1c\
[Z\xf6>l\xb9\x05OR\x04\x02\x1f\x8a\xd4`\xb7\
&\x80\xfa\xab\x84@\x0eyp@\x1e\x88O\xe1\xbeJ\
0@\xcc\xb2r\xef\xcf\x7fJ\xc8\xf0\xc2L\xb7\x8fl\
\xd0\x03\xbd^X\xe2\x83\xde|e\xe1B\x81\xd1\x1a\x96\
\xd4\xc9\x1c\xd1\xd7\x93D\xac}\xf9>Ge\xa4\xff\x1d\
hM:|>\x1f\xeb7ne\xd5\x9a\xb5\xee\xaf[\
\x17Y\xef\xad\xd3p\x80zA\xc8\xc9\x89q^\xfb\xea\
\x8b\xf6r\xdd\xbf\x84\xac\xca\xf6\xc8\xca\x7f\x85\xc6\xfc\xc3\
\xb1%\xec=\xf8\x845\xc0\xa7\x0a-]\xbe\x9c\xabW\
.\x93\xcbe@0\xa7\x00\xd68\x13\xe5vV\x82\xe7\
\x0f\x91\xecM\xae_}\x83\xcd\xdbv\x14Of\x9bn\
]\xd1(]]\x11\x92\xc9\x04\x88\xe6\xba\x15\xe9\x15\xe0\
\xc2\x1d\xb8\xf8f@#\x1a@\xc1-\xe75\xcc\xdar\
\x02\x00B\xd2+\xc0\x1e\x16lx=\xcct{\xc9v\
y!\xea\x910\xe3\x1e\xafC\x13\x12\xfd8\x97\xac1\
\x96\x93j\xbdV\xa4\xff7pF\xfa\x03\x08\xf3\x7f3\
\xd2*\x0a\x90\x9a\xf1\xfb\x0e<FW\xb4\x9bJT\x1b\
\xb3\xbe\xb5\x11\x7f\xfd\xee\xee\xdd\xbe\xcd\xa9\xd7\x8f\xeb\xcc\
?\x87\x00\xbb\xafc\x05[w \x81W\x05\x13p\xed\
\xba\x0d\xec\xdc\xbd\x0f\xaf\xdf[r^\xa7\xef\x8a\x06\x87\
\x86Y\xb2t\x19\xf7\xee\xdeR\x9b6#\xa1\xe5\x0b\xf9\
O&\x7f\xa8\x81\xcc\xb4\x97\xd4\x8eZ\xa4\x9f#\x05\x02\
\x01bK\x96r\xf3\xcd\xebj\xd3\x8f m\xef\x5c\xe0\
\x00\x15\x06\xdd&\xaa\x15\x03\xd0\x05A\x06Q\x97wy\
L\xa4j\x8f\xdb\x9c\x80<M.\xf7\x13\xbb\x9dal\
\xd0'\xab{\xd0\x031?\xf4zjA\xd1\xdc\xd1h\
\x96\xe1\xe3\x16\xa4\x7f\x16)\xd8\xf9e\x9c\x91\xfe\x10\xe2\
\xdf\xff\x90: \x1c\xeeb\xef\xc1\xc7\x08\x85\x22T\xa5\
6\xbf\xd8\x87! \xe8\xfc\xd9S\x5c\xbbzY\xdf\x14\
G|\xfc\x17\xb0\xe6\xf1oE\x84\xc2*\xb5\xe3\xea5\
\xeb\xd85r\xa0\xeeG:8<\xac\x0b\x80\x9dHg\
_U\xe4F\xc7z\xd4\x02W\xf0\x06\xc4\xe7\xe6\x89\xf6\
8\x0b|\x8f\xc7\xc3\xd0\xf0\x12n\xdd\xbc\xa1\x97\x0aW\
XV\xc7\x07\x04\xd5\x12\x0al7\x01rH\xd1E\x00\
\xc2\xa3u\xd4\x07\xdc\x12d\xec\xb1\x08<\x1e\x81\x9d!\
\xd8\x1c\x14-\xa2V\xe67\xa1b\xb0\xea\xa9\x94\x9d\xf9\
'\x10;\xf0E\xac+\xbfR;\xa3\xc0O\xa11\x7f\
\x7f\xdf\x00#\xfb\x0f\x11jB\x93\x0e\x8f\xd9\x8c \xe6\
r&eq\xbb\xba_\xc3\xe5\xfeM\xddn\x16\xffc\
\x98&\xe7\xcf\x9e\xb2\xb7\xe4\xbe\x89\x14\xe8\xb43\xff\xae\
\xfc\xf6U \x01>\x1b7me\xe7\x88f!\x1a\x95\
\xc6\xe1<4[\x0a\xf6A\x8a\xfez\x9f\xf6\x7f=\x80\
\xa7Pt\xe0\xf2\xa5\xf3\xfa\xa9J\xae\xdd\xd3S\x92\xe1\
\x19\xc0A\x03(\xad\x11\xb8\xf8T\x8b6g7\x01\x0c\
\xa4\xdcu\x0a\xa0'nH\xc1\x8cZ(\xec\x85a\x1f\
\xf5w\x09\xd2\xc9\xe1Vr&\x1cK\x12\xb3\xba\xf9n\
!\x89#v7\x9f\x0e\xf6\xfd\x01\xf0>u\xc0\xaa\xd5\
k\x199\xf88\xe1.\xb5\xf2\xe7\xa7\x81\xe3\xb0+\xdd\
K\xf5\xfb,\x15\x0e\xee\x8ei6\xb9\x15P\xfa\xb5\x9d\
\x8e1L\x83\x8b\xf9\x95_S\xfb/\x00\xff\x172\x7f\
\xec\xcc\xff\xc3\xe4\x81`\x8f\xc7\xc3\xfe\x83O\xb0m\xc7\
n|\xde\x0aS\xd5,\xfcS\xf2]m\x1d\x18\x1c$\
\x14*\xe0\x06\xab\x80\x95\xc8\xfb\x0e\x22\xda^P\xfb\x04\
\x90\xc6\xa1\x00\xdc\xbbS\xd0\x1c\x1c\xa9w`\xc0^\xd6\
M\x17\x00o\x09\x0d@\x91\xdd\x15hI\x0cZ\xb4f\
!@\xc9\xf4[0\x9d\xaa\xf7\x9c\x07\xfe\x1f\xc4tq\
b\xfe\x83\x88'\xa0\x10\xc4\xbfj\xedz6nq\xf4\
D\xd6:\xa2\xa6\xd0b=\xe1z\x84L:\x95\xe2\x95\
\x97^\xb4\xaf\xfc\x17\x80\xff\x8a\x15}\xf7#\xe9\xe5\xbf\
N\xbe\xce\x84\xd7\xebe\xcf\xfe\xc7X\xb6\xbc\xb6\x90\xea\
J\xc3\x5c\xb2t\x99\xfe\xf5\x00\xe2\xf2\x8b\xda\xfe\xaa\xc0\
\xb3\x82\x9b;\x9b\xcd\x91Jh\x85Gm\x17\x09\x85\xc2\
\xf8|\x16\xf37\x82\xeb\x02!U\x06\xddb\xaa\xc7\x04\
\xb0\x0b\x81b\xb7\xa0b\x9a\xef\xe2\xd2d\x8e\xbe\xaf\xc4\
\x89Y\xcb\x96\xff\x16\xf0\xdd\x942\xbf\xb2\xf7\x9fA\xca\
I\x87A\x22\xbc\xb6\xef\x1aa\xe3\xa6\xad\xb4\x07{\xef\
\x8c\x95\xbeY\x99\x81\x99\xcc\x02\xaf~\xf5Ef\x8a\x8d\
4\x01\xfe\x1aA\xf5/Rt\xb3\xfa\x11\xf7\xd9O\xe5\
\xbf\xe3\xf5z\x19\xd9w\x88\x15+WYOZ\x06C\
sK\x03\x83\x96\xd0\xdd\xbdH\x90Y\x0f\xe2\xe8W\x7f\
\xdf\x89\xcc\x93\xff\xa8v4\x8c,\xe3\x13\x0f*\x9e{\
p\xa8$,\xd8k\xfbT\xf0\x04,\x1e\xd5\xda\x93\xd7\
I\x038]\xf8\xb5^\x01\xd0\x8c\x88>E\x0f\xb2\x0c\
\x9eH\xda\x91\xfeO#\xae>U\xc0C\x0f0\x09!\
\x15d\xbeG\xed\xec\xf3\xf9\xd89r\x80\xde\xde\xbe\xc6\
\xc6R\x01\x08lmf`\xad^\x85r\xfb\xd77\xc8\
\xb1\x07\xf79s\xe6\x84=\xe4\xf6\x93H\x90\x8c\xfd\xf9\
\x7f'\xf01\xb5S\xb4\xbb\x9b\x03\x07\x9f\xa0\xbb\xa7\xaf\
0\xd9\xf4$\xc2F\x1e[l\x89\xc5\x9f\xff,2'\
\xba\x81\xe7\x80\xe7\xd1\x8a\xb8\xe8d\x18\x06\xa3wn\xb3\
r\xd5\x9a\xb2\x15\x9c\x07\x87\x87\xb9?zW}}\x0c\
\xf8\x12\xa5@`\xc7\xc5\x034\xe2\x05PB\xe0\x94\xda\
ap*\xc7\xa4\xf3\xb1\xad\xa7\x9c\x09WK\xaa\xf5N\
#\x92\xfc\xab8W\xef\x09!e\xbb\xbeC\x1d\x10\x08\
\x85\xd8\xb3g?\xd1<\xb0S\x0d1w\xfe\xbdq\xee\
v\x87\xea\xbbg\xf4\xca\x99\x81\xb5Ry\x811z\xef\
\x1e\xc7\x8f\xbeb\xff\xe1\xa7\x81\x7f\xa4\xf4\xf9\x7f/\x92\
\x0c\x06H+\xf4\x83\x8f?C\xd4\x9ag\xefL\x06y\
\xecH\x0f\x00\xaa0DS\x1a{\x0e\x0c\x0c\xaa\xf6\xde\
Adn\xac-w\x89PW\x17+W\xacf\xe9\x8a\
\x95\xf4\xf7\xd9\xed|\xeb\x05\x96.[\xc9\x85\xb3\x85\xb5\
p\x0f\xa5\x99\x81\x1d\x89\x03\xd4\xaa\x01@)\x188\x9b\
\xff\xeb\xf5e\xcd\xc5\xf3k\x9eZ v\xd7b\xef?\
@\xd4\xcac\x14Ku\x9bX\xab\xf7\xfc\x1b$\xc4\x14\
\x10\xa4x\xf3\xb6\x9d\x04\xab4\x88\x14\x92\x1bU\x11C\
\xee\xa9\xf8\x80*E\x04Z\x85\x8a\xf5\xa1:\x1d\xd7\x09\
q\x02\xa3\xf7\xeep\xf2\xd8\x11\xfd\xa7I$\xa9\xeaE\
J;\x22[\x98\x7f\xd9\xd2\x15l\xdb=B\xb8\xcb\xee\
e\xa9eB9K\x01\xb5\xd5\xeb\xf5\x12\xed\xeeQ\x02\
\x00l\xcc\xef\xf1x\x88F{X\xbfq\x13\x03C\xc3\
D\xbb{\xe8\x0a\x87\xb1\xf7\x0fp\x1aQo\x9fE[\
\x5c\x87s\x1c@\x99\xd4\xe0\xc5\x0b\x06\xa8\xc7\x04pr\
\x07\xdeD\x15\x09\x8d\xe7\xa0\xbb\xce\xf8\xfcz(\x07\xbc\
\x9e\xb6\x87\xf5^@\xc0<U\xc0\xc3\x0e\xf6\xedG\xd0\
\xe6\x8d\xea\x80\xd8\x92\xe5l\xdf\xb5\xbb\xe4\xf4\xb53x\
\xe9\xf1\x9d\x14\xbd\xe7\x86j\x15&\xa6ir\xf5\xca%\
\xde\xb8|\x01\xd3, \x04w\x80\xefG\x5c\xae\x0a\x8c\
\xf1\x22j\xf6\xbfCK\xa6Z\xb1j5#{\x0f\xc9\
\xb9\x1a\x1d<\xe5\xd9\xc9\xe3\xf1\xd0m3\xeb\xbc^/\
\x03\x83C\xac\xdf\xb8\x85\xde\x9e^\x22=\xdd\x04\x02\xf6\
\x05\xc0\xe1\x8c\xb6M\x81@\x80P(D:\x9d\x06\x01\
\x14\x07q\xdd,\xa4A\xdb\xa6\x01\xaa\xd7\x04\xb0k\x01\
\xb7)\x08\x00S\xcb\xd2n1\xcd\x18\x04N\xa5\xe9\x9f\
\xb3`\x0f\xbf\x8f\x94\x88J\xe3\x5c\xa7\x7f\x0f\x12\x00T\
p\x0c/[\xbe\x92M[\xb7\xd3\x12\xaa\xe9\xc5\xd6j\
\xbb\x97R32\x03\xdd\x90:\xc60\x0c\xa7T\xde[\
\xc83\x1e\xc7*|w\x22\xcc\xbfE\xed\xb8|\xd5j\
v\x8d\x1cp<\xb7[\xf3\xaa\x96G\xbcl\xf9J\xae\
^\xbe\xc4\x8a\x95+Y\xb1j\x0d\xd1\x9e^\x22\x91\x08\
^\xafW\xce\xd1\x00\x13\xf6\xf5\x0f\xf1\xe0~\x01\x07\xd8\
\x86\x08\xc1\x8e\x0e\x09n\x86\x09\x90C\xc2*\x9f\x01`\
\xce\x90\xc4\xdd\x9a\xcfZ#\x108\x91c\xf0h\xca\x1e\
J\xfc\x9b\x08\xda\xaf\x98_=YU\xa7\xff=h\xa5\
\xbb|>\x1f\xeb7la\xc5jk\xe9.;\xb5*\
r\xae\x9e\xe4\x9fR\xaa\x0e\xe0\xb523\xd0\x81\xf9/\
#]z\xceQ\x9aP\xf5CH\x18.\x00\x1b7m\
e\xfd\xe6\xad\x0e\xc0Z\x19\x93\xc7\x11\x08\xac\x8dy\xfa\
\xfa\xfby\xe7{\xdfOWW\x97\xc6\xf0\x95=tn\
\xcf\xde?0\xa0\x0b\x80-\x88\xe9\xe3.$x\x91\xa8\
\x9e8\x00'-\xa0\xd06\x9cd\x1b\xee\xedA\x09\xf3\
\xa7\x10@\xe7\xb3\xf9\xff;u\xe4\xfd6dU\xea\x06\
\x890\xdb\xb1k\x84\x95\xab\xd6T\xb8\x90;\xaf\xbb\xb3\
\xdcj\xec9\xd4\x13-\xd8\x8e\x8e\xc2\x8aR\xa9$'\
\x8e\xbdfg\xfe?Fl{{\x05\x9f\xfd\x88`\xde\
\x0c\xa2v\xef\x1e\xd9\xcf\xe6\xad;\xf0{\x1b0\x17\xed\
\x833\x0b\xffh\xdf\xed\xbfCW\x09\xce\xe0|x\xd9\
\xf3\x146Y\x7f\xe8\xb5\x96\x08{7e\x0a\x84vR\
D`\xbd\x1a\x80\xdd\x13P\xc8\xb5$i\xb4\xce\xf0\xcd\
\x01o,0|\xd5\x12\xd97\x85\xc4\xec\x9f\xa0<\xd2\
\xff\xcf\xd0\x9attuE\xd8\xbc}\x17}V\xe0\xa6\
\x0ej\x1c\x08\xac\xf7\x98\xc5\xc4\x16\x92\xc98\xaf\xbd\xf4\
e\xd2iK\xb9\xee?\x02>C\xa9\xf0}\x9a|S\
\x17E\xdb\xab\x0a^;5\xa2\x22[\x81\xc0z\xce\x95\
\xc9d\x88\xcf\xcfc\x98&\x83CCe\xf7\x8bD\xc5\
\x94\xc8W\x14\xde\x8a\x04\x149\xe1\x00\x1d\xa3\x01\xd4#\
\x00\xa0T\x08\x8c\xaa\x1f\xc2I\x83Tm%q\x5c^\
\xd1#\x05;\xad\x05<F\x11\xa4\xff8\xe5\x91\xfe\x8f\
\x03\x1fU\x07\xf4\xf7\x0d\xb0}\xcf^\xfcZ\xa9n\x8f\
\xe9\xc1\xac\xb0|\xb6\x17\x08l\x1c\x07\xa8\x87\xdc\x22\xfe\
\x89\xb9Y\x8e\xbc\xf6U;\xf3\x7f\x0e\xf8mJS\xa9\
\x9fBc~\xbf? \xd5\x92W\xafux&r\xdf\
\x9d\xd0|\xd44\x0d\x16R\x0b\xcc\xc7\xe7\xb8{\xfb\x16\
wn\xbdI2\x99 \xda\xdd\xcd\xfb>\xf8\x11mG\
,\xaf*\x1a\x11\x00Q{6=\x88'\xc4\x1d\x0e`\
z\xda\x0e\x054C\x030\x90J:\x00D\x93\x06\xa9\
z\xe3U\xcb\xe1\x00\x09\x13\xce\xa6\xec}\xf9. \xad\
\xb9\xca!\xfd{\xb05\xe9\x18\x1c\x1cf\xc7\x9e\x11<\
\x9e\xe2\xd4k\xcbJZ\x81\xa7\x1f\xa6R\xe17o^\
\xe7\xe2\xb9\xd3z\xb9n\x10o\xcak\x94\xa6R\x7f7\
Z|E8\xdc\xc5\xa1\xc7\x9f\x22\x12\xedq\x5c\xfe\xec\
c\xae\x06\x04\x9ax\xaa\xb9\xfd\xab>V\x93\xe2\xf37\
\x0c\x83\xc4\xfc<\xa9d\x9c7\xde\xb8\xc2\xc4\xd8\x18\x99\
L\xda\xb2\x7f|~\xbe\xe2\xf9B]]\xf8\x03~\xd2\
\xc5\xc3zp\x8e\x07\xe8\x18-\xa0\x117\xa0\xee\x0aL\
\x22B`\x85\xd7 \x9f\x14\xd4\xa4Y=m0x\xb8\
$\xb2\xefw(\x16\xf0p\xaa\xd3\xdf\x8d\xc4\xfcoP\
\x07,[\xb1\x8a\x0d\x9b6[\x98\xdf\x1d\xc9T\xaco\
er\xf7\x1c\x1a\x17B\xee\x81\xc0\xca\x01A\xe5\xb7\xbf\
\xf9\xe6u\xce\x9f9i\xff\xe1G\x80W\xb1\xba\xf9\x02\
Hd\xa5\xc6\xfca\x0e=\xf9\x0c\x91|2\x95\xbbg\
Y\x19\x08\xb4\xfeP\xdf|\xcb\xa4\x17H\xa5\x92LO\
Mr\xed\xda\x15f\xa7\xa7\xaa6\x04\x99\x99\x9a\xa2/\
_\xf5\xd9~U\x9f\xcf\xc7\xe0pL\x17\x14\xcf \xa0\
h\xc7\xa6\x067b\x02\xd8=\x01\x97\x01\xc9\xdc\x981\
\xa0\xab\x09\xeb\xea\xb8\xc1\xe0\xb1\xa4\x1d\xe9\xffoH\xad\
\xfer\xd5{\x9eE\xea\xf6-\x03\x01\xfb\xb6l\xd9\xce\
\x92\x15\xe5\x92J\x1ae\xbf\xbc\x8di\x96\xc4\x8b\xb8:\
\xae\x12\x95z\x09\x16\xc7<p`\xfe\xabH\x05\x9fS\
\x14W~ev}\x0c\xc1\x5c\x00\x89\x90\xdb\xb2}\x87\
\x96I\xa9S\xab\xd4~\xed99\xaa\x06&\x17\xcf\x9f\
\xe3\xe6\x9b\xd7\xaaU\x08\xbe\x83\xdcc\x04x\x07\xc0\xad\
\x9b7\x0a\x02\xc0\xe9\x02+V\xae\xe6\xd6\x8d\xeb\xea\xeb\
\xbb\x10\xf3\xc815\xb8\x13\x02\x82\x1a\xc5\x00t-\xe0\
\x0c\xf9\x87\xc4\x94\x91g\xbf\x06\xe8\xcd,\x83\x17\xd3:\
\xf3\xc7\x91\x15\xe7\x08V\xb0O1\x7f\x08x?\x12v\
Z\xa0m\xdbw2\xbc\xb4\xf2`d\x11i-\x0e\xd0\
\x0aj\xb5\xf9\x92\xcdf\xb9t\xe1\x0c\xb7\xdf\xbc\xa1o\
>\x83\xd4\xe8\xb3\xf7F\xdc\x8e\xad?\xdf\xd2e+\x18\
\xd9w\x00\x05\xc25F.\x99\xc3q7;\x10\x08\xb7\
n\x5c#\x99pd\xfe+\x88I\xf3W\xc8\x9c\x0b\x02\
O\x90\x9f\xdb\xb33\xd3\x18\x86\x81\xb7Lz\xf2\xaa\xd5\
k9\x5c\xfc\xaaz\x05\xb8L\x0dn\x7f@P#\x18\
\x80\xce\xfc\x06\xe2\xfa\x11\x9a\xc9\x22\xcf\xad\x0e2L8\
\x9b&v\xcbb\xefO H\xff\xeb\x14\x99\x1f\xac\x09\
=\x1fF\xeb\xd0\x13\x0a\x85X\xbfi\x1b\xb1\xd8\x92\x8e\
0\xb6\xda\x0d\x046\x12\xdc\x03\x12\xddw\xea\xf8a\xc6\
\xc7,Ypg\x81\x1f\xa04\x95z\x1b6\xe6_\xb2\
t9;\xf6\xec\xb3\x8c\xd7\x1e\xf3\xd0\x18\x10\xd8\x18\xa7\
\xf4\xf4\xf6\xe9\x1d\x87\xaf!\xf9\xff\x7f\x87\x94\xa7W\xf7\
\xe7E\xe6V\xc1\xd7\x99H$\xc8\xe5rE\x01\xe00\
\x8c\x9e\xde~\xe6f\xa7\xd5WU#\xd0\x85\x10h\xbf\
\x06\xd0\xa8\xee\xab\x9b\x00'\xd5\x0f\xb1\xc9z\xb3\x02\x81\
\xd7\x17\xec\xcc\x7f\x0d)\xd5}\x02kSNeov\
!``\x81\xf9#\x91({\x0f>\xc1pL\x82\xfd\
\x9a\x95h\xd8\xd0y*\x1c\xdb\x9c\xf1\x95;Iq{\
\xb9\xebX\xb7\x9b\x18F\x8e\xe3G^\xb13\xff_ \
\xa1\xbdiJS\xa9\x0b\xcc\xef\xf1xX\xbbn#\xbb\
G\x0e\x94i\xa8QY\xcbr\xfan\xadlT\xfeL\
\xd5\xbe\xebd\xf3\xd9{)2\x7f\x1cq\xdd\xe9\x9fK\
j\xc7\xb9\xd9i\xa6\xa7,e\xccK\xc8Vw`\x1f\
\x0e\xed\xc2\xe8\x10\x85\xb2^\x01\xe0\x84\x01\xe4\x906\xdf\
B\xb5\xba\x02\xe2\x06\x1c-)\xe0\xf1\xc7Ho\x00\xd5\
\x91\xd7\x8e\xf4w!\xc5%\x9eW\x07tw\xf72r\
\xe01\x02\x81f\xf6\x84o}@P\xa5+\xd4\xebT\
\xa9|>\xe7q\xcd\xcdNs\xf8\xe5\xaf0>na\
\xfe\xcf I=z\xaf\x04?\xa2\x1a\xff\x1eZ\x5c\xff\
\xd6\xad;\xd9\xbcu{Y\x15Y\x91;\xa1Wf\xa7\
\x06\x9e\xb3\xdaux\xc9R}\x8c\xeb(V\xbaNa\
\xad\x18\x9cD\x84\xc0E\x10\xcd\xe8\xec\xe9\x93\x15\xaf:\
00\xa8\x7f\xddJ-\xc5A\xdaL5\x0b\x80\xb1\x0f\
\xf4\x94\xf3\x04d\xd1k\x03\xbcYC\xab\x90\xe9,\x83\
/'\xecM9\x7f\x1b\x01\x9a\x928W\xefY\x8f\xd4\
\x91\x7fR\x1d\xb0v\xdd\x06\xf6\xec?X\xb1\x95\x933\
\xc9\x9c\xf6\xd4\x8dD\x99\xdaYj?\xae\x12\x952\x8a\
u\x83\xd35\xeb\xd5(fg\xa6x\xed\x95\x97\x98)\
\xaa\xaf !\xbd\x9f\xa7\xb4\x88\xca!$\xc7\xbf\xd0<\
o\xdb\xb6]\xac^\xb7\xbel\xce\xbc3\x99\x0d\x8d\x19\
\xa8=\x22\x10\xe8\xef\xeb'\x18\xb44\x15\x09#s8\
\xe3\xf0\xc9\xa2\xf5\x84\x98\x9a\x18w\xba`\xf1\xdcV\x01\
\xb0\x8b\x9a4\x80\xf6\x1a\xac\xcd4\x01\xb2\x88\x9a(\xe4\
\xa6<\x98\x09<\xc82\xf4Z\xca\xee\xe6\xfb\x14\xe2\xe6\
s\x0a\xeb\x0d!\xfd\xe1>\x87\xa8W\x00\xac\xdd\xb0\x99\
\xd5\xeb6T]y\xca\x91\x1b\xe6mt%\xae\xed\xf8\
\xf6N\x84\xb1\x07\xf79~\xf45\xbb\x8f\xff\x1c\x92U\
\xa9w\xe9\x09 \xee\xadO\xaa\x9d\x02\xa1\x10;w\x8d\
\xb0j\xedz\xcb=\x16\xc3\x99\x8b\xf7\xe2\xf6\x194?\
\xbc\xda\xb4\x9c!\x18\x0e\xe1\xf3[\x16\x0a\xa7\x0c\x16}\
\xa1\xbbJ^\x0b\x00\x98\x18\xb7\x0b\x81\x22\x05\x02AB\
\xa1\x82pY\x8b\xf4\x0c,\xd1\x00\xca\x86\x04\xb7\xf1\xd5\
7b\x028i\x00\x85\xa7\x12J\x1b\x90\xadr'\xe7\
\xd2\xc4\x8e%\xa5\xaf\x80P\x1c)\x19\xf59\x9c\x99?\
\x88\x94l\xfa/H\xca%\x00\x1b7mcu\x99&\
\x1dF3V\x98fQ\x93\xc7\xd0\xac\xd8\xff\xabo\x5c\
\xe2\xf5\xa3\xaf\x92)F\xb0\xa4\x80\x7f\x8d\xc4\xf5_\xc2\
\xca\xfc\xefCr*|\x00\xfe@\x90\x83\x87\x9e`\xf9\
\xca\xea\xa1\xbdN\xe3-\xb5\xfb\x1b{H\xb5\xe0\x00K\
\x96Z\x5c\xc3\x1fB\xe6\x98\xfe\x09h\xff\xf7\xa1a\x01\
\xd7\xae\x5c,\x1ei\xbbH \x14 \x14\xb6\xb8=\x97\
\xf2\x16\xc3\x00\x14\xe9Z@\x16\xad\x90b0cJ\x0b\
.'\xca\x99\xd2\x9a\xeb\xa6\xa5\x17\xfb=\xa4@\x87\xb2\
\xf7\x9dV\xfe\xf7!\xcc\x0fHt\xd9\xc8\xbeC,_\
e\xaf\x1d\xd7\x0aRfBk\xce\xde\xeeR\xe1j\xfb\
\x1b\x97/\xf2\xc6\xe5\x0b\xfa\xc6\xfbHY\xee\xd7)\xcd\
\xab\xf8\xa7H\x80\x95\x1f\xa4\x82\xcf\xbe\xc7\x9e \x1a\xed\
\xa9p\xed\xf2\xe3\xa9\xa5\xfe\xa03\x10h6$.6\
m\xb6T\x00\xdb\x89\x98\x01a\x8a\xdd\xa8\xd5'\x94\xff\
\xbc\xa6v\x9e\x9d\x9e.\x1b4\xe4\xf7\x07\x88D,\x02\
`\x19e\x12\x83\x16\x9b\xea\x8d\x03\x00g\x13\xa0\xd0\xe2\
5\xb4`2\x971\xe5Q\xea\x945\xe1TI\x01\x8f\
?G\x02|\xa6)\xdf\xa4\xe3\x87\x81oT\x07\x04\xc3\
av\xed\xd9O8\xd2x\x9d\xfef\x92s@Pc\
\xee\x9dV\xf4\x0c\xcc\x99&\xd7\xdf\xb8\xc4\xd57.\xe9\
\x9b\xcf#AT\xd3X\xbd-A\xe0\x1b\x10\x8d\x00\x90\
\xda};w\xed\xa3\xbb\xbb\xb7\xcc\x15\x9a\xe5\xd2*s\
\x9e\x0a\xfe~\xb7\xa7\x8dt[J\x8f-C\xb2\x16O\
 \xc2.KQ\xf0E\x815h\xd5\xa2\x172i\xd2\
\xc9\x14]\xd1H\xc9U=\x1e\x0f\x11kY3]\x03\
\xd0\x99\x7f\xd1C\x82\xeb\x12\x00c\x1f\xe81c\x7f=\
\xe7d\x02$\x91@\x91\xdd\x1e\x13ae\x9d\xa6\xb3D\
_O\xdb\xfb\xf2}\x1e\xa9\xc6\xabT~\xbd\x1d\xb7b\
\xfe\x9f\x06>\xa0\x0e\x08G\x22\x8c\xec=H0\x10l\
\xe2\xd3s\xe79/\x1f\x10T\xef\x84\xaf\xe78\xeb1\
\xb5\xfa\xfcs\x99\x0c'\x8e\x1ff\xda\xda\x95\xf7<b\
\xd7OQZ\xc4\xe3\xe3h9\x15C\xc31v\xef\xd9\
\x87\xcf\x1f,\x19~}\xb9\x0d\xb5\xf8\xff\xcb\x90\xfd!\
\x98\xb6\xc1\x94\x11\x18k\xd7m\xe0\xcd\x1b\xd7\xd4\x86\xef\
C\xda\xc0\xa9n\xc1k\x10S\xa8\xa4Xh2\x99d\
rr\x9c\x95\xd15\x85s\xe9\x17\x18\x1a\x8e\xe9]\x90\
vSd|\xfd\xb3\xe8\xd4\x88\x06\x00\xa5\x02 \x03\x1c\
FnX\xda\x85\x0d\xe7\x81\x96\xc9l\xb9\x02\x1e\x9f\xa5\
\xb4z\x8f\x92\xbc\xfb\x10\xff~\xa1\x82\xcc\xb2\xe5\xabX\
\xbfq\x13~_\xa3Cw\xa6j\x99\x81\xed\xa5\xea\xdc\
T+\xd3d3\x19\x8e\x1c~\x99\xf9\xb9\x19}\xf3\x97\
\x81\x9f\xc49\xa9\xca\xc2\xfc}\x03\x83\xec\xde{\xb0b\
\xa3\x0e\x9d\x17\x8b\xdaK\xf1^\xdc\x0a\xac\xe6\x17\x5c\x95\
c\xf53\xac\xdb\xb8\x85[\xb7oaH\x97\xe25\xc0\
\x08b\xealt>\x87\xa8\xf8\xd1H\x14O\x85\x8c\xd7\
nk\x9c\xc1\xba\xfc_\xf7\xeaI\x9b2\x03\x1b5\x01\
\xec\x02`\x01\xd1\x00\x84f\xf3\xfc<\x9ae\xe8d\x12\
oq\xe1\x9fG&\xdc\x97\xf3\xc7\xa9\x98~(\xc6\x94\
?\x81\xb8^\x8a\xed\x5cV\xafe\xed\x86MuD\xb8\
\x99x\xdb\x92\x94\xe3b,f\xf9L\xe9Vg\x06\xa6\
\xd2iN\x1f?lg\xfe_\x06\xfe'E\xe6\xf7P\
\xac\xa0\xf4\x9fQ\xcc\xef\xf5\xb2v\xcd:\xd6o\xd8\x82\
\xa7\xc0\xfc2\xe0F\xb3\x0fK3\x01\xdd\xbd/}\x0c\
\x95\xb6Tz\xac\xdd\xdd\xdd\xf4D\xa2\xba\xeb\xf3'K\
\xc6\xec\xf1\x10\x8eD\x88tEX\xb9j-\xcbW\xad\
\xa2\xab+b\xf58\xd9.28hq\x05\xda\xeb\xcd\
u\xc4\xea\x0f\xcd\xd1\x00\x94\x10P6S\xa1QH`\
\xce s>E\xec\x86\xc5\xde\x9fA\xd4\xaa\xd7)b\
\x08P\x9cx*\xf6\xfaW\xd4\xf8\xbc^/\xeb7n\
ai\xbeKL\xb5\x09\x97\xcbe\x99\x9d\x99!>7\
\x8ba\x18\xac^\xb7\x01<\xcdH:i}f`9\
r\x8f\x038_gl\xfc>gO\x9e \x93\xb1\xd8\
e?\x0f\xfc\x0d\xa5\x80\xebA\xa4v_\xc1\xb5\xb2y\
\xf36V\xafYG\xe5\xb8\xfeZ\xee\xd1\xbd\xdaoO\
\x0dv\xd4\xf6]^\xd5N\xfe@\x80`8$\xb5\xad\
u\xf2z\xe9\xeb\xee%\xd2\xdd\xcd\x9a\xf5\x1bX\xbal\
y\xa1\xfb\x8f`<\xd5\xaf\xe8\x0f\x04\xc9\x16\x9f\xf7R\
J\xaf\xb2\xe8T\xbb\x00\xf8t>\xd6g\xedz\xb0j\
\x00\x1ed\x22\x9dFn\xb4\xb7\x7f.\x07\xd6\x82\x9d\xd7\
\x100\xef\x0cE\xf0C\x81#~$\xa2\xec'P&\
\x04\xe0\xf7\x07\xd9\xb9{/\xdd\xbd\xf6\x06\x8c\xd6\x09d\
\x18\x06\xc9x\x9c\xf9\xf99\xee\xdcz\xb3\x10\xe7\x1d\xed\
\xeee\xe5\x9a\xb5\xf8|n\xd6\xa8\xc5\xcf\x0ct?\x02\
\xf7\xe6\xc1\xf8\xd8\x03N\xbf~\xd4\xee\xe3\xff$\xd2\xa9\
\xc7\x9eQ\xf9\x18\xe2i)\x84Rn*0\x7f\xad\xd4\
\xf9@ \x1e\x18\x8a-a\xec\xc1}\x02\x81\x10\xdd\xdd\
Q\x06\x86b\xacZ\xb3\x96\x81\xc1!\xbc\x1eO\xe9\xcb\
t\xb8D\xa9q\x01\xcbW\xae\xd43\x03\xf7\x22\x19\xb3\
j\xd1\x14\xfa\xd9\x82caQ\xa8\x19\x86\xb4.\x04\x14\
}\x1c\x99`:D\xfcy\xa4z\x8fR\x07\x14\xe3\xfb\
(\x82}\xa5\xcc?\xb2\x8f\xee\xee\xf2e\x86\xd3\xe9\x05\
\xa6\xa7'\xb9w\xf7\xb6\x9e\x80Q\xa0\x85t\x8al&\
K\xc0\xe7>4\xb8\xd5\x15\x82ZA\xe5\x04\xc7\xad7\
\xafs\xf9\xc2Y\xbd1\xe78\xb2\xf2\x1f\xc1Z8U\
a.\xbf\x90\xff?~\x7f\x80-\xdbw\xb2d\xe9r\
\xcb9\xed\xa6J\xb5\xef\xee\xa8\x16 \xb0\xcc\x05\xea\x04\
\x02W\xaf\xdd\x80\x995X\xbba#]\xd1H\x1d5\
#\x9cip`X\x17\x00O#e\xd3:\x05`\x02\
\x1a\x10\x00co^7cE-@\x09\x01\xf5\xfd\x8f\
\x81?E\xa4\xde\x13H'\xde\xb3\x14\xd1O\xb5\xe2\xab\
\x18\xe9\x10\xa2r\x16\x98\xbf\xbb\xa7\x8f\xad\xdbv\x96u\
\xf3\x8dO\x8c3z\xe76\xf3\xf3\xf3%\x95[\xf2\x14\
\x07\xa2\x99\xcc\x02\xd3\x93\x93\x84V\xact\xb5\xb26\x06\
P\xb9\xa3\xda*\xa6\xd5\x0f\x04^\xb8p\x86;\xc5\xbe\
\xf5 n\xda\x9f\xa1\xd4\xc7\xefG\x8aX\xfe(y\xcc\
\xc5\x1f\x08\xb2w\xdf\xa1\x92:\xfan\xa9\xb5@`#\
T\xbaVG\x22\x11\xb6\xed\xdeCy\xcd\xde\xa5D\xb3\
\xed\xb6b\xe5*N\xbd~T}\xddO\xd1\xbd\xdd1\
B\xa0\x99\x1a\x80\xfa\xbf\xfa\xeeE\xba\xf2\x9c\xa0\xc8\xf4\
j\xc5W\x82\xc0\x87\x94\xee\xfa\x04\x1aP\x12[\xb2\x9c\
M[\xb7Y@\x16\xd34\x99\x99\x9e\xe2\xc1\xe8]\x92\
\x89$\xf3\xf3e\xcd\xa9\xcb\x08\xb8\xe8'\xdfsnr\
r\x8c\xa5+V\xd0\xb0\xab\xa9\x0d\xd4\x1c \xd0\xe4\xc2\
\xb9\xd3\xdc\xbe\xf5\xa6\xbe\xf1\x22\xa2\x95\x9d\xa74\xa3\xf2\
\x9b\x11\x5c\x06\x90\xca6#{\x0f\xd0\xdd\xeb\xe4\xe3\xb7\
\x03\x7f\xed\x05\x02\x9dq\x80\xc6\x80\xc0\x8a\x07\xd6\xb8c\
&\x93!\x1e\x8f3\xf6`\x94\xb1\xd1Q\xfd\xa7\xa3\x14\
\x93\xe6:F\x084K\x00@Q3VOF}\xd7\
\x99]1?\xc8\xfb;\x80\x80}\x85\xd6\xaaK\x96\xae\
`\xf3\xb6\xd2&\x1d\x89\xf9\xb8S=:Ew\x11\x8d\
\xe3o\xf2\xe7\x0f\x22=\xe0?\x0607?\xd7\xc8\xfd\
\xd9\xc8\xddT\xaf\xdd\x85U}ut\x03\x04\xa6\x17\xd2\
\x5c\xbep\x8e\xd1{w\xf4\xcd\xca\xc7\x7f\x01k\x9cE\
\x10i\x8dV`\xfeH$\xca\xb6\x1d{\xe8)\xb8\xb1\
j\x95H\xad\x05\x02\xcb]\xae\x19r\xd3\xed9\xf4\xfd\
\xb2\xd9,\xf1\xb99\xa6\xa7\xa7\xb8{\xfb&\xb33\xd3\
\xc4\xe3\x8e\xb5\x03\x7f\x87\x22\xdeb\xf0V\x10\x00y3\
@1=X\x9f\x8d\xfe\xd7k\xdb\xe6El\xa2_$\
\xcf\xfc\x1e\x8f\x875k\xd7\xb3bu\x01x\xb6\x90\xc7\
\xe7\xc5\xe3\xf1a\x85\x1a\xb8\x04\xfc*2\xc1\xf5\x84\x95\
 \xf0&b\xef\x0e/\xa4R<\x18\x1de\xd92\xab\
-\xebL\xcd\x01\x02\xdb\x83\x13X\xa7l*\x9d\xe2\xe8\
\xe1\x97I%\x12\xfaN\x7f\x81\xb8S\xed>\xfe\x00\xf0\
\x7f\x03\xffD\xed\xd870\xc8\xae={\xf1\xfb-Y\
r\xae\xa8\xbc\xe6R;k6\xe4\xff7\xa8\xadF`\
\x15 \xd1\x0e#d\xb3\x19\x92\xf1\x04\x93\xe3c\x8c\x8f\
?\xe0\xc1\xfd{,,,T\xab%\xf8\x0bH|L\
\x96\xa2\x06\xd0\x11\xd4\xb0\x06PA\x08\xa8\xef:\xd3\xab\
\xef^\xc4\x16\x15\xe6\xf7\xf9\xd8\xb1s\x8f=\x8d\xd2B\
\xa1P\x08\x7f\xd0O6[p\xab\xfc\x04\x82+\xcc!\
Q\x84i\x8a\xdc\xab\xbc\x12\x7f\x82$\x17q\xe7\xf6\x0d\
\x96,Y\x82\xd7e#\x8a\x87\xadTx:\x91\xe0\xf5\
\xe3\x87\xed\xcc\xffy$\x97_\x85W\xeb\xae\xd6\x9fG\
\x840 \xcc?\xb2\xef`Y\x00\xcc>\xdej\xa6J\
#@`S\xf7u\x04\x02\xed8@\xf9s\x19F\x8e\
\xd9\xa9)\xa6\xa6\xa6\x18\x1b\xbb\xcf\xcc\xd4d\xb9\x15^\
\xa7\x07\xc0?\x00/#\xdd\x81\xc6)\x0a`]\x03X\
tA\xd0\x94p\xba\xb17\xaf[n$\x0f\x0e\xea\xa4\
\x0b\x03/\xb0\x04\xc9\xe7'\x10\x08\xb2e\xfb\xce\x8a\xcc\
\x0fb\x97\x0e\xf4\x0fq\xaf8\xc1\x1fC\xaa\x10\xe99\
\xdcj\x9ez\xf3\xdb\x8f\x90\x17\x00\xd9L\x96L6K\
(\xe8kI9\xad\x9a\xa9Y\x1e2`nn\x86S\
'\x8f\xd9\x99\xff\x13\xc8\xe4SE<\x14\xf3oG\xbc\
4\x85\x22\x1ebvm\xab\x8c~\xbb\x18o\xa9\x1d\xdf\
(\x10X\x8bg\xa09T\xc0\x9a\xee\xdfg~v\x86\
\x89\xf11\x12\x89\xb8\x0e\xa4\x96\xa3\xf3HN\xcbk\xc0\
u\xe4\xb9\xeb\x1f\xb5\xfaw\x0c\xf3C\x93\x04\x80\x9dt\
\x81`\x13\x06J\x00\x14j&\x05C\xc1\xaa\xcc_8\
\xd7\x92\xa5\xdc\xbb{K}\xdd\xaa\xfdd\xe2\xfcP\x0b\
Ha&\xb3\xc0\xfc\xfc\x1c\xa1\xc1\xda\xd5\xdbRj$\
 \xa8:\xd5\x92\xfcs\xef\xdem.\x9c=eWA\
\x7f\x06\xf8G\x9c\x03|>\x8e\x84\xbc\x02RGa\xfd\
\xba\x8d5\xdeG\xdd\x10[\x81\xdc\x01\x81\xce\xdf\xebm\
\x1a\xea4\xca\x5c6K<\x99`\xfc\xfe(\xf7\x1f\xdc\
'\x1d\x8f\xdb\x0b\xa2\x94\xa3\xb3\x88yu\x14\xc9\xa0L\
RZDD\xfd_E\xcav\x14\xf3C\x8b\x04@\x05\
R\x02\xa0\x00O'\xad\xabVE\xb2\xa1\xd2\xdb\x90\x0e\
\xbf\x09\xe4>\x94tUq\x05~\xe4A_\x07\xd6\x1b\
\x86\xc1\xe4\xe48C\x83\xc3\xb4\x9e\xf2*\xa6Y\x1aC\
\xe2\x16\x08,G\xbap\x18\xbd{\x9bs\xd6r\xddY\
$\xd6\xe2E\xac>~U\xbe\xeb?\xa0\xf5n^\xb7\
~#\xab\xd7\xaes4g\xaccw\x1eW\xf9\x15\xbc\
5@\xa0\xfd\xbc\x85\xeb\xd7\x00\x04\xe62Yf\xe6\xa6\
\x99\x9d\x9dcb\xfc>S\xe3\xe3$RI\xa8\xd2\x0f\
\x00Y\xe1\xff\x08\x89t\xbdE\x91\xc9\xf5O\xce\xe1\xff\
j^*\xdb\xbf \x04\xec\x9a\xf3bP;\x05\x80\x0e\
\x0a\x16\x9e\xb6i\x9a\xcc\xcf\xcfW\x0c\xf6)\x9c\xc0\xe3\
a8\xb6D/Vy\x08\x91\xbej.(\x01\x10\xa2\
\x98\xc7\xfd\x87H~;s\xd33.\x87j`\xe0m\
y\xa9\xf0zM\x0d\xc30\xb8|\xf1\x9c\xdd\xcdw\x8d\
b\xa7${\x97\x9e\xdd\xf9\xdf\x0a\x01>\x9b\xb7\xed \
\xb6\xa4\x5c\x1b\xe7&\xda'5\x9f\xaf\x09j\xbf\x06\x04\
f3Y\xe6\xe3\xb3\xccN\xcf0\x96g\xf8d\xb2\xea\
\xa23\x0f\xfc\x1f\x84\xe9O\x22\xfd\x01TAZ\x9d\xb1\
\xcb}\x0c\xac\xf6\xbe\xbe\xf2\xbf\xed5\x00\x0b\x99\xa6I\
*\x19w%\x00\x00\xfa\x07\x86t\x01\xf0\xf5\xc8j\xe7\
E$\xb2\x07Y\xe1^@&\xfd\x0e4\x17\xe3\xfc\xfc\
,\x0b\xd9,A\x7f\xf5\xdbn9\x06P3\x15\x99\xe8\
\xfc\xe9\x93z\x1bj\x90Z\xf6\xdfCq\x92\x9a\x14}\
\xfc\x1fBR\x5c\x03 \x98\xcb\xce\xdd{\xe9\xed\xef\xaf\
y\x04\xf6\x00\xa6Z#\x02\x1b\x89qp\xad\xf6\x9b\x06\
\xd33\xd3\xcc\xcd\xcd29\xf6\x80\xf1\x891\xd2\xc9\xa4\
\x1b\x1b\xfe\x02\xf0\x07\x88\xc6x\x19\xe7\x15\xdd\x0d\xa3+\
fwb\xfa\xc2 :a\xf5\x87\xf6\x0b\x00=f\xe0\
\x0c\xf9\xc8\xbf\xf9\xf9y\x86c\xe5V#+\xf5\xf6\xf6\
\xe3\xf7\x07\xc8J\xfa\xe6\x0a$\x90\xc8\x83\x04\xb3l\xa9\
t,H\xe1\xcb\xe1\xa1X\xd5\xeb,6\x10\xe8\xc4,\
\xd9\x5c\x8e\x0bgO\xf2\xe0\xfe=}\xf3\x17\x10w\xaa\
\xaa\x9alRt\xf3}\x1d\x92{\x01\x90o\xcb}\xc0\
!\xaf\xa2\x1c\x83\xd5N\xee\xec\xf8\xf2@`\xe9s\xaf\
,5\x8c\x5c\x8ed2\xce\xe8\xfdQ\xe2\xf1y&\x1e\
\xdc'\x99LTc\xf8\xfb\x08@|\x12\xa9\xd9\x7f\x1f\
\xf1$\xb9ax;\xd3\x9b\x0e\x7fu\x8fX\xc71\xbd\
N\xed\x14\x00\xf6\x87\xf2{\xe4\xcb{\xa5\xf2(\xab\x9b\
j\xb2]\xd1\x08K\x96-\xd7\xfb\xd2\x7f\xa2\xd2\xfe\xa1\
P\x98\xc1\xa1\x18\xfd\x83\x83\x84Ca\xba\xa2R\xa9\xa5\
]\x99\x81\xcd\xcaiO$\xe3\x9c9\xf9\xba=\x95\xf7\
w\x91z\x0a\xf6\xaa\xc9\x01\xe0#\x08\xe0\x07@wO\
/\x9b\xb7l'\xda\xd3\xed\xe0\xe2t#\xee\x9c!5\
{D`-TO\x00P\xce4H\xcc\xcd295\
\xc9\xd8\xfd\xfb\xc4\xe3\xf3$\xe2snV\xf8sH\xda\
\xf31$p\xcc\xed\x0a_7\xc3\x7f\xc3\xb7~\x87\xf9\
\x99\xff\xfc\x1f\xaa\x8dkQ\xa9]\x02\xc0I\x15\xb2\x00\
\x81\xa6a\xe0qY\xce\xbb\xaf\x7f@\x17\x00\x05\xf2x\
<\xf8|~z{\xfbX\xb2d\x19\xa1h\x94\xae\xae\
.K+p\xf7\xa4\x18\xbc\xde\x02!E\x06\xa9\x8d-\
JW\xc7\xf9\xf99^?q\x84\x85TIK\xee\xcf\
\xe2\x5c\xc4\xe3cH\x83N@\xf2*\xf6\xec+\xd7\xa8\
\x83\xc2\xb5*\x03\x81\xb5Rs\xec\xfel6K:\x95\
drb\x9c\xa9\xa9\x09f&'I\xa5\x92U\x9bx\
\x22\xf6\xfb\x17\x90\x00\x9c{\x14\x85d\xcb\x18\xfe\xa3\xdf\
\xf2\xed&\xea\xae\xeb\x7fpm\xa5\xc50\x01\xd4\x83\xbc\
\x86\x04\xf1\xf4$\x12q\x0c\xd3t\xadr\xf7\xe6\x13T\
<\x1e\x0f\x81P\x88P \xc4\xc0\xe0\x10\xc3\xb1\xa5\xf8\
\x83\x01\x82\xc1:\xdb\x92\xd5A\xad\x06\x02\xe3\x89yN\
\x1c?\xacW\xec\x05\x89,\xfb+\xac\x8d:|\x08\xe6\
\xf1\xef\xd1|\xfc==}\xec\xda\xbb\xaf\x8e^\x09\xf5\
\x19\xec\x8dF\x04\x1aF\x8e\xb9\xb9Y\xe2ss\x8c\x8d\
\x8d13=\xa9\xb7\xf0\xaaD\xe7\x81\xbfD\x12\x9d\xae\
S4\x89Z\xc6\xf0_\xff\xcd\xff\xd4tb\xf6\xbc\x0f\
\xc8\xd5\xfd.6\xb5[\x03\xd0\x1fx\x0e\x89\x90\xea\x01\
H\xa7\xd3\xaeWj\x7f \xc0\xba\xf5\x1b\xe9\x8av\xd3\
\xd7\xd7\x8f\xdf\xe7\xb3\x04\xb1T[\xaf;\xa9BP\xd9\
yb\x9a<\xb8\x7f\x8fK\xe7\xcf\xe9\xd1\x8f&\xd2 \
\xf5e\xac\x15|T\xc9t\x0b\xf3\x0f\x0d\xc7\xd8\xbcu\
\x07~\x7f\xf3\xba$U\x03\x02\xedT\x1e\x08\xcckH\
F\x8e\xf9\xf9y&\xc6\xc7H&\xe2\x8c=\xb8O:\
\x9dr\xa3\xd2_B\xb2N\xcfS\x0c\xbc\xd1\x11z'\
\xa6o\x98\xe1\xab\x0d\xeaa\xa3\x96\x0b\x00[\xa8\xb0]\
\x08\x9c&\x1f\x1185\xfe\x80h\xb4$\x82\xb0,\xad\
\xd4\x0aT\xe8s\xac\x16\xbb\xbeY\xc0W+\x02\x82n\
\xdd\xbc\xc1\x95\xcb\xe7\xed\x9b\x7f\x08\x894\xb3\x07\xf8\xec\
B\xec\xfdB\xf1\xca5k\xd7\xb3f\xfdF\xbc\x94V\
\xf0\x11/Y\xa9iS\xfb}8s\x7f%`\xcf0\
\x0c\xe2\x899f\xa6\xa7\x98\x18\x1b'>?\xeb&\xb4\
v\x1cx\x15\x01\xec\xce\x00\xa3H\xfcG%\x867\x1c\
\xfe\xd6\xc4\xf0\x1f\xf9\xa6\x7fR|\x1c\x15c\x22\x1c\xb6\
=\x1c\x0a@\xdbA@}\xf5\xcf\x22\xd1j\x1f\x06\x98\
\x99\x9d\xa1\xb1\xea\xfe\xe5\xed\xc8\xd6Q\xf33\x03s\x86\
\xc1\xad7\xafs\xcdZ\xae\xfbM\xa4\x07\xe2Q\x8a\x11\
e*\x8f\x7f7\xd2\xa8c\x89\xday\xe5\x9au\xacY\
_\xb6\xa6e\x99q\xd7\x03\x04\xda\x8f,\xfd=\x9bG\
\xe9g\xa6'\x99\x9e\x9cbvf\xaa\x16\x1b\xfe\xffC\
\xee\xf9MJ\x19\xbd\x1e\x86\xd7\xff\x0f%\x0c\xffm\xe6\
C\xc1\xb5M\xa4\xc5\x00\x01u!pB\xed`+Q\
\xddtZXX`~n\x86\xc9\x89\x09\x96.]N\
\x9f\xb5jk\x19j\xd4\x08\xa8\x0d\x084L\x93\xd3'\
\x8e055\xa9o>\x8e\xac\xfc)\xac\x01>~\xc4\
\x05\xfa\xb3HD$\x1e\x8f\xa7P8\xb5\x1ej\x06\x10\
\x98\xcd\xe5H\xa5\x12\xccLO29>\xce\xec\xdc\x8c\
=G\xc1\x89f\x90\xe4\x997\x909q\x03\xab\x0d\xef\
\x96\xe1u\x0d\xb3*\xc3\x7f\xf8\x1b\xbf\xad\x08\xda\x95\xa1\
j\x0b\xf9C\xb2\xd0\x97\xa5\xc5\xd0\x00t\x13 \x81\xc4\
T\xef\x02\x98\x9e\x9e\xa4\xbf\xdf]^\x80\xab\x0b\xe6r\
\xcc'\x12<\xb8\x7f\x97\xb1\xfb\xf7\x0b\x05\x1a\xa3\x91n\
\x97\x02@\xa8\x1d\x99\x81\xb9l\x863\xa7N0me\
\xfeW\x90*=N\x01>\xefE2\x22\x83 \xcc\xbf\
c\xf7\x08\x03M\x0du\xae\xae\xe2\x1b\xa6\xc9\xdc\xf44\
\xc9T\x9c\x89\xb1q\xa6g&YH\xd5l\xc3_\xa5\
\xb9+<X\x17\x1d\x00>\xfc\x0d\xdfj\xe6!z\xd7\
O\xa0\x84j\xb2\x00:\x1f2h\xb7\x00P\x1f\xdd\x0c\
8F^\x00\x8c\xde\xb9\xdd\x14\x01\x90L$\x18\x1d\xbd\
\xcb\xcc\xe4\xa4c\xe5\xa0\x99\x99I\x96\xaeX\x81\xdf\xdb\
\x19\x99\x81\x99\x854\xe7\xce\x9c\xb4kA\xbf\x8a\xa43\
\xabL2\xc5\xfc>\xe0k\x11\xe6\x07$\xc0g\xc7\xce\
\x11\xfa\x07\x87\x1c\xcf_.\xf1\xc6\xe9\xb6\xab>\x0f\xc3\
 \x11\x9fgnz\x8a\xb9\xf8,SSS$\xab\xdb\
\xf0 \x82\xfe\xcf\x10\x86\xbfCsl\xf8\x8a+\xfc\xd7\
}\xc3\xb7\x16\xfe\xdf\xf0*\xfd\xb0/\xf5e\xa8-\x02\
\xc0\x06\x04\xda=\x01/\x01\xdf\x05\x90N\xa5\xc9\xe5r\
u\xb8\xac`!\x9b\xe5\xde\xed[LOO\x11\x9f\x9f\
-W9\x08\x90*\xb9K\x97O5)1\xc8]@\
\x903\x99\xccNOs\xe6\xd4q{\xb9\xee_E\x12\
O\xec+\xbf\x07\xf8 \x1a\xf3G\x22Q\xb6l\xdbI\
OO\xaf\xe3zS[\x8d}\x87\x11\x9a&\xf1\xf99\
fg\xa6\x99\x9e\x9a$>?\xe7\x06\xb4\x03a\xf4?\
C\x80\xde\x9bX\xb3\xe2\xeaE\xe9+3\xfcG\xbfE\
\xfe\xdf2F\xd5/\xebR\x0d\xe8pZ\x0c\x0d@\x7f\
\xc9\x96~\x82\x99\xcc\x02\xb9l\xd6\xb5\x00\xc8f2L\
\x8e\x8f3==\xc1\xcc\xec\x8c=PF\xa7\xcb\xc0\xef\
#\xc9C\x1f\x02\x98\x1c\x1fs)\x00\x9a\x83\x038\xd9\
\xd2\xb3\xd3S\x9c>yBw\xf3\x81\x94H\xfb<V\
\xe6\xf7 +\xffw#U|\x00\xe8\xee\xeee\xe7\xc8\
\xbe\xba\x03\x9d<\xa6\xb7$\x220\x933\xc8d\xd2L\
ML23=\xc9\xcc\xec4\x0b\xa94\xa6Y\x11\xb4\
\x9bA\xbc\x13\xa7\x10\xb4\xfe\x1e\xf5\xd9\xf051\xfc\x87\
>\xfa\xcdu\x82vVfmtq\x7f\x98\x95\x83\xc5\
\x0c\x04R/\xfe\x1e\xe2\xd6Y\x96N\xa7\xc8f2\x04\
C\xeer\xf6\xdf\xbcq\x8d\xd1\xbb\xb7\xcb\xfd|\x1d\xe9\
9x\x81b\x99\xb0\x0cy\x010\xeb.\xe7\x1b(\xef\
6\xb3\xefS\xcb$\x98\x9e\x9e\xe2\xf4\x89#:\x1a\x1e\
G\xc2\x9a\xbfB\x91\xf9uW\xdfO!\xe1\xbd\x80\xf4\
;\xd8\xbek\xa4N\xe6\xd7\xc6m\x18\xa4\x12\x09\xe6\xe3\
\xf3\x8c?\x18%>?O*\xe5*y\xe6,\x12\x8c\
\xf4:b\xc3\xdb\x83n\x9a\xce\xf0_\xfb\xf5\xdf\xec\xa0\
d5\xd1\x05g\xe2\x18\xd8\xd0\xc8\xe9:\x9d:A\x00\
\xe4\x10\xf4w\x19@*\x9d$\xe223\xd0\x1f(\x19\
\xfe\x04\xf0\x1b\x08r>A\xd1_\xeeC\xd2\x83\x0b\xbe\
\xb5D<N2\x95\xa2+\x1c\xb6\x9f\xa3\xe5t\xfd\xda\
\x1b\xdc\xbc~U_U\xe3H\x10\xcf\xab\x94\xf6I\xf4\
#-\xb9?\xa2v\x1e\x1a\x8e\xb1i\xeb\xf6\x92\x00\x1f\
W\xb1\xf5\x86A2\x9e`zz\x92\xf8\xfc<\xd33\
\x93d\xd2i7n\xb9\x8b\x08&q\x11ax=\x1f\
\xbe5\x0c\xff\xe1o\x92\xff{A\xb1`\xc3\xabm\x83\
'(##\x1eZ5\xa0m\x02@\xc3\x01\xd4\x0bW\
\x93\x22\x8b\xa8\x8e\xcf\x00LLL0\xe8\x22[\x0f \
\xd2\xd5\x8d\xc7\xe3\xd1W\xab\x7f\x87t\xb7\x9dC@\xa6\
\x85\xfc\xb5\xfc\x14u\xf9\xcb\xc0\x16\xd34\x99\x9c\x18c\
\xe5\xca\xd5m\x0d\x08\xbaq\xf52o^\xbf\xaao\x9a\
\x03~\x00q\x7f\xd9;$\xef\x06~\x0eiX\x09\xc0\
\x8aUkX\xb7a\x93C\xe2\x94\xf3\x0c4M\x93\xb9\
\xf9y\xe6fg\x98\x9d\x9dan~\x86d\xdcuh\
\xed\x9f!\x19s\xaa\xe2M\xad\x0c_\x93[\xee\x83\x1f\
\xfe\xc6\xfc\xff=Nw\xe2x\x7fn\xa9)\xfc\xf90\
,\xe95R\xa7h\x00\x87\x91\xd6\xcc\xc4gg\xca\x1e\
l\xa7\x81\xc1A\xbc^\xaf\x0e\xf8\x0d \x93U\xd5a\
SUqLD\x0b\xc8 \xab\xec\x16\x90*\xba\xcd\xa1\
\xea8A6\x9b\xe1\x8dK\x17\xecy\xfc\x17\x91\xe2\x9c\
\x8a\xf9U8\xab\x890\xfd\xef\xe5\xef\x09\x80\xe5+V\
\xb3~\xe3\xe6\xaa\xa3\x99\x9f\x9fgnz\x9ax\x5c\xc0\
;\x17\xe9\xb1 \xda\xd1_\x22\xb6\xfc-\x8a\xde\x87\x96\
1\xfc\xfb\xbf\xee\x1b\xcd\x86<,6\xaen\x9e\xf2^\
\xc7\xc5[~\xbd\xd6P\xbb\x05\x80\x22\xbb\x10(4R\
w\x890\x03\x92\x1308\xb4\x84\xb1\x07\x85\xfc\xf8w\
#6\xbfY\xe6\x03\xc2t\x00\xcc\xcd\xcc\xb8\xf4:(\
\xa4\xbf\xbe\xcc\xc0L&\xcd\xeb\xc7\x8f\xd8\xdde\xe7\x80\
\xefD4\x15\xc5\xfc\xca\xee\x7f\x02\x89\xfc\x1b\x80|\x80\
\xcf\xda\xf5\x8e\xfd\xf9r\xb9\x1c\x0b\xa94\xb3\xb33L\
O\x8e\x93J\xa5*5MQ4\x8b\x04\xde\x5c@\x84\
\x8f\x0a\xadm\x16\xc3C\xe9s\xe7\x03\x1f\xfa\x06\x13\x9a\
\xa3m5N\x95\x80\xc0\xdaE\xc9\xc3\xc7\xfaB\x8b!\
\x00\xf4UA\x8f\x07\xb8\x8d4\xf3 \x95H\x96m\x09\
f\xa7\xe5\xabV\xeb\x02\xe0k\x81Oc\xad\x09\xa8L\
\x80@\xfeo!\x0dy~n\x86d2\xe9\xaa\x1a\x91\
\x1b_\x80\x13\x10\x98]Hs\xe6\xe4\x09'\xe6\xffY\
\xa4\xf4\x94*i\xae\x18\x0e\xa4|\xd7f\x10\xe6\xdf9\
r\x80\xbe\xbe>\xb9\x86a\x90H$H\xcd\xcf35\
=\xc5\xd4\xe4\x04\xb9\x5c\xc6\xad\x0d\xff\xa7\x08\xd3\xbf\x81\
s-\xbb\xa62\xfc\xd7|\xe8\xa3&P\x97\x1b\xb2\x12\
C\xb9b\xcf\x86\x80\xc0:wy\x08\xa5@[\x05@\
\x1e\x07\xb0\x9b\x01j\x82\x9d&/\x00f\xa6\xa7\x5c\x0b\
\x80\x9e\x9e\x1ez\xfb\x06\x98\x9d\x99R\x9b\xf6!&\x85\
b|\xf57\x0ct!\xde\x80\x9b\xc0\x1a\xc30\x98\x9a\
\x1c\xa7\xbb\xbb\xbb%9\x04\xf3s\xb3\x5c<w\xda\xae\
\xd5|\x02Q\xb5\x13\x88]\xad@?\xa5\xfa\xf7\x93o\
\x93\xe6\xf5\x07\xd8\xb2u\x1b\xa1`\x90\xfb\xf7\xee2;\
3\xc3\xcc\xec\x14\xe9d\xd2\xcd\xe5u\x94\xfe&\xc5P\
\xe2\x961\xfc\xfb\xbf\xf6\xa3\x16\xf5H}i8\x98\xaa\
p\x82\xea\x1c\xe6Jp4\x83Q\x1fBfw\xa2N\
1\x01r\x08r\xff\x01\x80\xe9\xe9\x89|/?w\xd4\
\xdf\xdf\xaf\x0b\x80\xefDVX?\xc2X>\xa47\xfb\
\xd3\xc0\xbb\x00K\xa0\xfc\x83\xfb\xf7X\xb5z\xad\xabj\
D\x95\xc9\x1a\x1049\xfe\x80sgNc\x18Y}\
\xa7\x9fE\x12\x5c\xec\xcc\xafT\x7f\x80I\x04\x80\xdba\
d3\x5c<w\xc6\xed\x00. \xa0\xdded\xb5\xaf\
%\xb4V\xfd\xbf\xb6\x15\xfe\x83_oS\xe9\xcbq\x85\
\xcb\xedM\xe5\xd0\xd6\xd0g?\xf9s\x8b=\x84\xa6\xd2\
b\x99\x00\xfa\xe4R\x13\xf2\x9c\xdaa\xbe\x06\x1c\x00 \
\xd2\xdd\xa3\x7f\xdd\x8c0\xf9 \xf0\x0dT\xa9\x13\x18\x8f\
\xcf37;Ko^\xc5n\x06MM\x8cs\xe6\xd4\
\x09}S\x06)\xc9\xfd\x05\x8a6\x7f\x1a\xab\xdd\xaf\x18\
\xcb\x03\xfc \xf0)\xac\xbd\x0f\xect\x92b\xc5\x9b\x07\
\x14;#\xe9\xcf\xb4\xa9\x0c\xff\xde\x0f~$\xaf\xd2\xab\
aZ\xa9\x9e\x95\xbe\xf5\xa1\xd6-\xb4\x05\xde\x02\xb4X\
\x1a\x00\x94\x9a\x00\x05\xf8?\x97\xc9\xb1\x90N\xbb\x0e\x08\
\xea\xed\xe9#\x18\x0e\xeb\x91\x80\xffo\xb9}=\x1e\x0f\
\x91H\x94\xbe\xc1A\x86\x06\x87\x09\x06CD\x22Q\x97\
\xc3\xad>U\xef\xdd\xb9\xc5\x95+\x96T\xdeQ\xa4,\
\xf9Q\xac\xcc\xafV~\xc5\x94\x8a\xbcH\xc1\x8f'\x80\
\xef\x05\x9eD\xb2\xfe\x8e \x08\xfdq\xa4\xa6\x9d\x9a\xa1\
N\x02\xd5)\xa4\xd6\xfe\xa9\xca\xf0\xef\xfb\xc0\x87M;\
4V\x0b\x953\xab\x9ajn5\xc4\xa7e\xa0\xbf2\
\xe7|\x0bz\x01\x17\xd5\x04\xb0\x9b\x01\x85e\xdf0\xb2\
d\x16\x16\x5c\x0b\x80@(H(\x18v\x0c\x05\xf6x\
<\x84Baz\xfb\xfa\x19\x1c\x1e\xa6;\xdaK0\x1c\
\xb2\xb4\x1ew\xf2:\x97\xa3J\x9e\x80K\xe7\xcfp\x7f\
\xd4\xd2\x95\xf7>\xd2|S\xf9\xd1\xcb1\xbf\xbe\xfa+\
\x86L\x03\xbf\x8e\x80\x9a\xaa\xb3\xb2\xca\x07P\x1f(}\
\x96v&\xb73\xbc\x93g\xc4\x04x\xef\xfb?\xec\x0a\
\xa5\xb7\x8b\xc2\x86\xba\xfbV\xa0\x96\x02\x81o\x8f\x05\xbe\
*\xb5]\x008\x00\x81JE\x9dC\xd0\xe9M\xb9\x5c\
\x8ed*A\xb4\xa7\xa7\xc2\x99\xac\xd4\xd7\xd7\xc7\xdc\xec\
4\x1e\x8f\x87`8L$\x1c\xa1\xaf\x7f\x90\x81\xe1a\
\xc2\xe1p\x95\x82\x98\xf5\x95\x083\x0c\x83\xd9\xd9Y\xe9\
!\xf7\xe0\xbe\xbd\xa5\xd4e\xc4\xe6\xbfG\xd1\xde\xd7\xfb\
\xc4\xe9\x8c\xeat)E\xeaY\xe5(\xcf\xfc\xfa\xf3\xd4\
\xffVd\xf8w\xbf\xff\xeb*\xaa\xf4vjo\xb1\x15\
\x1b\xd5\x00\x04V\xa2G|o\xa5\xc54\x01\xecB \
\x8b\xd8\xb4?\x040\xfe\xe0\x81\xeb^\x01\x00\xcbW\xae\
\xc6\xc0dhp\x98hO/\x01\x9f\xdcZ\xb3K\x84\
%\x93Iff'\x89\xcf\xcd1>\xf6\xa0\x5c\xfd\xba\
\xd3\xc0wP\xba\xea;\xad\xfc\xe54K\x9d\x99\xed\x8c\
\xafHg\xe8r*}a\xbf\xf7|\xcd\x87\xf2\xdf=\
\x96\x83\x8b\xbb\xc8v\xf5\x1c\x84\xe7\x1a\x04\xf6j\xdd\xde\
\x04 \xd0\x95v\xf0\x88\x80\xce2\x01r\xc0\x17\xc9\x0b\
\x80\x89\xf1\x07e\x0fv\xa2`(\xc4\xfa\x0dz\x94\x9c\
\xbc\xf4FW-\xc30\x98\x9f\x9de~n\x8e\xc9\xa9\
qf\xa6\xa6\xed\xc8\xbe\x9dN\x02?\x8d\x984j\xd5\
\xd7\x9bDVb~\x9dau\x86\xd7\xff\x9ae\xf6/\
\xf9\xfb\xee\xf7}\xa8\xa0\xd2;\xa9\xdf\xadX\xd1\xdd\x9a\
\x07\xfa\xf6\x86\x81\xc0V\xe0\x00\x8d\x9f\xf8\xa1\xa0N\xd2\
\x00rH\xf1\xc7B\x85\xa0\xd9\xe9)z\xfb\x07\xca\x9e\
\xa0U\x94N\xa6\x98\x99\x9dbfz\x9a\x99\xa9I7\
\xd9qg\x81\xdfF\x04\x98\x8a\xea\xd3\x19__\xf5\x0b\
\xcc\xff\x8ew\xbf\xbfp\xd2\x17\xff\xfeot\xb5\x1e\x87\
\xff\x97\xa3\xc2>/\xbc\xefk\xcb\x86\xd6\xb6\x1emo\
\x0dYX\xb0\xeaM\xd4\x88\x03\xd4x\xaa\xb7\x22-\xb6\
\x00\xd0\xed`\x15\xa4r\x9c\xbc\x00\x98i\x92\x00pS\
\xe5fnn\x9e\xe9\xa9qf\xa6\xa6\x98\x9b\x9f'\x97\
\xcbT:\xe5\x15\xe0\xaf\xf3c=G1\x89Ggz\
\x9d\xf1\xed\xab\xbe\x85\xf9\x01\xe4{q\x90^\x0f\xe6\x97\
\xbe\xf8\xd7\x8e\xa3~\xd7{?h\x13\x0cN*\xbd\xf6\
k\xb5\xfb\xc7\xbdp\xb0\x9a\x07\xee\xafQ\xebu\xdcP\
\xc3<\xfa6a\xf2J\xb4(\x02\xc0\xa1B\x90\x1e\x12\
|\x0c\x09\xe6ab|\x8c\xd5\xeb6\xd4u\x0d}\xb2\
9M\xcct*\xc5\xcct~\x95\x9f\x9drS\xb8\xf2\
\x1cR\xa8\xe3e$\x96\xde\xa9\x0f\xbc=\xd2\xce\xeeo\
7\x01\x9e\x7f\xd7\xfb\xdd\xac\xec\xbc\xf0\x9e\x0fh\xfb5\
s\xa6V\xb7\xc7\xad\x0c\xddz\x1c\xc0\xc0S\x14\x0eU\
q\x80\xea\x9c\xfb\xc8\x01\xe0\x8e\x16[\x03p\x02\x02_\
W;\xb8h\xe3\xec\xe2\x12\x82\x03d\x8d\x1c\xf1x\x9c\
\xa9\xc9q\xa6&&H&\x12\xd5V\xf9k\xc0\x9f#\
\xc92\xd7(\xae\xeeY\x87\x8f.\xc0\xec\xfew\x0b\x02\
\xaf\x98\xbf\xf6\x9e\x81\xc5\xdf\xca\xad\xa4\x1e\x13\x8c2\xf6\
~9jEM\xc4E17\xaar\xf5#[\xc0\x89\
\x16S\x00@)\x10\x98A\xd4i\xf9\xd14I\xc6\x13\
tE#u\x9d<\x9dN335\xcd\xe4\xd4\x04s\
\xb3S\xa4\xca\x97\x0cSt\x0e\xf8\xef\x88M?Cq\
u\xaf\x14V[.\xe0\xc6\xeez\xe3\xf9w}\x8d\xa9\
&\x94S\xe2P\xf3\xc9:y;\x0d\x07XT\xb7\xa2\
\x85\xca@\x7fom\xde\x07\x16_\x00@\xa9\x06`)\
\x90\x97L\xc5]\x0b\x80l&C*\x99bjr\x8c\
\xc9\xc9IR\xc9\xa4\xbd\xde\x9e\x9d\xae#Un^\xa7\
\xd8^\xca\xce\xf0\xd5b\xe8+\xf9\xde\x01\xc5\xf8\xb5Q\
m\xccZ}\xa6>\xcc\x88\x7fm\xea|\x13\x81\xc0\xb7\
\x01-\x9a\x00\xd0\x02\x82t\x0d \x8b\xf8\xceO\x03{\
L\xd3$>7W\xb1BP*\x99dnv\x96\xa9\
\xc91\xa6\xa6\xa6\x0a\xb5\xff+\xd09\xe03H\xc2\xcd\
4\xd5K[\xb9)kU\xc2\xf4\xcf\xbd\xf05fC\
\xf9Em\x9e\xb4\xf5\x00\x81\x8bB\x9d\x98\x19\xf8\x10S\
'j\x00\x19\xe0w\x80_\x04\x0a\xd5lT\xb6^6\
\x93!\x9dJ1>\xf1\x80\xe9\xc9I\x92\x89x\xc5\x12\
\xe0H*\xec\x1f!\x95\x80\xeeR\xcc\xbdw\x9b\x1a[\
\x89\xe9\xc1\xc2\xf4\xef\xb5\xac\xf4\xadb\x94zl\xfdR\
r\x0f\x04>\xac\x01A\x8f\xa8:-\xb6\x00p\x02\x01\
\x17\xb0e\x06\xc6\xe7\xe6H$\xe2LOM0=5\
M&\x93v>\x9b\xd0-\x84\xd9\xbf\x82\x84\xe3NP\
\x0a\xde9e\xcb\xd5\xa2\xd6\x9bP\xca\xf0\xb5\xdd\xb6s\
\xa9\xf0F\xf1\xebR\xe1\xd0\x19\xe6\x81\x9bk\xb7> \
\xc8\xfd\xb3}\xbb\x88\x1d\x8f=\xc0eI\x9dn\xb7z\
\xaf\x8f\xbcs\xd5\xe82\x80\x14\xec\x08\x22B\xa0\xdf\xe5\
y\xde\x00\xfe\x17\xd2d\xe4.\xce\x0c\xdf\x94U\xde\xf6\
\xffG\xf4\x88\x1e*zp\xe3\x9a\xe5\xfbbk\x00P\
\xaa\x05(\xdf\xdc\x8f\x22u\xf1\x9cruo#\xcc\xfe\
\x22R\xfcb\x0ew\xae9\xb7\xab\xfc#\x86\x7fDo\
\x0bZl\x01\xa0\xaf\xb0\x8aI\x15\xfd\x19\x82\xce\x7f\x0c\
x\x0c\xf1\xc5\x9f@\x1af>\xc0*8T$a5\
\xf0\xee\xd1*\xff\x88\x1e\x91F\x8b-\x00\x14\xe9\xcc\xac\
o\xbb\x02\xfc$\xc5\x5cx\xbb\x89h\xf7\x22\xb8\xf1\xc9\
?Z\xe5\x1f\xd1#\xcaS\xa7\x0a\x00;c\xdb\x0ba\
\xd85\x07}\xffG\xab\xfc#zD.\xa9\x13\x04\x80\
\x02\x5c\x15C\x1a\xdaw\x05\x0c\x97\xcb\x85w\xf3\xd1\xf7\
\x7fD\x8f\xe8\x11i\xd4\x09\x02@\x91bX{\x1e\xbc\
n\x16T\xca\x87\x7f\xb4\xca?\xa2GT#u\x8a\x00\
P\x8c\xaa\x18\x5c\xff\xee\xe6\xb8r\xdf\x1f\xd1#zD\
\x15\xa8$\x0e\xe0\x11=\xa2G\xf4\xf6\xa1NJ\x0e{\
D\x8f\xe8\x11\xb5\x99\xfe\x7f\xea|\xb546w\xcc\xa0\
\x00\x00\x00\x00IEND\xaeB`\x82\
"

qt_resource_name = b"\
\x00\x05\
\x00S\xba\xf1\
\x00M\
\x00e\x00d\x00i\x00a\
\x00\x08\
\x05\xe2Y'\
\x00l\
\x00o\x00g\x00o\x00.\x00p\x00n\x00g\
\x00\x08\
\x0aaZ\xa7\
\x00i\
\x00c\x00o\x00n\x00.\x00p\x00n\x00g\
"

qt_resource_struct = b"\
\x00\x00\x00\x00\x00\x02\x00\x00\x00\x01\x00\x00\x00\x01\
\x00\x00\x00\x00\x00\x00\x00\x00\
\x00\x00\x00\x00\x00\x02\x00\x00\x00\x02\x00\x00\x00\x02\
\x00\x00\x00\x00\x00\x00\x00\x00\
\x00\x00\x00\x10\x00\x00\x00\x00\x00\x01\x00\x00\x00\x00\
\x00\x00\x01\x9f\x8e\xee\x0e\xd5\
\x00\x00\x00&\x00\x00\x00\x00\x00\x01\x00\x00\xee,\
\x00\x00\x01\x9f\x9a\xe9%r\
"

def qInitResources():
    QtCore.qRegisterResourceData(0x03, qt_resource_struct, qt_resource_name, qt_resource_data)

def qCleanupResources():
    QtCore.qUnregisterResourceData(0x03, qt_resource_struct, qt_resource_name, qt_resource_data)

qInitResources()
